0,1,2,3,predictions,confidence,pred_1,pred_1_confidence,pred_2,pred_2_confidence,pred_3,pred_3_confidence
Leading,JJ,B-NP,O,O,0.6854589581489563,O,0.6854589581489563,B-MISC,0.07214000821113586,I-MISC,0.06447597593069077
scorers,NNS,I-NP,O,O,0.9999905824661255,O,0.9999905824661255,I-MISC,5.0207372623845e-06,I-ORG,3.6043027193954913e-06
:,:,O,O,O,0.9992198944091797,O,0.9992198944091797,I-MISC,0.0005421921378001571,I-ORG,0.0001544079277664423
