0,1,2,3,predictions,confidence,pred_1,pred_1_confidence,pred_2,pred_2_confidence,pred_3,pred_3_confidence
Group,NNP,B-NP,O,O,0.2640273869037628,B-PER,0.2640273869037628,B-MISC,0.23266078531742096,O,0.15534576773643494
D,NNP,I-NP,O,O,0.9727038741111755,O,0.9727038741111755,B-MISC,0.012868965044617653,I-MISC,0.007871277630329132
In,IN,B-PP,O,O,0.993220329284668,O,0.993220329284668,I-MISC,0.0027858486864715815,B-MISC,0.0023366801906377077
Belgrade,NNP,B-NP,B-LOC,B-MISC,0.4076046049594879,B-MISC,0.4076046049594879,I-MISC,0.2234790325164795,O,0.16456174850463867
:,:,O,O,O,0.9973711967468262,O,0.9973711967468262,I-MISC,0.0018707005074247718,I-ORG,0.0005417291540652514
