0,1,2,3,predictions,confidence,pred_1,pred_1_confidence,pred_2,pred_2_confidence,pred_3,pred_3_confidence
Partizan,NNP,B-NP,B-ORG,B-ORG,0.6113051772117615,B-ORG,0.6113051772117615,B-MISC,0.14718163013458252,I-ORG,0.12543687224388123
-,:,O,O,O,0.9979448914527893,O,0.9979448914527893,I-ORG,0.0013845388311892748,I-MISC,0.00048112153308466077
Dejan,NNP,B-NP,B-PER,B-ORG,0.63901686668396,B-ORG,0.63901686668396,I-ORG,0.11711656302213669,B-PER,0.0920104905962944
Koturovic,NNP,I-NP,I-PER,I-ORG,0.734673023223877,B-ORG,0.734673023223877,I-ORG,0.16386927664279938,O,0.03390846401453018
21,CD,I-NP,O,O,0.9999943971633911,O,0.9999943971633911,I-ORG,3.555756848072633e-06,I-MISC,1.7911656868818682e-06
