0,1,2,3,predictions,confidence,pred_1,pred_1_confidence,pred_2,pred_2_confidence,pred_3,pred_3_confidence
Kinder,NN,B-NP,O,O,0.4947441518306732,O,0.4947441518306732,B-ORG,0.15162238478660583,B-PER,0.10498382151126862
-,:,O,O,O,0.9993026256561279,O,0.9993026256561279,I-MISC,0.00035343089257366955,I-ORG,0.0002786098630167544
Zoran,NNP,B-NP,B-PER,B-PER,0.5435124635696411,B-PER,0.5435124635696411,B-MISC,0.11361145973205566,I-PER,0.10259782522916794
Savic,NNP,I-NP,I-PER,I-PER,0.573928713798523,B-PER,0.573928713798523,B-MISC,0.11727418750524521,I-PER,0.0896763801574707
18,CD,I-NP,O,O,0.9999246597290039,O,0.9999246597290039,I-MISC,4.432671994436532e-05,I-ORG,1.6407504517701454e-05
