0,1,2,3,predictions,confidence,pred_1,pred_1_confidence,pred_2,pred_2_confidence,pred_3,pred_3_confidence
Final,JJ,B-NP,O,O,0.971100389957428,O,0.971100389957428,B-ORG,0.009451697580516338,B-MISC,0.00732630118727684
:,:,O,O,O,0.9996224641799927,O,0.9996224641799927,I-MISC,0.00021754902263637632,I-ORG,0.00012744330160785466
Nicol,VB,B-NP,B-PER,B-ORG,0.6414528489112854,B-ORG,0.6414528489112854,I-ORG,0.26840415596961975,O,0.044302936643362045
v,NNP,O,O,O,0.9991182684898376,O,0.9991182684898376,I-ORG,0.0005006346036680043,I-MISC,0.00027290169964544475
Eyles,NNP,B-NP,B-PER,B-LOC,0.2077113687992096,B-PER,0.2077113687992096,B-LOC,0.19761580228805542,B-ORG,0.15516655147075653
",",",",O,O,O,0.9990200996398926,O,0.9990200996398926,I-MISC,0.0005217378493398428,I-ORG,0.0003749783500097692
on,IN,B-PP,O,O,0.9992324113845825,O,0.9992324113845825,I-MISC,0.00037226316635496914,I-ORG,0.00021541837486438453
Saturday,NNP,B-NP,O,O,0.8401481509208679,O,0.8401481509208679,B-PER,0.05459268391132355,I-ORG,0.031115349382162094
.,.,O,O,O,0.999931812286377,O,0.999931812286377,I-MISC,3.962524715461768e-05,I-ORG,2.2240259568206966e-05
