0,1,2,3,predictions,confidence,pred_1,pred_1_confidence,pred_2,pred_2_confidence,pred_3,pred_3_confidence
DURBAN,NNP,B-NP,B-PER,B-LOC,0.6450394988059998,B-LOC,0.6450394988059998,B-ORG,0.13981220126152039,B-PER,0.1047205924987793
",",",",O,O,O,0.9993696808815002,O,0.9993696808815002,I-ORG,0.000239958826568909,I-MISC,0.00022285756131168455
South,NNP,B-NP,B-LOC,B-LOC,0.32025447487831116,B-LOC,0.32025447487831116,I-LOC,0.12879423797130585,B-ORG,0.1266058385372162
Africa,NNP,I-NP,I-LOC,I-LOC,0.2187936007976532,B-LOC,0.2187936007976532,I-ORG,0.1952362358570099,B-ORG,0.1602313071489334
1996-12-06,CD,I-NP,O,O,0.9956318140029907,O,0.9956318140029907,I-ORG,0.002611357718706131,I-MISC,0.0013282282743602991
