0,1,2,3,predictions,confidence,pred_1,pred_1_confidence,pred_2,pred_2_confidence,pred_3,pred_3_confidence
HAVEL,NNP,B-NP,B-PER,O,0.4459708333015442,B-ORG,0.4459708333015442,O,0.16092322766780853,B-LOC,0.10818124562501907
PRAISES,NNPS,I-NP,O,O,0.3448667526245117,O,0.3448667526245117,B-ORG,0.210659921169281,B-LOC,0.13399112224578857
CZECH,VB,B-VP,B-MISC,B-MISC,0.32007595896720886,B-ORG,0.32007595896720886,I-MISC,0.15400347113609314,B-LOC,0.1529281884431839
NATIVE,CD,B-NP,O,I-MISC,0.19795720279216766,B-ORG,0.19795720279216766,O,0.1956096738576889,I-MISC,0.1727411150932312
ALBRIGHT,NN,I-NP,B-PER,I-MISC,0.2665407955646515,O,0.2665407955646515,I-MISC,0.21261291205883026,B-MISC,0.1976868063211441
AS,NNP,I-NP,O,O,0.6838204860687256,O,0.6838204860687256,B-MISC,0.09967032074928284,B-ORG,0.0924069806933403
FRIEND,VBD,B-VP,O,O,0.2610958218574524,O,0.2610958218574524,B-ORG,0.24973689019680023,B-LOC,0.15588293969631195
.,.,O,O,O,0.9999003410339355,O,0.9999003410339355,I-MISC,5.454918937175535e-05,I-ORG,3.4715132642304525e-05
