0,1,2,3,predictions,confidence,pred_1,pred_1_confidence,pred_2,pred_2_confidence,pred_3,pred_3_confidence
Klara,NNP,B-NP,B-PER,B-PER,0.4797738492488861,B-PER,0.4797738492488861,B-ORG,0.14646963775157928,B-LOC,0.14110076427459717
Gajduskova,NNP,I-NP,I-PER,I-PER,0.31663817167282104,B-ORG,0.31663817167282104,B-PER,0.3094486892223358,B-LOC,0.11601293832063675
PRAGUE,NNP,B-NP,B-LOC,O,0.3590330481529236,B-ORG,0.3590330481529236,B-LOC,0.19298133254051208,O,0.13026335835456848
1996-12-06,CD,I-NP,O,O,0.9993744492530823,O,0.9993744492530823,I-ORG,0.00035139365354552865,I-MISC,0.00019830458040814847
