0,1,2,3,predictions,confidence,pred_1,pred_1_confidence,pred_2,pred_2_confidence,pred_3,pred_3_confidence
RADIO,NNP,B-NP,B-ORG,B-ORG,0.6629591584205627,B-ORG,0.6629591584205627,B-LOC,0.07244283705949783,I-ORG,0.07046803086996078
ROMANIA,NNP,I-NP,I-ORG,B-LOC,0.41765910387039185,B-LOC,0.41765910387039185,B-ORG,0.40681931376457214,B-PER,0.04197615757584572
AFTERNOON,NNP,I-NP,O,B-ORG,0.820766270160675,B-ORG,0.820766270160675,I-ORG,0.07412403076887131,B-LOC,0.033330079168081284
HEALINES,NNP,I-NP,O,I-ORG,0.8396458625793457,B-ORG,0.8396458625793457,I-ORG,0.07766100764274597,O,0.06324733048677444
AT,NNP,I-NP,O,O,0.9619707465171814,O,0.9619707465171814,B-ORG,0.03057757392525673,I-ORG,0.005643744021654129
4,CD,I-NP,O,O,0.9998708963394165,O,0.9998708963394165,I-ORG,7.274561357917264e-05,I-MISC,5.1584120228653774e-05
PM,NNP,I-NP,O,O,0.9508835077285767,O,0.9508835077285767,B-MISC,0.01845492236316204,I-MISC,0.01844661310315132
.,.,O,O,O,0.9999463558197021,O,0.9999463558197021,I-MISC,3.605967140174471e-05,I-ORG,1.4403282875719015e-05
