0,1,2,3,predictions,confidence,pred_1,pred_1_confidence,pred_2,pred_2_confidence,pred_3,pred_3_confidence
BUCHAREST,RB,B-NP,B-LOC,O,0.30255988240242004,B-ORG,0.30255988240242004,O,0.2346886545419693,B-LOC,0.15464605391025543
1996-12-06,CD,I-NP,O,O,0.999794065952301,O,0.999794065952301,I-ORG,0.00013393389235716313,I-MISC,5.1673108828254044e-05
Radio,NNP,B-NP,B-ORG,O,0.25938838720321655,O,0.25938838720321655,B-PER,0.22993986308574677,B-ORG,0.1850074678659439
Romania,NNP,I-NP,I-ORG,B-LOC,0.6640424728393555,B-LOC,0.6640424728393555,B-PER,0.1640440672636032,I-PER,0.05331714451313019
news,NN,I-NP,O,O,0.9982432126998901,O,0.9982432126998901,I-MISC,0.0010799049632623792,I-ORG,0.0005161709850654006
headlines,NNS,I-NP,O,O,0.9998140931129456,O,0.9998140931129456,I-MISC,0.00011739929323084652,I-ORG,5.1090875786030665e-05
:,:,O,O,O,0.9983009696006775,O,0.9983009696006775,I-MISC,0.0011262589832767844,I-ORG,0.0003929545928258449
