0,1,2,3,predictions,confidence,pred_1,pred_1_confidence,pred_2,pred_2_confidence,pred_3,pred_3_confidence
The,DT,B-NP,O,O,0.9085856676101685,O,0.9085856676101685,B-PER,0.031401097774505615,I-MISC,0.021082906052470207
ceremony,NN,I-NP,O,O,0.9999721050262451,O,0.9999721050262451,I-ORG,1.2366666851448826e-05,I-MISC,1.0377947546658106e-05
was,VBD,B-VP,O,O,0.999808132648468,O,0.999808132648468,I-MISC,0.00010330002987757325,I-ORG,3.4086962841684e-05
attended,VBN,I-VP,O,O,0.9996756315231323,O,0.9996756315231323,I-MISC,0.00017960794502869248,I-ORG,0.00010148197907255962
by,IN,B-PP,O,O,0.9999549388885498,O,0.9999549388885498,I-MISC,2.659728124854155e-05,I-ORG,1.753534161252901e-05
President,NNP,B-NP,O,O,0.9478998184204102,O,0.9478998184204102,B-ORG,0.016361238434910774,I-ORG,0.01473317015916109
Emil,NNP,I-NP,B-PER,B-PER,0.44355782866477966,B-PER,0.44355782866477966,B-ORG,0.1265670210123062,I-PER,0.09205019474029541
Constantinescu,NNP,I-NP,I-PER,I-PER,0.23238684237003326,O,0.23238684237003326,B-ORG,0.19565464556217194,B-PER,0.14880985021591187
.,.,O,O,O,0.9999138116836548,O,0.9999138116836548,I-MISC,4.6462668251479045e-05,I-ORG,2.955290983663872e-05
