0,1,2,3,predictions,confidence,pred_1,pred_1_confidence,pred_2,pred_2_confidence,pred_3,pred_3_confidence
CZECH,NNP,B-NP,B-MISC,B-ORG,0.7474421858787537,B-ORG,0.7474421858787537,I-ORG,0.067542165517807,B-LOC,0.052733924239873886
VICE-PM,NNP,I-NP,O,I-ORG,0.6867408156394958,B-ORG,0.6867408156394958,B-LOC,0.08944597095251083,I-ORG,0.08032964169979095
SEES,NNP,I-NP,O,O,0.6674915552139282,B-ORG,0.6674915552139282,O,0.1589788794517517,I-ORG,0.06444239616394043
WIDER,NNP,I-NP,O,B-ORG,0.7081570029258728,B-ORG,0.7081570029258728,O,0.09653071314096451,I-ORG,0.08778446167707443
DEBATE,NNP,I-NP,O,I-ORG,0.8188213109970093,B-ORG,0.8188213109970093,I-ORG,0.0882250964641571,O,0.0495896115899086
AT,NNP,I-NP,O,O,0.9725365042686462,O,0.9725365042686462,B-ORG,0.01850723847746849,I-ORG,0.004958990029990673
PARTY,NNP,I-NP,O,B-ORG,0.25165805220603943,B-ORG,0.25165805220603943,I-MISC,0.23027601838111877,I-ORG,0.15157850086688995
CONGRESS,NNP,I-NP,O,I-ORG,0.2811886668205261,I-MISC,0.2811886668205261,B-ORG,0.16894443333148956,B-LOC,0.16599024832248688
.,.,O,O,O,0.9994483590126038,O,0.9994483590126038,I-MISC,0.00031451418180949986,I-ORG,0.0002098403638228774
