0,1,2,3,predictions,confidence,pred_1,pred_1_confidence,pred_2,pred_2_confidence,pred_3,pred_3_confidence
freestyle,JJ,B-NP,O,O,0.9998629093170166,O,0.9998629093170166,I-ORG,6.0365404351614416e-05,I-MISC,5.9475627494975924e-05
skiing,NN,I-NP,O,O,0.9999489784240723,O,0.9999489784240723,I-MISC,2.7281346774543636e-05,I-ORG,1.911320759973023e-05
moguls,NNS,I-NP,O,O,0.9998522996902466,O,0.9998522996902466,I-MISC,8.472146873828024e-05,I-ORG,4.237203029333614e-05
competition,NN,I-NP,O,O,0.9999383687973022,O,0.9999383687973022,I-MISC,4.115731644560583e-05,I-ORG,1.3175484127714299e-05
on,IN,B-PP,O,O,0.9998096823692322,O,0.9998096823692322,I-MISC,0.0001267232873942703,I-ORG,2.6264375264872797e-05
Friday,NNP,B-NP,O,O,0.9845162630081177,O,0.9845162630081177,I-MISC,0.006575470324605703,B-MISC,0.003567623673006892
:,:,O,O,O,0.9995452761650085,O,0.9995452761650085,I-MISC,0.0003273833717685193,I-ORG,8.35857936181128e-05
