0,1,2,3,predictions,confidence,pred_1,pred_1_confidence,pred_2,pred_2_confidence,pred_3,pred_3_confidence
--,:,B-NP,O,O,0.9999474287033081,O,0.9999474287033081,I-MISC,2.9920045562903397e-05,I-ORG,1.6727379261283204e-05
Prague,NNP,I-NP,B-ORG,B-ORG,0.2685825824737549,B-LOC,0.2685825824737549,B-PER,0.1599324345588684,B-ORG,0.1418202668428421
Newsroom,NNP,I-NP,I-ORG,I-ORG,0.306466668844223,B-ORG,0.306466668844223,I-ORG,0.2603691816329956,B-LOC,0.11041715741157532
42-2-2423-0003,NNS,I-NP,O,O,0.999584972858429,O,0.999584972858429,I-ORG,0.00023037671053316444,I-MISC,0.0001696994440862909
