0,1,2,3,predictions,confidence,pred_1,pred_1_confidence,pred_2,pred_2_confidence,pred_3,pred_3_confidence
POLAND,NNP,B-NP,B-LOC,B-LOC,0.49649566411972046,B-LOC,0.49649566411972046,B-PER,0.13879460096359253,B-ORG,0.10857723653316498
GOT,NNP,O,O,O,0.4279426038265228,O,0.4279426038265228,B-MISC,0.17117762565612793,B-ORG,0.14446255564689636
MONEY,NNP,B-NP,O,O,0.9123260378837585,O,0.9123260378837585,B-ORG,0.028137801215052605,I-MISC,0.02228294312953949
FROM,NNP,I-NP,O,O,0.3450465798377991,O,0.3450465798377991,B-ORG,0.22583754360675812,B-MISC,0.10392848402261734
POST-WAR,NNP,I-NP,O,B-LOC,0.2246379852294922,B-LOC,0.2246379852294922,B-ORG,0.16028757393360138,B-PER,0.13550977408885956
SWISS,NNP,I-NP,B-MISC,O,0.2857624888420105,B-LOC,0.2857624888420105,B-ORG,0.1521334946155548,I-MISC,0.15191440284252167
ACCOUNTS,NNS,I-NP,O,B-LOC,0.238961860537529,B-ORG,0.238961860537529,B-LOC,0.22654402256011963,O,0.14882001280784607
.,.,O,O,O,0.9998692274093628,O,0.9998692274093628,I-MISC,6.794861110392958e-05,I-ORG,4.6932203986216336e-05
