0,1,2,3,predictions,confidence,pred_1,pred_1_confidence,pred_2,pred_2_confidence,pred_3,pred_3_confidence
Marcin,NNP,B-NP,B-PER,B-PER,0.4115248918533325,B-ORG,0.4115248918533325,B-PER,0.2003001719713211,I-ORG,0.12213512510061264
Grajewski,NNP,I-NP,I-PER,I-PER,0.3361544609069824,B-PER,0.3361544609069824,B-ORG,0.25980302691459656,I-PER,0.12798097729682922
WARSAW,NNP,B-NP,B-LOC,B-LOC,0.31340286135673523,B-LOC,0.31340286135673523,B-ORG,0.3115926682949066,I-MISC,0.07810677587985992
1996-12-06,CD,I-NP,O,O,0.9994654059410095,O,0.9994654059410095,I-ORG,0.00029731064569205046,I-MISC,0.00017049261077772826
