0,1,2,3,predictions,confidence,pred_1,pred_1_confidence,pred_2,pred_2_confidence,pred_3,pred_3_confidence
Men,NN,B-NP,O,O,0.9872167706489563,O,0.9872167706489563,I-MISC,0.003333614207804203,B-ORG,0.0032217418774962425
1.,CD,B-NP,O,O,0.9992510676383972,O,0.9992510676383972,I-MISC,0.00035483192186802626,I-ORG,0.000342654122505337
Jesper,NNP,I-NP,B-PER,B-PER,0.29095491766929626,B-PER,0.29095491766929626,O,0.17125627398490906,I-ORG,0.13381817936897278
Ronnback,NNP,I-NP,I-PER,I-PER,0.340895414352417,B-PER,0.340895414352417,I-PER,0.17527899146080017,B-MISC,0.1026046872138977
(,(,O,O,O,0.9988957643508911,O,0.9988957643508911,I-MISC,0.0005691300029866397,I-ORG,0.00042283523362129927
Sweden,NNP,B-NP,B-LOC,B-LOC,0.30694398283958435,B-LOC,0.30694398283958435,B-PER,0.16367703676223755,I-PER,0.14502394199371338
),),O,O,O,0.9992542862892151,O,0.9992542862892151,I-MISC,0.0003439102729316801,I-ORG,0.0003017555281985551
25.76,CD,B-NP,O,O,0.9998835325241089,O,0.9998835325241089,I-ORG,6.835201929789037e-05,I-MISC,4.19326861447189e-05
points,NNS,I-NP,O,O,0.999229907989502,O,0.999229907989502,I-ORG,0.0004392394912429154,I-MISC,0.00022500110208056867
