0,1,2,3,predictions,confidence,pred_1,pred_1_confidence,pred_2,pred_2_confidence,pred_3,pred_3_confidence
2.,CD,B-NP,O,O,0.9999426603317261,O,0.9999426603317261,I-MISC,3.057165304198861e-05,I-ORG,1.793778210412711e-05
Andrei,NNP,B-NP,B-PER,B-PER,0.4516567885875702,B-PER,0.4516567885875702,B-LOC,0.19081398844718933,I-PER,0.1866699606180191
Ivanov,NNP,I-NP,I-PER,I-PER,0.4093185067176819,B-PER,0.4093185067176819,I-PER,0.21538729965686798,B-LOC,0.1416904777288437
(,(,O,O,O,0.9990878105163574,O,0.9990878105163574,I-MISC,0.00041610436164774,I-ORG,0.00033184446510858834
Russia,NNP,B-NP,B-LOC,B-LOC,0.5052362084388733,B-LOC,0.5052362084388733,B-PER,0.15479055047035217,I-PER,0.12367035448551178
),),O,O,O,0.9992291927337646,O,0.9992291927337646,I-MISC,0.0003261599922552705,I-ORG,0.0002982171135954559
24.88,CD,B-NP,O,O,0.9998956918716431,O,0.9998956918716431,I-ORG,6.1032747908029705e-05,I-MISC,3.4979937481693923e-05
