0,1,2,3,predictions,confidence,pred_1,pred_1_confidence,pred_2,pred_2_confidence,pred_3,pred_3_confidence
3.,NNP,B-NP,O,O,0.9999395608901978,O,0.9999395608901978,I-ORG,2.5939065380953252e-05,I-MISC,2.317206781299319e-05
Ryan,NNP,I-NP,B-PER,B-PER,0.6519259810447693,B-PER,0.6519259810447693,I-PER,0.22285078465938568,B-LOC,0.07019391655921936
Johnson,NNP,I-NP,I-PER,I-PER,0.56074458360672,B-PER,0.56074458360672,I-PER,0.3175283670425415,B-LOC,0.08423934131860733
(,(,O,O,O,0.9978057742118835,O,0.9978057742118835,I-MISC,0.0007161353132687509,I-ORG,0.0006029293872416019
Canada,NNP,B-NP,B-LOC,B-LOC,0.7869930267333984,B-LOC,0.7869930267333984,I-LOC,0.07960095256567001,I-PER,0.059178683906793594
),),O,O,O,0.9981772899627686,O,0.9981772899627686,I-MISC,0.0007297834963537753,I-ORG,0.0007087636040523648
24.57,CD,B-NP,O,O,0.9998329877853394,O,0.9998329877853394,I-ORG,9.818267426453531e-05,I-MISC,5.5503329349448904e-05
