0,1,2,3,predictions,confidence,pred_1,pred_1_confidence,pred_2,pred_2_confidence,pred_3,pred_3_confidence
4.,CD,B-NP,O,O,0.9999239444732666,O,0.9999239444732666,I-ORG,3.226388434995897e-05,I-MISC,2.85885816992959e-05
Jean-Luc,NNP,I-NP,B-PER,B-PER,0.6166918873786926,B-PER,0.6166918873786926,I-PER,0.22409474849700928,B-LOC,0.08866380900144577
Brassard,NNP,I-NP,I-PER,I-PER,0.466890424489975,B-PER,0.466890424489975,I-PER,0.30058932304382324,B-LOC,0.16465333104133606
(,(,O,O,O,0.9978057742118835,O,0.9978057742118835,I-MISC,0.0007161353132687509,I-ORG,0.0006029293872416019
Canada,NNP,B-NP,B-LOC,B-LOC,0.7869930267333984,B-LOC,0.7869930267333984,I-LOC,0.07960095256567001,I-PER,0.059178683906793594
),),O,O,O,0.9981772899627686,O,0.9981772899627686,I-MISC,0.0007297834963537753,I-ORG,0.0007087636040523648
24.40,CD,B-NP,O,O,0.9996821880340576,O,0.9996821880340576,I-ORG,0.0001773820840753615,I-MISC,0.00011071910557802767
