0,1,2,3,predictions,confidence,pred_1,pred_1_confidence,pred_2,pred_2_confidence,pred_3,pred_3_confidence
5.,CD,B-NP,O,O,0.9999241828918457,O,0.9999241828918457,I-ORG,3.8205009332159534e-05,I-MISC,3.188153277733363e-05
Korneilus,NNP,I-NP,B-PER,B-PER,0.41006365418434143,B-PER,0.41006365418434143,I-PER,0.17283782362937927,B-ORG,0.15083090960979462
Hole,NNP,I-NP,I-PER,I-PER,0.5074655413627625,B-PER,0.5074655413627625,I-PER,0.21142539381980896,B-LOC,0.06197965890169144
(,(,O,O,O,0.998977541923523,O,0.998977541923523,I-MISC,0.0005003003752790391,I-ORG,0.0003811945207417011
Norway,NNP,B-NP,B-LOC,B-LOC,0.3489801585674286,B-LOC,0.3489801585674286,B-PER,0.17532934248447418,I-PER,0.12102723866701126
),),O,O,O,0.9991855025291443,O,0.9991855025291443,I-MISC,0.0003635754983406514,I-ORG,0.00032097144867293537
23.92,CD,B-NP,O,O,0.9999035596847534,O,0.9999035596847534,I-ORG,5.827058703289367e-05,I-MISC,3.232328162994236e-05
