0,1,2,3,predictions,confidence,pred_1,pred_1_confidence,pred_2,pred_2_confidence,pred_3,pred_3_confidence
INTERVIEW-ZYWIEC,NNP,B-NP,B-MISC,O,0.46100953221321106,O,0.46100953221321106,B-MISC,0.14284218847751617,I-MISC,0.132140651345253
SEES,NNP,I-NP,O,O,0.6745219826698303,O,0.6745219826698303,I-MISC,0.10446605831384659,B-MISC,0.10166680067777634
NO,DT,I-NP,O,O,0.882288932800293,O,0.882288932800293,B-MISC,0.053820375353097916,I-MISC,0.029659759253263474
BIG,NNP,I-NP,O,O,0.6181808710098267,O,0.6181808710098267,B-ORG,0.10192183405160904,I-MISC,0.08880630880594254
97,CD,I-NP,O,O,0.9995113611221313,O,0.9995113611221313,I-MISC,0.0003216688637621701,I-ORG,9.251384472008795e-05
NET,NNP,I-NP,O,O,0.5521177649497986,O,0.5521177649497986,B-ORG,0.18188612163066864,I-MISC,0.08104472607374191
RISE,NNP,I-NP,O,O,0.4439515173435211,O,0.4439515173435211,B-ORG,0.22870518267154694,I-MISC,0.10113080590963364
.,.,O,O,O,0.9999006986618042,O,0.9999006986618042,I-MISC,5.726142262574285e-05,I-ORG,3.2899060897761956e-05
