0,1,2,3,predictions,confidence,pred_1,pred_1_confidence,pred_2,pred_2_confidence,pred_3,pred_3_confidence
6.,CD,B-NP,O,O,0.9999377727508545,O,0.9999377727508545,I-ORG,2.8331376597634517e-05,I-MISC,2.4184742869692855e-05
Jeremie,NNP,I-NP,B-PER,B-PER,0.5781028866767883,B-PER,0.5781028866767883,I-PER,0.26177558302879333,B-LOC,0.05130527541041374
Collomb-Patton,NNP,I-NP,I-PER,I-PER,0.43815505504608154,B-PER,0.43815505504608154,I-PER,0.3353259265422821,B-LOC,0.11522869765758514
(,(,O,O,O,0.9978499412536621,O,0.9978499412536621,I-MISC,0.0006852318765595555,I-ORG,0.0005657033179886639
France,NNP,B-NP,B-LOC,B-LOC,0.6791214942932129,B-LOC,0.6791214942932129,I-PER,0.09940577298402786,I-LOC,0.09820225834846497
),),O,O,O,0.9971964359283447,O,0.9971964359283447,I-MISC,0.0011453817132860422,I-ORG,0.001090738456696272
23.87,CD,B-NP,O,O,0.9997511506080627,O,0.9997511506080627,I-ORG,0.00014808117703069001,I-MISC,8.372061711270362e-05
