0,1,2,3,predictions,confidence,pred_1,pred_1_confidence,pred_2,pred_2_confidence,pred_3,pred_3_confidence
Steven,NNP,B-NP,B-PER,B-PER,0.2207801192998886,B-LOC,0.2207801192998886,B-ORG,0.1993648111820221,B-PER,0.1990632861852646
Silber,NNP,I-NP,I-PER,I-PER,0.32406750321388245,B-PER,0.32406750321388245,B-ORG,0.20721282064914703,I-PER,0.1479765623807907
WARSAW,NNP,B-NP,B-LOC,B-LOC,0.3401280641555786,B-LOC,0.3401280641555786,B-ORG,0.3198241889476776,B-PER,0.08815436065196991
1996-12-06,CD,I-NP,O,O,0.9995375871658325,O,0.9995375871658325,I-ORG,0.0002540772838983685,I-MISC,0.00013421082985587418
