0,1,2,3,predictions,confidence,pred_1,pred_1_confidence,pred_2,pred_2_confidence,pred_3,pred_3_confidence
9.,CD,B-NP,O,O,0.99149090051651,O,0.99149090051651,B-PER,0.002487418707460165,I-ORG,0.0018222850048914552
Johann,NNP,I-NP,B-PER,B-PER,0.7209985852241516,B-PER,0.7209985852241516,I-PER,0.20945358276367188,B-LOC,0.03562469780445099
Gregoire,NNP,I-NP,I-PER,I-PER,0.5894023180007935,B-PER,0.5894023180007935,I-PER,0.30748462677001953,B-LOC,0.05982702225446701
(,(,O,O,O,0.9981729984283447,O,0.9981729984283447,I-MISC,0.0005624804180115461,I-PER,0.0003809300542343408
France,NNP,B-NP,B-LOC,B-LOC,0.6894627213478088,B-LOC,0.6894627213478088,I-PER,0.11347004771232605,B-PER,0.08437282592058182
),),O,O,O,0.9973082542419434,O,0.9973082542419434,I-MISC,0.00107351946644485,I-ORG,0.0007200006511993706
22.58,CD,B-NP,O,O,0.9995187520980835,O,0.9995187520980835,I-ORG,0.00021502087474800646,I-MISC,0.00018566088692750782
