0,1,2,3,predictions,confidence,pred_1,pred_1_confidence,pred_2,pred_2_confidence,pred_3,pred_3_confidence
10.,CD,B-NP,O,O,0.9995983242988586,O,0.9995983242988586,I-MISC,0.0001620650728000328,I-ORG,0.00014077797823119909
Troy,NNP,I-NP,B-PER,B-PER,0.4537786841392517,B-PER,0.4537786841392517,O,0.29981085658073425,I-PER,0.12270881980657578
Benson,NNP,I-NP,I-PER,I-PER,0.5955227613449097,B-PER,0.5955227613449097,I-PER,0.21965736150741577,B-LOC,0.08444792032241821
(,(,O,O,O,0.998902440071106,O,0.998902440071106,I-MISC,0.0004712571681011468,I-ORG,0.00032192631624639034
U.S.,NNP,B-NP,B-LOC,B-LOC,0.8160204887390137,B-LOC,0.8160204887390137,I-LOC,0.059151120483875275,B-PER,0.0349680557847023
),),O,O,O,0.9973835349082947,O,0.9973835349082947,I-MISC,0.001204343163408339,I-ORG,0.0010454962030053139
22.56,CD,B-NP,O,O,0.9995028972625732,O,0.9995028972625732,I-ORG,0.0002971109061036259,I-MISC,0.0001764263433869928
