0,1,2,3,predictions,confidence,pred_1,pred_1_confidence,pred_2,pred_2_confidence,pred_3,pred_3_confidence
2.,NNP,B-NP,O,O,0.9999146461486816,O,0.9999146461486816,I-ORG,3.8061029044911265e-05,I-MISC,3.2353156711906195e-05
Candice,NNP,I-NP,B-PER,B-PER,0.5709416270256042,B-PER,0.5709416270256042,I-PER,0.25999608635902405,B-LOC,0.05214415863156319
Gilg,NNP,I-NP,I-PER,I-PER,0.6435549855232239,B-PER,0.6435549855232239,I-PER,0.25236690044403076,B-LOC,0.05937834456562996
(,(,O,O,O,0.9978499412536621,O,0.9978499412536621,I-MISC,0.0006852318765595555,I-ORG,0.0005657033179886639
France,NNP,B-NP,B-LOC,B-LOC,0.6791214942932129,B-LOC,0.6791214942932129,I-PER,0.09940577298402786,I-LOC,0.09820225834846497
),),O,O,O,0.9971964359283447,O,0.9971964359283447,I-MISC,0.0011453817132860422,I-ORG,0.001090738456696272
24.31,CD,B-NP,O,O,0.9996540546417236,O,0.9996540546417236,I-ORG,0.0002061493432847783,I-MISC,0.00011295922740828246
