0,1,2,3,predictions,confidence,pred_1,pred_1_confidence,pred_2,pred_2_confidence,pred_3,pred_3_confidence
3.,NNP,B-NP,O,O,0.9999282360076904,O,0.9999282360076904,I-ORG,3.211823059245944e-05,I-MISC,2.6083462216774933e-05
Minna,NNP,I-NP,B-PER,B-PER,0.593062698841095,B-PER,0.593062698841095,I-PER,0.24630257487297058,B-LOC,0.10952600091695786
Karhu,NNP,I-NP,I-PER,I-PER,0.5690257549285889,B-PER,0.5690257549285889,I-PER,0.2997489869594574,B-LOC,0.09243962913751602
(,(,O,O,O,0.9972923398017883,O,0.9972923398017883,I-MISC,0.000838426232803613,I-ORG,0.0008163859019987285
Finland,NNP,B-NP,B-LOC,B-LOC,0.6635549664497375,B-LOC,0.6635549664497375,I-LOC,0.1275767683982849,I-PER,0.06638216972351074
),),O,O,O,0.994500994682312,O,0.994500994682312,I-MISC,0.002607906935736537,I-ORG,0.002197116846218705
24.05,CD,B-NP,O,O,0.9989539384841919,O,0.9989539384841919,I-ORG,0.0006166523089632392,I-MISC,0.0003937346918974072
