0,1,2,3,predictions,confidence,pred_1,pred_1_confidence,pred_2,pred_2_confidence,pred_3,pred_3_confidence
HAVEL,NNP,B-NP,B-PER,B-ORG,0.5326143503189087,B-ORG,0.5326143503189087,B-LOC,0.11860594898462296,O,0.10719919204711914
HAS,VBZ,B-VP,O,I-ORG,0.5103992819786072,B-ORG,0.5103992819786072,O,0.14140407741069794,I-MISC,0.0735381543636322
TRAECHEOTOMY,NNP,B-NP,O,I-ORG,0.2378508299589157,B-ORG,0.2378508299589157,O,0.21079616248607635,B-LOC,0.16224680840969086
AFTER,NNP,I-NP,O,O,0.29365500807762146,B-ORG,0.29365500807762146,O,0.24391856789588928,I-MISC,0.12885963916778564
CONDITIONS,NNP,I-NP,O,B-LOC,0.24116571247577667,B-ORG,0.24116571247577667,B-LOC,0.213632270693779,I-MISC,0.16088390350341797
WORSENS,NNPS,I-NP,O,O,0.23405440151691437,B-ORG,0.23405440151691437,B-LOC,0.18694783747196198,O,0.16715148091316223
.,.,O,O,O,0.9997425675392151,O,0.9997425675392151,I-MISC,0.00013822758046444505,I-ORG,9.858953126240522e-05
