0,1,2,3,predictions,confidence,pred_1,pred_1_confidence,pred_2,pred_2_confidence,pred_3,pred_3_confidence
5.,NNP,B-NP,O,O,0.9999240636825562,O,0.9999240636825562,I-MISC,2.9606839234475046e-05,I-ORG,1.8116155843017623e-05
Ann,NNP,I-NP,B-PER,B-PER,0.6496106386184692,B-PER,0.6496106386184692,I-PER,0.17638446390628815,B-LOC,0.08893793821334839
Battellle,NNP,I-NP,I-PER,I-PER,0.539678692817688,B-PER,0.539678692817688,I-PER,0.2974695861339569,B-LOC,0.06351062655448914
(,(,O,O,O,0.9989953637123108,O,0.9989953637123108,I-MISC,0.0004022552748210728,I-ORG,0.00028336961986497045
U.S.,NNP,B-NP,B-LOC,B-LOC,0.8168289661407471,B-LOC,0.8168289661407471,I-LOC,0.057400744408369064,B-PER,0.03756609559059143
),),O,O,O,0.9974586367607117,O,0.9974586367607117,I-MISC,0.0011445001000538468,I-ORG,0.0010157740907743573
23.56,CD,B-NP,O,O,0.9995717406272888,O,0.9995717406272888,I-ORG,0.000257024890743196,I-MISC,0.00015096462448127568
