0,1,2,3,predictions,confidence,pred_1,pred_1_confidence,pred_2,pred_2_confidence,pred_3,pred_3_confidence
6.,NNP,B-NP,O,O,0.9999371767044067,O,0.9999371767044067,I-MISC,2.6363090000813827e-05,I-ORG,1.9051254639634863e-05
Donna,NNP,I-NP,B-PER,B-PER,0.6052630543708801,B-PER,0.6052630543708801,I-PER,0.20079153776168823,B-LOC,0.14634670317173004
Weinbrecht,NNP,I-NP,I-PER,I-PER,0.41631659865379333,B-PER,0.41631659865379333,I-PER,0.30623143911361694,O,0.07576186209917068
(,(,O,O,O,0.9983035326004028,O,0.9983035326004028,I-MISC,0.0006844293093308806,I-ORG,0.0005021585966460407
U.S.,NNP,B-NP,B-LOC,B-LOC,0.8167061805725098,B-LOC,0.8167061805725098,I-LOC,0.06549647450447083,B-PER,0.03168622404336929
),),O,O,O,0.9969896078109741,O,0.9969896078109741,I-MISC,0.001346106524579227,I-ORG,0.0012019327841699123
22.48,CD,B-NP,O,O,0.9995694756507874,O,0.9995694756507874,I-ORG,0.000256391242146492,I-MISC,0.0001520006771897897
