0,1,2,3,predictions,confidence,pred_1,pred_1_confidence,pred_2,pred_2_confidence,pred_3,pred_3_confidence
Tambang,VBG,B-VP,B-ORG,O,0.31911998987197876,O,0.31911998987197876,B-PER,0.21668565273284912,B-ORG,0.15641939640045166
Timah,NNP,B-NP,I-ORG,B-MISC,0.4178450405597687,B-MISC,0.4178450405597687,O,0.12125929445028305,B-ORG,0.11633877456188202
at,IN,B-PP,O,O,0.9989826083183289,O,0.9989826083183289,I-MISC,0.000604768458288163,I-ORG,0.0003834355447907001
$,$,B-NP,O,O,0.9974746108055115,O,0.9974746108055115,I-MISC,0.0011444332776591182,I-ORG,0.001126328483223915
15.575,CD,I-NP,O,O,0.9991563558578491,O,0.9991563558578491,I-ORG,0.00047965190606191754,I-MISC,0.00030289130518212914
in,IN,B-PP,O,O,0.994235098361969,O,0.994235098361969,I-MISC,0.0030642342753708363,I-ORG,0.002194273518398404
London,NNP,B-NP,B-LOC,B-LOC,0.2628929913043976,B-LOC,0.2628929913043976,I-ORG,0.14813737571239471,I-LOC,0.1436648815870285
.,.,O,O,O,0.9978641867637634,O,0.9978641867637634,I-MISC,0.0011798761552199721,I-ORG,0.000849518517497927
