0,1,2,3,predictions,confidence,pred_1,pred_1_confidence,pred_2,pred_2_confidence,pred_3,pred_3_confidence
9.,CD,B-NP,O,O,0.9937454462051392,O,0.9937454462051392,I-ORG,0.0023449305444955826,I-MISC,0.0019923413638025522
Ljudmila,NNP,I-NP,B-PER,B-PER,0.36343061923980713,B-PER,0.36343061923980713,I-PER,0.1563437283039093,B-ORG,0.15035341680049896
Dymchenko,NNP,I-NP,I-PER,I-PER,0.5004053711891174,B-PER,0.5004053711891174,I-PER,0.22697557508945465,B-ORG,0.12245804071426392
(,(,O,O,O,0.998977541923523,O,0.998977541923523,I-MISC,0.0005003003752790391,I-ORG,0.0003811945207417011
Russia,NNP,B-NP,B-LOC,B-LOC,0.5052942037582397,B-LOC,0.5052942037582397,B-PER,0.14050021767616272,I-PER,0.11091671884059906
),),O,O,O,0.9991855025291443,O,0.9991855025291443,I-MISC,0.0003635754983406514,I-ORG,0.00032097144867293537
21.59,CD,B-NP,O,O,0.9997569918632507,O,0.9997569918632507,I-ORG,0.00014668633230030537,I-MISC,7.647876918781549e-05
