0,1,2,3,predictions,confidence,pred_1,pred_1_confidence,pred_2,pred_2_confidence,pred_3,pred_3_confidence
It,PRP,B-NP,O,O,0.9977511763572693,O,0.9977511763572693,I-MISC,0.0009228014387190342,B-MISC,0.00045723628136329353
closed,VBD,B-VP,O,O,0.9998921155929565,O,0.9998921155929565,I-MISC,5.333077206159942e-05,I-ORG,5.0421680498402566e-05
at,IN,B-PP,O,O,0.9982355833053589,O,0.9982355833053589,I-MISC,0.0010926621034741402,I-ORG,0.0006334490026347339
$,$,B-NP,O,O,0.9971887469291687,O,0.9971887469291687,I-MISC,0.0014037644723430276,I-ORG,0.001166142406873405
15.80,CD,I-NP,O,O,0.9984009861946106,O,0.9984009861946106,I-ORG,0.0007539427024312317,I-MISC,0.0007287062471732497
on,IN,B-PP,O,O,0.9995610117912292,O,0.9995610117912292,I-MISC,0.0002407057472737506,I-ORG,0.0001148948140325956
Thursday,NNP,B-NP,O,O,0.980918824672699,O,0.980918824672699,I-ORG,0.0064760614186525345,I-MISC,0.005115029402077198
.,.,O,O,O,0.9999266862869263,O,0.9999266862869263,I-MISC,4.613788769347593e-05,I-ORG,2.2123460439615883e-05
