0,1,2,3,predictions,confidence,pred_1,pred_1_confidence,pred_2,pred_2_confidence,pred_3,pred_3_confidence
Telkom,NN,B-INTJ,B-ORG,O,0.46004027128219604,B-PER,0.46004027128219604,O,0.14077499508857727,B-MISC,0.11890915781259537
at,IN,B-PP,O,O,0.9994381070137024,O,0.9994381070137024,I-MISC,0.00043058430310338736,I-ORG,0.00010478456533746794
$,$,B-NP,O,O,0.9986525177955627,O,0.9986525177955627,I-MISC,0.000820467306766659,I-ORG,0.0003055465058423579
35,CD,I-NP,O,O,0.9999099969863892,O,0.9999099969863892,I-MISC,5.677560329786502e-05,I-ORG,2.2532723960466683e-05
in,IN,B-PP,O,O,0.9961121678352356,O,0.9961121678352356,I-MISC,0.002107153879478574,I-ORG,0.0014241158496588469
London,NNP,B-NP,B-LOC,B-LOC,0.2672835886478424,B-LOC,0.2672835886478424,I-ORG,0.1408250480890274,I-LOC,0.1316394954919815
.,.,O,O,O,0.9979867935180664,O,0.9979867935180664,I-MISC,0.001119572902098298,I-ORG,0.0007917593466117978
