0,1,2,3,predictions,confidence,pred_1,pred_1_confidence,pred_2,pred_2_confidence,pred_3,pred_3_confidence
Its,PRP$,B-NP,O,O,0.39756208658218384,O,0.39756208658218384,B-ORG,0.16602195799350739,B-PER,0.10259050875902176
previous,JJ,I-NP,O,O,0.9996981620788574,O,0.9996981620788574,I-ORG,0.00017611010116524994,I-MISC,9.144692012341693e-05
close,NN,I-NP,O,O,0.9998261332511902,O,0.9998261332511902,I-ORG,9.315350325778127e-05,I-MISC,6.966038927203044e-05
on,IN,B-PP,O,O,0.9996800422668457,O,0.9996800422668457,I-MISC,0.00015756145876366645,I-ORG,8.39018466649577e-05
Thursday,NNP,B-NP,O,O,0.9884900450706482,O,0.9884900450706482,I-ORG,0.003853293601423502,I-MISC,0.0032224347814917564
as,IN,B-PP,O,O,0.9998842477798462,O,0.9998842477798462,I-MISC,8.087815513135865e-05,I-ORG,2.9593720682896674e-05
$,$,B-NP,O,O,0.9998435974121094,O,0.9998435974121094,I-MISC,8.69708601385355e-05,I-ORG,4.950811853632331e-05
35.63,CD,I-NP,O,O,0.9999933242797852,O,0.9999933242797852,I-MISC,3.630468654591823e-06,I-ORG,2.7537353162188083e-06
.,.,O,O,O,0.9999464750289917,O,0.9999464750289917,I-MISC,3.3345357223879546e-05,I-ORG,1.5829673429834656e-05
