0,1,2,3,predictions,confidence,pred_1,pred_1_confidence,pred_2,pred_2_confidence,pred_3,pred_3_confidence
Woman,NN,B-NP,O,B-PER,0.5971677303314209,B-PER,0.5971677303314209,B-MISC,0.13352076709270477,I-PER,0.10075042396783829
charged,VBN,B-VP,O,O,0.9999587535858154,O,0.9999587535858154,I-MISC,1.942622293427121e-05,I-ORG,1.0521359399717767e-05
over,IN,B-PP,O,O,0.9979775547981262,O,0.9979775547981262,I-MISC,0.0008106804452836514,I-ORG,0.0005448117153719068
N.,NNP,B-NP,B-LOC,B-PER,0.4552149772644043,B-PER,0.4552149772644043,B-LOC,0.2195904552936554,I-PER,0.10360018908977509
Ireland,NNP,I-NP,I-LOC,I-PER,0.29399698972702026,B-PER,0.29399698972702026,B-ORG,0.22685587406158447,B-LOC,0.14868095517158508
arms,NNS,I-NP,O,O,0.9999299049377441,O,0.9999299049377441,I-ORG,2.959490302600898e-05,I-MISC,2.6594381779432297e-05
find,VBP,B-VP,O,O,0.9998170733451843,O,0.9998170733451843,I-MISC,7.363797340076417e-05,I-ORG,7.046388054732233e-05
.,.,O,O,O,0.9999279975891113,O,0.9999279975891113,I-MISC,3.40423830493819e-05,I-ORG,2.497984496585559e-05
