0,1,2,3,predictions,confidence,pred_1,pred_1_confidence,pred_2,pred_2_confidence,pred_3,pred_3_confidence
SOCCER,NN,B-NP,O,O,0.6035818457603455,O,0.6035818457603455,B-ORG,0.169717937707901,I-MISC,0.09186185151338577
-,:,O,O,O,0.9995036125183105,O,0.9995036125183105,I-MISC,0.00026203645393252373,I-ORG,0.00018741085659712553
ASIAN,NNP,B-NP,B-MISC,B-LOC,0.30848854780197144,B-ORG,0.30848854780197144,B-MISC,0.24460367858409882,O,0.1406904011964798
CUP,NNP,I-NP,I-MISC,O,0.5952678918838501,O,0.5952678918838501,B-MISC,0.1334863156080246,B-ORG,0.10937906056642532
GROUP,NNP,I-NP,O,O,0.6002405881881714,O,0.6002405881881714,B-MISC,0.15690861642360687,I-MISC,0.10891524702310562
C,NNP,I-NP,O,O,0.9862446188926697,O,0.9862446188926697,B-MISC,0.006214248947799206,I-MISC,0.0038931970484554768
RESULTS,NNS,I-NP,O,O,0.9953427314758301,O,0.9953427314758301,I-MISC,0.002129673259332776,B-MISC,0.0013002320192754269
.,.,O,O,O,0.9999775886535645,O,0.9999775886535645,I-MISC,1.525304833194241e-05,I-ORG,5.348678769223625e-06
