0,1,2,3,predictions,confidence,pred_1,pred_1_confidence,pred_2,pred_2_confidence,pred_3,pred_3_confidence
She,PRP,B-NP,O,O,0.992990255355835,O,0.992990255355835,I-MISC,0.0022047327365726233,B-ORG,0.002063970547169447
will,MD,B-VP,O,O,0.9999293088912964,O,0.9999293088912964,I-MISC,3.73925686290022e-05,I-ORG,3.002864286827389e-05
appear,VB,I-VP,O,O,0.9999828338623047,O,0.9999828338623047,I-MISC,8.516703928762581e-06,I-ORG,7.974735126481391e-06
in,IN,B-PP,O,O,0.998829185962677,O,0.998829185962677,I-MISC,0.000670979730784893,I-ORG,0.0004230090999044478
court,NN,B-NP,O,O,0.9997535347938538,O,0.9997535347938538,I-ORG,0.0001355462009087205,I-MISC,9.868759661912918e-05
on,IN,B-PP,O,O,0.9995241165161133,O,0.9995241165161133,I-MISC,0.00024593036505393684,I-ORG,0.00012595440784934908
Saturday,NNP,B-NP,O,O,0.8191952705383301,O,0.8191952705383301,B-PER,0.04615793377161026,I-ORG,0.043634913861751556
.,.,O,O,O,0.9999120235443115,O,0.9999120235443115,I-MISC,5.344766759662889e-05,I-ORG,2.823572685883846e-05
