0,1,2,3,predictions,confidence,pred_1,pred_1_confidence,pred_2,pred_2_confidence,pred_3,pred_3_confidence
Her,PRP$,B-NP,O,O,0.979488730430603,O,0.979488730430603,B-ORG,0.00671485485509038,I-ORG,0.004554239567369223
name,NN,I-NP,O,O,0.9985522627830505,O,0.9985522627830505,I-MISC,0.0007376542780548334,I-ORG,0.0005508505273610353
was,VBD,B-VP,O,O,0.9995860457420349,O,0.9995860457420349,I-MISC,0.0002496388915460557,I-ORG,0.00012097735452698544
not,RB,I-VP,O,O,0.9995734095573425,O,0.9995734095573425,I-MISC,0.0002318737533641979,I-ORG,0.0001557323703309521
released,VBN,I-VP,O,O,0.9999489784240723,O,0.9999489784240723,I-ORG,2.833247526723426e-05,I-MISC,1.8892351363319904e-05
.,.,O,O,O,0.9998998641967773,O,0.9998998641967773,I-MISC,5.9762856835732237e-05,I-ORG,3.302458571852185e-05
