0,1,2,3,predictions,confidence,pred_1,pred_1_confidence,pred_2,pred_2_confidence,pred_3,pred_3_confidence
AL-AIN,NNP,B-NP,B-LOC,B-LOC,0.39519205689430237,B-LOC,0.39519205689430237,B-ORG,0.28933146595954895,B-PER,0.12804068624973297
",",",",O,O,O,0.9996346235275269,O,0.9996346235275269,I-MISC,0.00016009235696401447,I-ORG,0.00015511727542616427
United,NNP,B-NP,B-LOC,O,0.25208616256713867,B-ORG,0.25208616256713867,B-PER,0.16902507841587067,B-LOC,0.14633283019065857
Arab,NNP,I-NP,I-LOC,B-PER,0.3789564371109009,B-PER,0.3789564371109009,B-ORG,0.14233234524726868,B-LOC,0.14173735678195953
Emirates,NNPS,I-NP,I-LOC,I-PER,0.2678918242454529,B-ORG,0.2678918242454529,B-PER,0.1818029284477234,I-ORG,0.12581615149974823
1996-12-06,CD,I-NP,O,O,0.9994925260543823,O,0.9994925260543823,I-ORG,0.0002857735089492053,I-MISC,0.00014914153143763542
