0,1,2,3,predictions,confidence,pred_1,pred_1_confidence,pred_2,pred_2_confidence,pred_3,pred_3_confidence
Edna,NNP,B-NP,B-PER,B-PER,0.5806006789207458,B-PER,0.5806006789207458,B-LOC,0.21991866827011108,I-PER,0.14004337787628174
Fernandes,NNPS,I-NP,I-PER,I-PER,0.3868332803249359,B-PER,0.3868332803249359,I-PER,0.2547515630722046,O,0.1257960945367813
LONDON,NNP,B-NP,B-LOC,B-LOC,0.8158496022224426,B-LOC,0.8158496022224426,B-PER,0.09990222007036209,B-ORG,0.026119399815797806
1996-12-06,CD,I-NP,O,O,0.9998557567596436,O,0.9998557567596436,I-ORG,6.641300569754094e-05,I-MISC,3.724142152350396e-05
