0,1,2,3,predictions,confidence,pred_1,pred_1_confidence,pred_2,pred_2_confidence,pred_3,pred_3_confidence
Britain,NNP,B-NP,B-LOC,B-LOC,0.5876962542533875,B-LOC,0.5876962542533875,B-PER,0.12708762288093567,I-PER,0.07486404478549957
sets,VBZ,B-VP,O,O,0.9997124075889587,O,0.9997124075889587,I-ORG,0.0002225652278866619,I-MISC,4.2054092773469165e-05
conditions,NNS,B-NP,O,O,0.999927282333374,O,0.999927282333374,I-ORG,4.601180262397975e-05,I-MISC,2.2053074644645676e-05
to,TO,B-VP,O,O,0.9962867498397827,O,0.9962867498397827,I-ORG,0.002274524886161089,I-MISC,0.0012850760249421
clear,VB,I-VP,O,O,0.9995108842849731,O,0.9995108842849731,I-ORG,0.00036138982977718115,I-MISC,0.00011819026985904202
American,JJ,B-NP,B-MISC,B-MISC,0.3785439133644104,B-MISC,0.3785439133644104,I-ORG,0.2634633779525757,B-ORG,0.2291528433561325
alliance,NN,I-NP,O,O,0.996527373790741,O,0.996527373790741,I-ORG,0.0020187031477689743,I-MISC,0.0013255331432446837
.,.,O,O,O,0.9986456036567688,O,0.9986456036567688,I-MISC,0.000730514875613153,I-ORG,0.0005412707687355578
