0,1,2,3,predictions,confidence,pred_1,pred_1_confidence,pred_2,pred_2_confidence,pred_3,pred_3_confidence
Japan,NNP,B-NP,B-LOC,B-ORG,0.6171720027923584,B-ORG,0.6171720027923584,I-ORG,0.12802353501319885,B-LOC,0.09642280638217926
2,CD,I-NP,O,O,0.9995661377906799,O,0.9995661377906799,I-ORG,0.0003449619107414037,B-ORG,5.141165456734598e-05
Syria,NNP,I-NP,B-LOC,B-ORG,0.7666847705841064,B-ORG,0.7666847705841064,I-ORG,0.1619689166545868,B-MISC,0.01789764314889908
1,CD,I-NP,O,O,0.9997020363807678,O,0.9997020363807678,I-ORG,0.00017034100892487913,I-MISC,8.888344746083021e-05
(,(,I-NP,O,O,0.9990609288215637,O,0.9990609288215637,I-MISC,0.000507810793351382,I-ORG,0.0003566860395949334
halftime,NN,I-NP,O,O,0.99915611743927,O,0.99915611743927,I-ORG,0.0004989471053704619,I-MISC,0.000277855055173859
0-1,JJ,B-ADVP,O,O,0.9996309280395508,O,0.9996309280395508,I-MISC,0.00017116930393967777,I-ORG,0.00016580555529799312
),),O,O,O,0.9994670748710632,O,0.9994670748710632,I-MISC,0.00024814781500026584,I-ORG,0.00020805801614187658
