0,1,2,3,predictions,confidence,pred_1,pred_1_confidence,pred_2,pred_2_confidence,pred_3,pred_3_confidence
Syria,NNP,B-NP,B-LOC,B-ORG,0.543036699295044,B-ORG,0.543036699295044,I-ORG,0.11683695763349533,B-MISC,0.0985889658331871
-,:,O,O,O,0.9985224604606628,O,0.9985224604606628,I-ORG,0.0008579083369113505,I-MISC,0.0004921723739244044
Nader,NNP,B-NP,B-PER,B-PER,0.3925410211086273,B-ORG,0.3925410211086273,B-PER,0.2030869573354721,I-ORG,0.10712611675262451
Jokhadar,NNP,I-NP,I-PER,I-PER,0.3128509223461151,B-PER,0.3128509223461151,B-ORG,0.27099281549453735,O,0.11874531209468842
7,CD,I-NP,O,O,0.9998369216918945,O,0.9998369216918945,I-ORG,7.842953345971182e-05,I-MISC,7.040764467092231e-05
