0,1,2,3,predictions,confidence,pred_1,pred_1_confidence,pred_2,pred_2_confidence,pred_3,pred_3_confidence
Attendance,NN,B-NP,O,O,0.7515086531639099,O,0.7515086531639099,B-MISC,0.12578162550926208,I-MISC,0.061798226088285446
:,:,O,O,O,0.9995823502540588,O,0.9995823502540588,I-MISC,0.0002905641158577055,I-ORG,6.96952993166633e-05
"10,000",LS,B-LST,O,O,0.9995431900024414,O,0.9995431900024414,I-MISC,0.00022106867982074618,I-ORG,0.00019160675583407283
.,.,O,O,O,0.9998140931129456,O,0.9998140931129456,I-MISC,0.00010655760706868023,I-ORG,6.470372318290174e-05
