0,1,2,3,predictions,confidence,pred_1,pred_1_confidence,pred_2,pred_2_confidence,pred_3,pred_3_confidence
Scorers,NNS,B-NP,O,O,0.9760056138038635,O,0.9760056138038635,B-MISC,0.009549983777105808,B-ORG,0.005689914803951979
:,:,O,O,O,0.9974327683448792,O,0.9974327683448792,I-MISC,0.0017738639144226909,I-ORG,0.0005522071151062846
Shkvyrin,NNP,B-NP,B-PER,B-ORG,0.34120264649391174,B-ORG,0.34120264649391174,I-ORG,0.23404331505298615,B-MISC,0.1298171877861023
Igor,NNP,I-NP,I-PER,I-ORG,0.34918251633644104,B-ORG,0.34918251633644104,I-ORG,0.24969013035297394,I-MISC,0.10391050577163696
78,CD,I-NP,O,O,0.9997707009315491,O,0.9997707009315491,I-ORG,0.00011902714322786778,I-MISC,0.00010418121382826939
",",",",O,O,O,0.999305009841919,O,0.999305009841919,I-MISC,0.0003842395090032369,I-ORG,0.0002312841679668054
Shatskikh,NNP,B-NP,B-PER,B-PER,0.28476038575172424,B-PER,0.28476038575172424,B-MISC,0.28286808729171753,I-PER,0.1379276067018509
Oleg,NNP,I-NP,I-PER,I-PER,0.40061870217323303,B-PER,0.40061870217323303,O,0.2904857397079468,I-PER,0.09167804569005966
90,CD,I-NP,O,O,0.9990789890289307,O,0.9990789890289307,I-MISC,0.0004835313302464783,I-ORG,0.0002070966875180602
