0,1,2,3,predictions,confidence,pred_1,pred_1_confidence,pred_2,pred_2_confidence,pred_3,pred_3_confidence
New,JJ,B-NP,O,B-LOC,0.37228694558143616,B-LOC,0.37228694558143616,B-ORG,0.13177791237831116,I-LOC,0.1206875666975975
meningitis,NNS,I-NP,O,O,0.9965446591377258,O,0.9965446591377258,I-ORG,0.0020932313054800034,I-MISC,0.001096588559448719
scare,VBP,B-VP,O,O,0.9974988102912903,O,0.9974988102912903,I-ORG,0.0011550746858119965,I-MISC,0.0010562598472461104
hits,NNS,B-NP,O,O,0.9988963603973389,O,0.9988963603973389,I-MISC,0.0004801285977009684,I-ORG,0.0004245153395459056
Britain,NNP,I-NP,B-LOC,B-LOC,0.7008512616157532,B-LOC,0.7008512616157532,B-PER,0.0805451050400734,I-PER,0.07038567215204239
.,.,O,O,O,0.9988880753517151,O,0.9988880753517151,I-MISC,0.0005460280226543546,I-ORG,0.00045544267049990594
