0,1,2,3,predictions,confidence,pred_1,pred_1_confidence,pred_2,pred_2_confidence,pred_3,pred_3_confidence
Three,CD,B-NP,O,O,0.7026793956756592,O,0.7026793956756592,B-PER,0.084825299680233,B-ORG,0.05300794914364815
were,VBD,B-VP,O,O,0.9999784231185913,O,0.9999784231185913,I-MISC,1.2650261851376854e-05,I-ORG,7.668477337574586e-06
listed,VBN,I-VP,O,O,0.9995009899139404,O,0.9995009899139404,I-ORG,0.0002836794010363519,I-MISC,0.00018319299852009863
in,IN,B-PP,O,O,0.9970546960830688,O,0.9970546960830688,I-MISC,0.0015877682017162442,I-ORG,0.001206433167681098
poor,JJ,B-NP,O,O,0.9989295601844788,O,0.9989295601844788,I-ORG,0.0006243041716516018,I-MISC,0.0003995201550424099
condition,NN,I-NP,O,O,0.9998856782913208,O,0.9998856782913208,I-ORG,6.003236921969801e-05,I-MISC,4.65428274765145e-05
.,.,O,O,O,0.9998459815979004,O,0.9998459815979004,I-MISC,8.676792640471831e-05,I-ORG,5.506675734068267e-05
