0,1,2,3,predictions,confidence,pred_1,pred_1_confidence,pred_2,pred_2_confidence,pred_3,pred_3_confidence
Major,NNP,B-NP,B-PER,O,0.23444224894046783,B-PER,0.23444224894046783,B-ORG,0.2142590433359146,I-ORG,0.16456417739391327
's,POS,B-NP,O,O,0.9735366702079773,O,0.9735366702079773,I-ORG,0.013385757803916931,I-MISC,0.011116991750895977
office-Conservatives,JJ,I-NP,B-MISC,O,0.9705227017402649,O,0.9705227017402649,I-ORG,0.017669549211859703,I-MISC,0.009380115196108818
still,RB,B-ADVP,O,O,0.9979122281074524,O,0.9979122281074524,I-ORG,0.001302659627981484,I-MISC,0.0007039858028292656
have,VB,B-VP,O,O,0.9997391104698181,O,0.9997391104698181,I-ORG,0.00012855500972364098,I-MISC,0.00012665950634982437
majority,NN,B-NP,O,O,0.9994097948074341,O,0.9994097948074341,I-ORG,0.00037416457780636847,I-MISC,0.0001904546661535278
.,.,O,O,O,0.9995055198669434,O,0.9995055198669434,I-MISC,0.00027734189643524587,I-ORG,0.00018753153563011438
