0,1,2,3,predictions,confidence,pred_1,pred_1_confidence,pred_2,pred_2_confidence,pred_3,pred_3_confidence
Japan,NNP,B-NP,B-LOC,B-ORG,0.8866053819656372,B-ORG,0.8866053819656372,I-ORG,0.10510239750146866,I-MISC,0.002601764164865017
1,CD,I-NP,O,O,0.9958301186561584,O,0.9958301186561584,I-ORG,0.0027836274821311235,B-ORG,0.001251482986845076
1,CD,I-NP,O,O,0.9985024929046631,O,0.9985024929046631,I-ORG,0.0010472555877640843,B-ORG,0.0003856275579892099
0,CD,I-NP,O,O,0.9996953010559082,O,0.9996953010559082,I-ORG,0.00025389378424733877,B-ORG,3.136445229756646e-05
0,CD,I-NP,O,O,0.9997054934501648,O,0.9997054934501648,I-ORG,0.0002453172055538744,B-ORG,2.6575840820441954e-05
2,CD,I-NP,O,O,0.9997895359992981,O,0.9997895359992981,I-ORG,0.0001743161556078121,I-MISC,1.897553556773346e-05
1,CD,I-NP,O,O,0.9997493624687195,O,0.9997493624687195,I-ORG,0.0001702613808447495,I-MISC,4.153861664235592e-05
3,CD,I-NP,O,O,0.9999760389328003,O,0.9999760389328003,I-MISC,1.2024070201732684e-05,I-ORG,1.0967750313284341e-05
