0,1,2,3,predictions,confidence,pred_1,pred_1_confidence,pred_2,pred_2_confidence,pred_3,pred_3_confidence
Syria,NNP,B-NP,B-LOC,B-ORG,0.9249037504196167,B-ORG,0.9249037504196167,I-ORG,0.07056327164173126,B-MISC,0.0012917234562337399
1,CD,I-NP,O,O,0.9984788298606873,O,0.9984788298606873,I-ORG,0.0010230577317997813,B-ORG,0.0004398204619064927
0,CD,I-NP,O,O,0.9997188448905945,O,0.9997188448905945,I-ORG,0.00023220649745780975,B-ORG,3.2334053685190156e-05
0,CD,I-NP,O,O,0.9996293783187866,O,0.9996293783187866,I-ORG,0.00030976830748841166,B-ORG,3.6034456570632756e-05
1,CD,I-NP,O,O,0.998691976070404,O,0.998691976070404,I-ORG,0.0009530629613436759,B-ORG,0.0002704763610381633
1,CD,I-NP,O,O,0.9993125200271606,O,0.9993125200271606,I-ORG,0.0004884360241703689,B-ORG,0.0001442995126126334
2,CD,I-NP,O,O,0.9999401569366455,O,0.9999401569366455,I-ORG,4.6616529289167374e-05,I-MISC,8.15343446447514e-06
0,CD,I-NP,O,O,0.9999755620956421,O,0.9999755620956421,I-ORG,1.322682510362938e-05,I-MISC,9.896793017105665e-06
