0,1,2,3,predictions,confidence,pred_1,pred_1_confidence,pred_2,pred_2_confidence,pred_3,pred_3_confidence
Electronic,NNP,B-NP,B-ORG,B-PER,0.3843478262424469,B-PER,0.3843478262424469,B-MISC,0.20208331942558289,B-ORG,0.10692752152681351
Data,NNP,I-NP,I-ORG,I-PER,0.7301046848297119,B-PER,0.7301046848297119,I-PER,0.11070536077022552,B-LOC,0.07675939053297043
bags,NNS,I-NP,O,O,0.999866247177124,O,0.999866247177124,I-MISC,7.665245357202366e-05,I-ORG,3.7917139707133174e-05
flight,NN,I-NP,O,O,0.9972896575927734,O,0.9972896575927734,I-ORG,0.0013187373988330364,I-MISC,0.001104567083530128
data,NNS,I-NP,O,O,0.8775638341903687,O,0.8775638341903687,I-ORG,0.05149053782224655,I-MISC,0.04906084015965462
contract,NN,I-NP,O,O,0.999397873878479,O,0.999397873878479,I-ORG,0.00036504713352769613,I-MISC,0.00020962093549314886
.,.,O,O,O,0.9992610812187195,O,0.9992610812187195,I-MISC,0.0003945604548789561,I-ORG,0.00029437633929774165
