0,1,2,3,predictions,confidence,pred_1,pred_1_confidence,pred_2,pred_2_confidence,pred_3,pred_3_confidence
CRICKET,NNP,B-NP,O,O,0.5231923460960388,O,0.5231923460960388,I-MISC,0.1358908712863922,B-MISC,0.11027051508426666
-,:,O,O,O,0.999392032623291,O,0.999392032623291,I-MISC,0.0003642809751909226,I-ORG,0.00017158548871520907
PAKISTAN,NNP,B-NP,B-LOC,B-LOC,0.8398700952529907,B-LOC,0.8398700952529907,B-PER,0.10093994438648224,B-MISC,0.01448670681566
V,NNP,I-NP,O,O,0.5404694080352783,O,0.5404694080352783,B-ORG,0.18855035305023193,B-MISC,0.10117531567811966
NEW,JJ,I-NP,B-LOC,O,0.6444180607795715,O,0.6444180607795715,B-PER,0.13784930109977722,B-ORG,0.10717079043388367
ZEALAND,NNP,I-NP,I-LOC,O,0.3880781829357147,O,0.3880781829357147,B-PER,0.3006290793418884,B-LOC,0.12771451473236084
ONE-DAY,JJ,I-NP,O,O,0.8352239727973938,O,0.8352239727973938,B-PER,0.05483666807413101,B-MISC,0.031644389033317566
SCOREBOARD,NNP,I-NP,O,O,0.9343709945678711,O,0.9343709945678711,B-MISC,0.018501611426472664,B-PER,0.01446267869323492
.,.,O,O,O,0.9999814033508301,O,0.9999814033508301,I-MISC,1.0630415090417955e-05,I-ORG,4.659998012357391e-06
