0,1,2,3,predictions,confidence,pred_1,pred_1_confidence,pred_2,pred_2_confidence,pred_3,pred_3_confidence
--,:,B-NP,O,O,0.999900221824646,O,0.999900221824646,I-ORG,6.539175956277177e-05,I-MISC,3.0127303034532815e-05
Sydney,NNP,I-NP,B-ORG,B-ORG,0.4681234359741211,B-ORG,0.4681234359741211,I-ORG,0.3337368369102478,I-MISC,0.04947955906391144
Newsroom,NNP,I-NP,I-ORG,I-ORG,0.31928423047065735,B-ORG,0.31928423047065735,I-ORG,0.2826845347881317,B-LOC,0.10501992702484131
61-2,NN,I-NP,O,O,0.9995816349983215,O,0.9995816349983215,I-ORG,0.00023942656116560102,I-MISC,0.00016486411914229393
9373-1800,CD,I-NP,O,O,0.9800897836685181,O,0.9800897836685181,I-ORG,0.01111703459173441,I-MISC,0.005934852175414562
