0,1,2,3,predictions,confidence,pred_1,pred_1_confidence,pred_2,pred_2_confidence,pred_3,pred_3_confidence
SIALKOT,NNP,B-NP,B-LOC,B-LOC,0.6642820239067078,B-LOC,0.6642820239067078,B-PER,0.16867341101169586,I-PER,0.043941475450992584
",",",",O,O,O,0.9991495609283447,O,0.9991495609283447,I-MISC,0.00023349282855633646,I-ORG,0.00021257837943267077
Pakistan,NNP,B-NP,B-LOC,B-LOC,0.4673739969730377,B-LOC,0.4673739969730377,I-PER,0.1917310208082199,B-PER,0.1901039332151413
1996-12-06,CD,I-NP,O,O,0.9984092116355896,O,0.9984092116355896,I-ORG,0.0008773138979449868,I-MISC,0.00039614239358343184
