0,1,2,3,predictions,confidence,pred_1,pred_1_confidence,pred_2,pred_2_confidence,pred_3,pred_3_confidence
Scores,NNS,B-NP,O,O,0.3403053879737854,O,0.3403053879737854,B-PER,0.24949541687965393,B-MISC,0.12830808758735657
:,:,O,O,O,0.9987267851829529,O,0.9987267851829529,I-MISC,0.0006322461413219571,I-ORG,0.00031197103089652956
Pakistan,NNP,B-NP,B-LOC,B-LOC,0.5233144760131836,B-LOC,0.5233144760131836,I-PER,0.18847450613975525,B-PER,0.15954110026359558
277-9,CD,I-NP,O,O,0.9991990923881531,O,0.9991990923881531,I-ORG,0.00046657209168188274,I-MISC,0.00022540069767273962
",",",",O,O,O,0.9981095790863037,O,0.9981095790863037,I-ORG,0.0007180629763752222,I-MISC,0.0006129431421868503
New,NNP,B-NP,B-LOC,B-LOC,0.43942755460739136,B-LOC,0.43942755460739136,I-LOC,0.16657844185829163,B-ORG,0.08950414508581161
Zealand,NNP,I-NP,I-LOC,I-LOC,0.22926932573318481,B-LOC,0.22926932573318481,B-PER,0.17329248785972595,I-LOC,0.14366185665130615
231,CD,I-NP,O,O,0.9995187520980835,O,0.9995187520980835,I-MISC,0.00024812607443891466,I-ORG,0.00019660405814647675
