0,1,2,3,predictions,confidence,pred_1,pred_1_confidence,pred_2,pred_2_confidence,pred_3,pred_3_confidence
Scoreboard,RB,B-ADVP,O,O,0.9745557904243469,O,0.9745557904243469,B-ORG,0.00832535419613123,B-MISC,0.007056911941617727
in,IN,B-PP,O,O,0.9986811280250549,O,0.9986811280250549,I-MISC,0.0009089639643207192,I-ORG,0.0003122963826172054
the,DT,B-NP,O,O,0.9991777539253235,O,0.9991777539253235,I-MISC,0.0005681408219970763,I-ORG,0.00023161426361184567
second,JJ,I-NP,O,O,0.99491286277771,O,0.99491286277771,I-ORG,0.0026284416671842337,I-MISC,0.0022052128333598375
