0,1,2,3,predictions,confidence,pred_1,pred_1_confidence,pred_2,pred_2_confidence,pred_3,pred_3_confidence
CONTRACT,NNP,B-NP,O,O,0.5081548690795898,O,0.5081548690795898,B-MISC,0.17564429342746735,I-MISC,0.15622343122959137
PREVIOUS,NNP,I-NP,O,O,0.9727303981781006,O,0.9727303981781006,B-MISC,0.011068595573306084,I-MISC,0.010759500786662102
CLOSE,NNP,I-NP,O,O,0.794140100479126,O,0.794140100479126,I-MISC,0.09045592695474625,B-MISC,0.07140985876321793
PM,NNP,I-NP,O,O,0.9672806262969971,O,0.9672806262969971,B-MISC,0.017013831064105034,I-MISC,0.010970748960971832
CLOSE,NNP,I-NP,O,O,0.8584417700767517,O,0.8584417700767517,I-MISC,0.06218872591853142,B-MISC,0.03728070482611656
PM,NNP,I-NP,O,O,0.9623752236366272,O,0.9623752236366272,I-MISC,0.011957538314163685,B-MISC,0.0113620450720191
CLOSING,NNP,I-NP,O,O,0.5766927599906921,O,0.5766927599906921,B-ORG,0.1191137433052063,B-LOC,0.09237769991159439
RANGE,NNP,I-NP,O,O,0.5130894780158997,O,0.5130894780158997,B-ORG,0.17921295762062073,I-MISC,0.08190696686506271
