0,1,2,3,predictions,confidence,pred_1,pred_1_confidence,pred_2,pred_2_confidence,pred_3,pred_3_confidence
Mar,NNP,B-NP,O,O,0.5222957730293274,B-PER,0.5222957730293274,O,0.18323799967765808,I-PER,0.07320939004421234
97,CD,I-NP,O,O,0.9990124702453613,O,0.9990124702453613,I-MISC,0.0005528610199689865,I-ORG,0.00024046379257924855
76.37,CD,I-NP,O,O,0.9999792575836182,O,0.9999792575836182,I-ORG,1.171605890704086e-05,I-MISC,8.166227416950278e-06
76.12,CD,I-NP,O,O,0.9999712705612183,O,0.9999712705612183,I-ORG,1.7094671420636587e-05,I-MISC,1.051436902343994e-05
72.02,CD,I-NP,O,O,0.9999545812606812,O,0.9999545812606812,I-ORG,2.6123834686586633e-05,I-MISC,1.752730895532295e-05
73.47-78.24,CD,I-NP,O,O,0.9999487400054932,O,0.9999487400054932,I-ORG,3.13076343445573e-05,I-MISC,1.793096453184262e-05
