0,1,2,3,predictions,confidence,pred_1,pred_1_confidence,pred_2,pred_2_confidence,pred_3,pred_3_confidence
Apr,NNP,B-NP,O,O,0.5865023136138916,O,0.5865023136138916,B-PER,0.1808687299489975,I-MISC,0.06372907012701035
97,CD,I-NP,O,O,0.9990124702453613,O,0.9990124702453613,I-MISC,0.0005528610199689865,I-ORG,0.00024046379257924855
74.13,CD,I-NP,O,O,0.9999794960021973,O,0.9999794960021973,I-ORG,1.2062150744895916e-05,I-MISC,7.522093255829532e-06
74.69,CD,I-NP,O,O,0.9999420642852783,O,0.9999420642852783,I-ORG,3.5151144402334467e-05,I-MISC,2.0243280232534744e-05
70.59,CD,I-NP,O,O,0.9999274015426636,O,0.9999274015426636,I-ORG,4.29235260526184e-05,I-MISC,2.6686107958084904e-05
72.04-76.81,CD,I-NP,O,O,0.9999151229858398,O,0.9999151229858398,I-ORG,5.167133349459618e-05,I-MISC,2.9223218007246032e-05
