0,1,2,3,predictions,confidence,pred_1,pred_1_confidence,pred_2,pred_2_confidence,pred_3,pred_3_confidence
Jun,NN,B-NP,O,O,0.2916663885116577,B-PER,0.2916663885116577,O,0.2859013080596924,I-MISC,0.10576384514570236
97,CD,I-NP,O,O,0.9990124702453613,O,0.9990124702453613,I-MISC,0.0005528610199689865,I-ORG,0.00024046379257924855
77.53,CD,I-NP,O,O,0.9999802112579346,O,0.9999802112579346,I-ORG,1.1378314411558677e-05,I-MISC,7.58298938308144e-06
77.24,CD,I-NP,O,O,0.9999728202819824,O,0.9999728202819824,I-ORG,1.5902933228062466e-05,I-MISC,1.0164383638766594e-05
73.17,CD,I-NP,O,O,0.9999572038650513,O,0.9999572038650513,I-ORG,2.4764272893662564e-05,I-MISC,1.6314277672790922e-05
74.62-79.35,CD,I-NP,O,O,0.9999256134033203,O,0.9999256134033203,I-ORG,4.425275983521715e-05,I-MISC,2.706574923649896e-05
