0,1,2,3,predictions,confidence,pred_1,pred_1_confidence,pred_2,pred_2_confidence,pred_3,pred_3_confidence
May,NNP,B-NP,O,O,0.9793463945388794,O,0.9793463945388794,B-PER,0.008251911029219627,I-MISC,0.005476814694702625
97,CD,I-NP,O,O,0.9994600415229797,O,0.9994600415229797,I-MISC,0.0003474565746728331,I-ORG,0.00011825054389191791
76.51,CD,I-NP,O,O,0.9999760389328003,O,0.9999760389328003,I-ORG,1.3153946383681614e-05,I-MISC,1.003965826384956e-05
77.07,CD,I-NP,O,O,0.999972939491272,O,0.999972939491272,I-ORG,1.4178248420648742e-05,I-MISC,1.2123054148105439e-05
72.97,CD,I-NP,O,O,0.9999575614929199,O,0.9999575614929199,I-ORG,2.371949449297972e-05,I-MISC,1.718556450214237e-05
74.42-79.19,CD,I-NP,O,O,0.9999033212661743,O,0.9999033212661743,I-ORG,5.786956535303034e-05,I-MISC,3.4630422305781394e-05
