0,1,2,3,predictions,confidence,pred_1,pred_1_confidence,pred_2,pred_2_confidence,pred_3,pred_3_confidence
one-day,JJ,B-NP,O,O,0.9991014003753662,O,0.9991014003753662,I-ORG,0.0004297496925573796,I-PER,0.00015447517216671258
cricket,NN,I-NP,O,O,0.9999041557312012,O,0.9999041557312012,I-ORG,5.201829844736494e-05,I-MISC,2.1288147763698362e-05
international,JJ,I-NP,O,O,0.9979279041290283,O,0.9979279041290283,I-ORG,0.0010353646939620376,I-MISC,0.0005005562561564147
between,IN,B-PP,O,O,0.9993209838867188,O,0.9993209838867188,I-ORG,0.00029983100830577314,I-PER,0.00013984185352455825
Pakistan,NNP,B-NP,B-LOC,B-LOC,0.5585330128669739,B-LOC,0.5585330128669739,I-PER,0.1595066338777542,I-LOC,0.08722975850105286
and,CC,O,O,O,0.9837955236434937,O,0.9837955236434937,I-ORG,0.00794602558016777,I-MISC,0.004506932571530342
New,NNP,B-NP,B-LOC,B-LOC,0.354000985622406,B-LOC,0.354000985622406,I-LOC,0.23979170620441437,B-ORG,0.12596772611141205
Zealand,NNP,I-NP,I-LOC,I-LOC,0.2114415168762207,I-LOC,0.2114415168762207,B-LOC,0.20572027564048767,I-ORG,0.17211468517780304
