0,1,2,3,predictions,confidence,pred_1,pred_1_confidence,pred_2,pred_2_confidence,pred_3,pred_3_confidence
Jul,JJ,B-NP,O,O,0.9740434288978577,O,0.9740434288978577,I-MISC,0.008294878527522087,B-MISC,0.007044422440230846
97,CD,I-NP,O,O,0.9997392296791077,O,0.9997392296791077,I-MISC,0.00015898467972874641,I-ORG,5.063870776211843e-05
74.45,CD,I-NP,O,O,0.9999896287918091,O,0.9999896287918091,I-ORG,5.439402684714878e-06,I-MISC,4.404647370392922e-06
74.01,CD,I-NP,O,O,0.9999788999557495,O,0.9999788999557495,I-ORG,1.0855106665985659e-05,I-MISC,9.332447007182054e-06
69.95,CD,I-NP,O,O,0.9999421834945679,O,0.9999421834945679,I-ORG,3.12664924422279e-05,I-MISC,2.3398857592837885e-05
71.39-76.12,CD,I-NP,O,O,0.9999561309814453,O,0.9999561309814453,I-ORG,2.5387054847669788e-05,I-MISC,1.626061202841811e-05
