0,1,2,3,predictions,confidence,pred_1,pred_1_confidence,pred_2,pred_2_confidence,pred_3,pred_3_confidence
Aug,VBG,B-VP,O,O,0.6754730939865112,O,0.6754730939865112,B-PER,0.13279348611831665,I-MISC,0.05435014143586159
97,CD,B-NP,O,O,0.9990124702453613,O,0.9990124702453613,I-MISC,0.0005528610199689865,I-ORG,0.00024046379257924855
72.41,CD,I-NP,O,O,0.9999661445617676,O,0.9999661445617676,I-ORG,1.998336119868327e-05,I-MISC,1.1949578038183972e-05
72.07,CD,I-NP,O,O,0.9999628067016602,O,0.9999628067016602,I-ORG,2.088007386191748e-05,I-MISC,1.4819537682342343e-05
68.01,CD,I-NP,O,O,0.999930739402771,O,0.999930739402771,I-ORG,3.902352909790352e-05,I-MISC,2.7168531232746318e-05
69.45-74.18,CD,I-NP,O,O,0.9999021291732788,O,0.9999021291732788,I-ORG,6.0719634348060936e-05,I-MISC,3.1322302675107494e-05
