0,1,2,3,predictions,confidence,pred_1,pred_1_confidence,pred_2,pred_2_confidence,pred_3,pred_3_confidence
Oct,NNP,B-NP,O,O,0.9718430638313293,O,0.9718430638313293,I-MISC,0.01011674851179123,I-ORG,0.005605005193501711
97,CD,I-NP,O,O,0.9993582367897034,O,0.9993582367897034,I-MISC,0.0003838380507659167,I-ORG,0.00014741200720891356
68.00,CD,I-NP,O,O,0.9999511241912842,O,0.9999511241912842,I-ORG,2.4589455279055983e-05,I-MISC,2.1968962755636312e-05
68.05,CD,I-NP,O,O,0.9999600648880005,O,0.9999600648880005,I-ORG,2.203621988883242e-05,I-MISC,1.635818262002431e-05
63.98,CD,I-NP,O,O,0.9999561309814453,O,0.9999561309814453,I-ORG,2.4843988285283558e-05,I-MISC,1.7360727724735625e-05
65.43-70.16,CD,I-NP,O,O,0.9999291896820068,O,0.9999291896820068,I-ORG,4.132479807594791e-05,I-MISC,2.651411159604322e-05
