0,1,2,3,predictions,confidence,pred_1,pred_1_confidence,pred_2,pred_2_confidence,pred_3,pred_3_confidence
Sep,NN,B-NP,O,O,0.5074657201766968,O,0.5074657201766968,B-PER,0.1404949277639389,I-MISC,0.10064578056335449
97,CD,I-NP,O,O,0.9990124702453613,O,0.9990124702453613,I-MISC,0.0005528610199689865,I-ORG,0.00024046379257924855
69.18,CD,I-NP,O,O,0.9999498128890991,O,0.9999498128890991,I-ORG,2.9477861971827224e-05,I-MISC,1.7640702935750596e-05
69.24,CD,I-NP,O,O,0.999945878982544,O,0.999945878982544,I-ORG,3.1650048185838386e-05,I-MISC,1.953076025529299e-05
65.17,CD,I-NP,O,O,0.9999572038650513,O,0.9999572038650513,I-ORG,2.404244696663227e-05,I-MISC,1.713971323624719e-05
66.61-71.34,CD,I-NP,O,O,0.9999537467956543,O,0.9999537467956543,I-ORG,2.6984525902662426e-05,I-MISC,1.734370925987605e-05
