0,1,2,3,predictions,confidence,pred_1,pred_1_confidence,pred_2,pred_2_confidence,pred_3,pred_3_confidence
on,IN,B-PP,O,O,0.9997960925102234,O,0.9997960925102234,I-MISC,0.0001210531045217067,B-PER,2.765477438515518e-05
Friday,NNP,B-NP,O,O,0.9915294647216797,O,0.9915294647216797,I-MISC,0.003199881175532937,B-MISC,0.0018940126756206155
:,:,O,O,O,0.9996569156646729,O,0.9996569156646729,I-MISC,0.0002467936428729445,I-ORG,6.091055547585711e-05
