0,1,2,3,predictions,confidence,pred_1,pred_1_confidence,pred_2,pred_2_confidence,pred_3,pred_3_confidence
Nov,NNP,B-NP,O,O,0.9356881380081177,O,0.9356881380081177,I-MISC,0.018002478405833244,B-MISC,0.017782336100935936
97,CD,I-NP,O,O,0.9993937015533447,O,0.9993937015533447,I-MISC,0.0003818666737060994,I-ORG,0.0001358208537567407
68.00,CD,I-NP,O,O,0.9999499320983887,O,0.9999499320983887,I-ORG,2.4508399292244576e-05,I-MISC,2.3427308406098746e-05
68.05,CD,I-NP,O,O,0.9999587535858154,O,0.9999587535858154,I-ORG,2.2309368432615884e-05,I-MISC,1.7501926777185872e-05
63.98,CD,I-NP,O,O,0.9999551773071289,O,0.9999551773071289,I-ORG,2.499987749615684e-05,I-MISC,1.825755498430226e-05
65.43-70.16,CD,I-NP,O,O,0.9999278783798218,O,0.9999278783798218,I-ORG,4.166737198829651e-05,I-MISC,2.7653726647258736e-05
