0,1,2,3,predictions,confidence,pred_1,pred_1_confidence,pred_2,pred_2_confidence,pred_3,pred_3_confidence
Dec,NNP,B-NP,O,O,0.6978693008422852,O,0.6978693008422852,B-ORG,0.1555701047182083,I-ORG,0.0782543495297432
4,CD,I-NP,O,O,0.9999810457229614,O,0.9999810457229614,I-ORG,1.1477839507278986e-05,I-MISC,6.292210855463054e-06
87.16,CD,I-NP,O,O,0.9999279975891113,O,0.9999279975891113,I-ORG,3.623758311732672e-05,I-MISC,3.2311225368175656e-05
