0,1,2,3,predictions,confidence,pred_1,pred_1_confidence,pred_2,pred_2_confidence,pred_3,pred_3_confidence
Manitoba,NNP,B-NP,B-ORG,B-ORG,0.30933475494384766,B-ORG,0.30933475494384766,B-PER,0.22680319845676422,I-ORG,0.12141214311122894
's,POS,B-NP,O,O,0.9984086155891418,O,0.9984086155891418,I-MISC,0.0008337425533682108,I-ORG,0.0006019764114171267
Hog,NNP,I-NP,O,O,0.4587036073207855,O,0.4587036073207855,I-MISC,0.18397873640060425,I-ORG,0.11296435445547104
Price,NNP,I-NP,O,B-MISC,0.2690277397632599,B-MISC,0.2690277397632599,I-MISC,0.22745411098003387,O,0.22114761173725128
Range,NNP,I-NP,O,I-MISC,0.2656901478767395,B-MISC,0.2656901478767395,I-MISC,0.2598593831062317,O,0.210077166557312
:,:,O,O,O,0.9991507530212402,O,0.9991507530212402,I-MISC,0.0006290806923061609,I-ORG,0.00011133008956676349
84.00-86.00,CD,B-NP,O,O,0.9998822212219238,O,0.9998822212219238,I-MISC,5.881688048248179e-05,I-ORG,5.255488940747455e-05
per,IN,B-PP,O,O,0.9999802112579346,O,0.9999802112579346,I-MISC,1.1269394235569052e-05,I-ORG,7.537581041106023e-06
cwt,NN,B-NP,O,O,0.9999454021453857,O,0.9999454021453857,I-MISC,2.8639595257118344e-05,I-ORG,2.365128239034675e-05
