0,1,2,3,predictions,confidence,pred_1,pred_1_confidence,pred_2,pred_2_confidence,pred_3,pred_3_confidence
CAN,NNP,B-NP,B-LOC,O,0.32669997215270996,B-ORG,0.32669997215270996,O,0.22393247485160828,B-MISC,0.1821679323911667
/,SYM,O,O,O,0.988897979259491,O,0.988897979259491,I-MISC,0.004082687199115753,B-PER,0.0018840645207092166
U.S.,NNP,B-NP,B-LOC,B-LOC,0.5645756721496582,B-LOC,0.5645756721496582,B-PER,0.14673073589801788,B-MISC,0.07345318049192429
DOLLAR,NN,I-NP,O,I-MISC,0.24796536564826965,B-ORG,0.24796536564826965,I-MISC,0.22959549725055695,B-MISC,0.17722003161907196
EXCHANGE,NN,I-NP,O,I-MISC,0.2795868515968323,I-MISC,0.2795868515968323,B-MISC,0.22672133147716522,O,0.15199820697307587
RATE,NN,I-NP,O,I-MISC,0.3844177722930908,O,0.3844177722930908,I-MISC,0.23729106783866882,B-MISC,0.1953204721212387
:,:,O,O,O,0.9983317255973816,O,0.9983317255973816,I-MISC,0.0011284338543191552,I-ORG,0.00037422837340272963
1.3570,CD,B-NP,O,O,0.9985178112983704,O,0.9985178112983704,I-ORG,0.0007921946235001087,I-MISC,0.000558223226107657
