0,1,2,3,predictions,confidence,pred_1,pred_1_confidence,pred_2,pred_2_confidence,pred_3,pred_3_confidence
(,(,O,O,O,0.9994914531707764,O,0.9994914531707764,I-MISC,0.00019877959857694805,I-ORG,0.00014859110524412245
(,(,O,O,O,0.9987723231315613,O,0.9987723231315613,I-MISC,0.0005130688659846783,I-ORG,0.0004209746839478612
Winnipeg,NNP,B-NP,B-LOC,B-LOC,0.32394200563430786,I-PER,0.32394200563430786,B-PER,0.2849731743335724,B-LOC,0.10543474555015564
bureau,NN,I-NP,O,O,0.9972636699676514,O,0.9972636699676514,I-ORG,0.0010537910275161266,I-MISC,0.0007043006480671465
204-947-3548,CD,I-NP,O,O,0.9996789693832397,O,0.9996789693832397,I-ORG,0.00015273767348844558,I-MISC,9.037643030751497e-05
),),O,O,O,0.9992480874061584,O,0.9992480874061584,I-MISC,0.000218594737816602,I-ORG,0.00021119831944815814
),),O,O,O,0.9997172951698303,O,0.9997172951698303,I-MISC,9.670426516095176e-05,I-ORG,9.074583795154467e-05
