0,1,2,3,predictions,confidence,pred_1,pred_1_confidence,pred_2,pred_2_confidence,pred_3,pred_3_confidence
Canadian,NNP,B-NP,B-MISC,B-LOC,0.37015125155448914,B-LOC,0.37015125155448914,B-PER,0.2479187548160553,I-PER,0.18447884917259216
West,NNP,I-NP,O,I-LOC,0.3536054193973541,B-LOC,0.3536054193973541,I-LOC,0.15272830426692963,I-PER,0.11894755065441132
Coast,NNP,I-NP,O,B-ORG,0.27706384658813477,B-ORG,0.27706384658813477,I-ORG,0.24355646967887878,I-LOC,0.13459423184394836
Vessel,NNP,I-NP,O,I-ORG,0.39179080724716187,B-ORG,0.39179080724716187,I-ORG,0.21230335533618927,B-MISC,0.09281901270151138
Loadings,NNP,I-NP,O,I-ORG,0.3264924883842468,B-ORG,0.3264924883842468,I-ORG,0.2681315541267395,B-MISC,0.12333045899868011
-,:,O,O,O,0.9964450001716614,O,0.9964450001716614,I-ORG,0.0017684504855424166,I-MISC,0.0015228836564347148
CWB,NNP,B-NP,O,B-ORG,0.4235275685787201,B-ORG,0.4235275685787201,B-MISC,0.10856553912162781,B-LOC,0.09877713024616241
.,.,O,O,O,0.9998113512992859,O,0.9998113512992859,I-MISC,8.730310219107196e-05,I-ORG,7.002148777246475e-05
