0,1,2,3,predictions,confidence,pred_1,pred_1_confidence,pred_2,pred_2_confidence,pred_3,pred_3_confidence
Port,NNP,B-NP,O,B-ORG,0.30750030279159546,O,0.30750030279159546,B-ORG,0.28750544786453247,I-ORG,0.21981048583984375
Loading,NNP,I-NP,O,I-ORG,0.26371094584465027,I-ORG,0.26371094584465027,B-ORG,0.16154536604881287,I-MISC,0.11958920210599899
Waiting,NNP,B-VP,O,I-ORG,0.2507459223270416,I-ORG,0.2507459223270416,B-ORG,0.1739169955253601,B-PER,0.1298951953649521
