0,1,2,3,predictions,confidence,pred_1,pred_1_confidence,pred_2,pred_2_confidence,pred_3,pred_3_confidence
Vancouver,NNP,B-NP,B-LOC,B-ORG,0.6618902683258057,B-ORG,0.6618902683258057,I-ORG,0.1704179346561432,O,0.10590294748544693
5,CD,I-NP,O,O,0.9998798370361328,O,0.9998798370361328,I-ORG,8.187831554096192e-05,I-MISC,3.007407212862745e-05
7,CD,I-NP,O,O,0.9997372031211853,O,0.9997372031211853,I-MISC,0.00012440173304639757,I-ORG,0.0001242505677510053
