0,1,2,3,predictions,confidence,pred_1,pred_1_confidence,pred_2,pred_2_confidence,pred_3,pred_3_confidence
Prince,NNP,B-NP,B-LOC,B-ORG,0.723288893699646,B-ORG,0.723288893699646,I-ORG,0.1802927851676941,O,0.029383447021245956
Rupert,NNP,I-NP,I-LOC,I-ORG,0.7888202667236328,B-ORG,0.7888202667236328,I-ORG,0.15318401157855988,O,0.04806631803512573
1,CD,I-NP,O,O,0.9995105266571045,O,0.9995105266571045,I-ORG,0.0003409532946534455,B-ORG,8.729523688089103e-05
3,CD,I-NP,O,O,0.9999130964279175,O,0.9999130964279175,I-ORG,4.700592762674205e-05,I-MISC,3.624499004217796e-05
