0,1,2,3,predictions,confidence,pred_1,pred_1_confidence,pred_2,pred_2_confidence,pred_3,pred_3_confidence
New,NNP,B-NP,B-LOC,B-LOC,0.3374696671962738,B-LOC,0.3374696671962738,B-ORG,0.20445798337459564,I-ORG,0.1382656693458557
York,NNP,I-NP,I-LOC,I-LOC,0.2248048633337021,I-ORG,0.2248048633337021,B-ORG,0.2158018946647644,I-MISC,0.1594979166984558
timecharter,NN,I-NP,O,O,0.9991636276245117,O,0.9991636276245117,I-ORG,0.00047731606173329055,I-MISC,0.0003099903406109661
fixtures,NNS,I-NP,O,O,0.9992218017578125,O,0.9992218017578125,I-ORG,0.00041126349242404103,I-MISC,0.0003241939703002572
-,:,O,O,O,0.9977580904960632,O,0.9977580904960632,I-MISC,0.0011713627027347684,I-ORG,0.0009281559614464641
Dec,NNP,B-NP,O,O,0.520752489566803,O,0.520752489566803,I-MISC,0.12199283391237259,B-ORG,0.12153539061546326
6,CD,I-NP,O,O,0.9998886585235596,O,0.9998886585235596,I-ORG,5.787010013591498e-05,I-MISC,4.734363392344676e-05
.,.,O,O,O,0.999872088432312,O,0.999872088432312,I-MISC,7.511654985137284e-05,I-ORG,4.3044867197750136e-05
