0,1,2,3,predictions,confidence,pred_1,pred_1_confidence,pred_2,pred_2_confidence,pred_3,pred_3_confidence
--,:,O,O,O,0.999849796295166,O,0.999849796295166,I-ORG,0.00010935520549537614,I-MISC,3.39190119120758e-05
New,NNP,B-NP,B-ORG,B-ORG,0.6631937026977539,B-ORG,0.6631937026977539,I-ORG,0.2783249616622925,I-MISC,0.019694307819008827
York,NNP,I-NP,I-ORG,I-ORG,0.6538691520690918,B-ORG,0.6538691520690918,I-ORG,0.32240569591522217,I-MISC,0.012199662625789642
Commodities,NNP,I-NP,I-ORG,I-ORG,0.5834741592407227,B-ORG,0.5834741592407227,I-ORG,0.39426955580711365,I-MISC,0.009625321254134178
Desk,NNP,I-NP,O,I-ORG,0.4560812711715698,B-ORG,0.4560812711715698,I-ORG,0.4467378556728363,I-MISC,0.056956589221954346
+1,CD,I-NP,O,O,0.9928478002548218,O,0.9928478002548218,I-ORG,0.0037010814994573593,I-MISC,0.0031800544820725918
212,CD,I-NP,O,O,0.9992965459823608,O,0.9992965459823608,I-ORG,0.0004004851798526943,I-MISC,0.0002885683788917959
859,CD,I-NP,O,O,0.9978305697441101,O,0.9978305697441101,I-MISC,0.001024432829581201,I-ORG,0.0009705453994683921
1640,CD,I-NP,O,O,0.9974254965782166,O,0.9974254965782166,I-ORG,0.0012335114879533648,I-MISC,0.0010842889314517379
