0,1,2,3,predictions,confidence,pred_1,pred_1_confidence,pred_2,pred_2_confidence,pred_3,pred_3_confidence
Clean,NNP,B-NP,O,B-LOC,0.29054006934165955,B-PER,0.29054006934165955,B-ORG,0.24001996219158173,B-MISC,0.11212477833032608
tankers,NNS,I-NP,O,O,0.9997923970222473,O,0.9997923970222473,I-ORG,0.00012689331197179854,I-MISC,6.127902452135459e-05
fixtures,NNS,I-NP,O,O,0.999607503414154,O,0.999607503414154,I-ORG,0.0002512583741918206,I-MISC,0.00010646204464137554
and,CC,O,O,O,0.9982019662857056,O,0.9982019662857056,I-ORG,0.0009186811512336135,I-MISC,0.0007907222025096416
enquiries,NNS,B-NP,O,O,0.9979456067085266,O,0.9979456067085266,I-ORG,0.0013221492990851402,I-MISC,0.0005182045279070735
-,:,O,O,O,0.9975360631942749,O,0.9975360631942749,I-ORG,0.0012734754709526896,I-MISC,0.001011718763038516
2321,CD,B-NP,O,O,0.9998996257781982,O,0.9998996257781982,I-ORG,5.2900104492437094e-05,I-MISC,3.983904025517404e-05
GMT,RB,I-NP,B-MISC,O,0.27483323216438293,B-ORG,0.27483323216438293,O,0.2093251347541809,B-PER,0.10064227133989334
.,.,O,O,O,0.9999028444290161,O,0.9999028444290161,I-MISC,4.66723540739622e-05,I-ORG,3.458802530076355e-05
