0,1,2,3,predictions,confidence,pred_1,pred_1_confidence,pred_2,pred_2_confidence,pred_3,pred_3_confidence
FIXTURES,NNP,B-NP,O,O,0.4982106685638428,O,0.4982106685638428,B-ORG,0.23895840346813202,I-MISC,0.09772493690252304
-,:,O,O,O,0.999138593673706,O,0.999138593673706,I-ORG,0.00040010770317167044,I-MISC,0.00038743705954402685
WESTERN,NNP,B-NP,O,B-LOC,0.3861023783683777,B-ORG,0.3861023783683777,B-LOC,0.17476359009742737,B-MISC,0.1142403855919838
HEMISPHERE,NNP,I-NP,O,O,0.41174939274787903,O,0.41174939274787903,B-ORG,0.29606813192367554,I-MISC,0.0906742513179779
-,:,O,O,O,0.9992780089378357,O,0.9992780089378357,I-ORG,0.0003336941881570965,I-MISC,0.00031242164550349116
