0,1,2,3,predictions,confidence,pred_1,pred_1_confidence,pred_2,pred_2_confidence,pred_3,pred_3_confidence
Danila,NNP,B-NP,B-MISC,B-LOC,0.3669039309024811,B-PER,0.3669039309024811,B-ORG,0.22165152430534363,B-LOC,0.1249508261680603
28.5,CD,I-NP,O,O,0.9999284744262695,O,0.9999284744262695,I-ORG,3.9327140257228166e-05,I-MISC,2.8913320420542732e-05
16/12,CD,I-NP,O,O,0.9995213747024536,O,0.9995213747024536,I-ORG,0.0002499602851457894,I-MISC,0.00018526165513321757
Caribs,NNP,I-NP,B-LOC,B-MISC,0.20669963955879211,B-PER,0.20669963955879211,B-ORG,0.19707375764846802,B-MISC,0.16909393668174744
/,SYM,O,O,O,0.9797489047050476,O,0.9797489047050476,I-MISC,0.007955879904329777,I-ORG,0.005310372915118933
up,RP,B-PRT,O,O,0.998798131942749,O,0.998798131942749,I-MISC,0.0006316012004390359,I-ORG,0.00042754883179441094
W224,NNS,B-NP,O,B-PER,0.265813410282135,B-PER,0.265813410282135,O,0.2359597533941269,B-ORG,0.12171303480863571
Mobil,NNP,I-NP,B-ORG,I-PER,0.42403271794319153,B-PER,0.42403271794319153,I-PER,0.10919451713562012,I-ORG,0.10374461114406586
.,.,O,O,O,0.999815046787262,O,0.999815046787262,I-MISC,0.00010375480633229017,I-ORG,6.736764044035226e-05
