0,1,2,3,predictions,confidence,pred_1,pred_1_confidence,pred_2,pred_2_confidence,pred_3,pred_3_confidence
--,:,O,O,O,0.9998412132263184,O,0.9998412132263184,I-ORG,0.000118008661956992,I-MISC,3.3604344935156405e-05
New,NNP,B-NP,B-ORG,B-ORG,0.6633167862892151,B-ORG,0.6633167862892151,I-ORG,0.28077179193496704,I-MISC,0.019091099500656128
York,NNP,I-NP,I-ORG,I-ORG,0.6417994499206543,B-ORG,0.6417994499206543,I-ORG,0.33231765031814575,I-MISC,0.013235175982117653
Commodities,NNP,I-NP,I-ORG,I-ORG,0.546983003616333,B-ORG,0.546983003616333,I-ORG,0.4216575026512146,I-MISC,0.013840061612427235
Desk,NNP,I-NP,O,I-ORG,0.44388824701309204,I-ORG,0.44388824701309204,B-ORG,0.36067119240760803,I-MISC,0.10048354417085648
",",",",O,O,O,0.9954527616500854,O,0.9954527616500854,I-MISC,0.00224097166210413,I-ORG,0.0019440666073933244
212-859-1640,CD,B-NP,O,O,0.9986212253570557,O,0.9986212253570557,I-ORG,0.0007716988329775631,I-MISC,0.0005378376226872206
