0,1,2,3,predictions,confidence,pred_1,pred_1_confidence,pred_2,pred_2_confidence,pred_3,pred_3_confidence
Dirty,JJ,B-NP,O,O,0.25408264994621277,B-PER,0.25408264994621277,O,0.24396881461143494,B-ORG,0.21802404522895813
tanker,NN,I-NP,O,O,0.9998420476913452,O,0.9998420476913452,I-ORG,9.441626752959564e-05,I-MISC,5.036864604335278e-05
fixtures,NNS,I-NP,O,O,0.999607503414154,O,0.999607503414154,I-ORG,0.0002512583741918206,I-MISC,0.00010646204464137554
and,CC,O,O,O,0.9982019662857056,O,0.9982019662857056,I-ORG,0.0009186811512336135,I-MISC,0.0007907222025096416
enquiries,NNS,B-NP,O,O,0.9979456067085266,O,0.9979456067085266,I-ORG,0.0013221492990851402,I-MISC,0.0005182045279070735
-,:,O,O,O,0.9975360631942749,O,0.9975360631942749,I-ORG,0.0012734754709526896,I-MISC,0.001011718763038516
2317,CD,B-NP,O,O,0.9999220371246338,O,0.9999220371246338,I-ORG,4.075967081007548e-05,I-MISC,3.1688614399172366e-05
GMT,RB,I-NP,B-MISC,O,0.27483323216438293,B-ORG,0.27483323216438293,O,0.2093251347541809,B-PER,0.10064227133989334
.,.,O,O,O,0.9999028444290161,O,0.9999028444290161,I-MISC,4.66723540739622e-05,I-ORG,3.458802530076355e-05
