0,1,2,3,predictions,confidence,pred_1,pred_1_confidence,pred_2,pred_2_confidence,pred_3,pred_3_confidence
MIDEAST,NNP,B-NP,O,O,0.25481489300727844,O,0.25481489300727844,B-ORG,0.25090140104293823,B-LOC,0.15175612270832062
/,SYM,O,O,O,0.9864094257354736,O,0.9864094257354736,I-MISC,0.004894479643553495,I-ORG,0.002885379595682025
RED,VBN,B-NP,B-LOC,B-ORG,0.4077053666114807,B-ORG,0.4077053666114807,I-MISC,0.11970898509025574,O,0.10447417944669724
SEA,NNP,I-NP,I-LOC,I-ORG,0.48241910338401794,B-ORG,0.48241910338401794,O,0.18032264709472656,I-MISC,0.10771363973617554
-,:,O,O,O,0.9981085062026978,O,0.9981085062026978,I-ORG,0.0009123592753894627,I-MISC,0.0008332952857017517
