0,1,2,3,predictions,confidence,pred_1,pred_1_confidence,pred_2,pred_2_confidence,pred_3,pred_3_confidence
Ijaz,NNP,B-NP,B-PER,B-PER,0.7193256616592407,B-PER,0.7193256616592407,I-PER,0.1200403943657875,B-LOC,0.06956323236227036
Ahmad,NNP,I-NP,I-PER,I-PER,0.7912537455558777,B-PER,0.7912537455558777,I-PER,0.12361224740743637,B-LOC,0.04341445490717888
c,SYM,O,O,O,0.9927108287811279,O,0.9927108287811279,B-PER,0.003293264890089631,I-PER,0.0020274652633816004
Spearman,NNP,B-NP,B-PER,B-PER,0.6914573311805725,B-PER,0.6914573311805725,I-PER,0.16001810133457184,O,0.0506574846804142
b,SYM,O,O,O,0.9988817572593689,O,0.9988817572593689,B-PER,0.00041191259515471756,I-PER,0.00034476289874874055
Vaughan,NNP,B-NP,B-PER,B-PER,0.5856470465660095,B-PER,0.5856470465660095,I-PER,0.16971313953399658,B-ORG,0.12690748274326324
59,CD,I-NP,O,O,0.99997878074646,O,0.99997878074646,I-ORG,1.1697174159053247e-05,I-MISC,6.0905331338290125e-06
