0,1,2,3,predictions,confidence,pred_1,pred_1_confidence,pred_2,pred_2_confidence,pred_3,pred_3_confidence
Mesipia,NNP,B-NP,B-MISC,B-LOC,0.28308695554733276,B-ORG,0.28308695554733276,B-PER,0.17524465918540955,I-ORG,0.14154498279094696
77.5,CD,I-NP,O,O,0.9999644756317139,O,0.9999644756317139,I-ORG,2.011928881984204e-05,I-MISC,1.4261052456276957e-05
17/12,CD,I-NP,O,O,0.9995842576026917,O,0.9995842576026917,I-ORG,0.00022314662055578083,I-MISC,0.0001587208389537409
Bajaia,NNP,I-NP,B-LOC,B-LOC,0.23668703436851501,B-ORG,0.23668703436851501,B-PER,0.19347630441188812,B-MISC,0.16241610050201416
/,SYM,O,O,O,0.9817833304405212,O,0.9817833304405212,I-MISC,0.007391749881207943,I-ORG,0.004797680769115686
Fos,NNP,B-NP,B-LOC,O,0.6772835850715637,O,0.6772835850715637,B-PER,0.07484222948551178,I-ORG,0.06875043362379074
W105,NNP,I-NP,O,B-PER,0.31619590520858765,B-PER,0.31619590520858765,O,0.19532357156276703,I-ORG,0.10972485691308975
Exxon,NNP,I-NP,B-ORG,I-PER,0.20025114715099335,B-PER,0.20025114715099335,B-MISC,0.16195178031921387,B-ORG,0.15591688454151154
.,.,O,O,O,0.9998403787612915,O,0.9998403787612915,I-MISC,8.929408068070188e-05,I-ORG,5.7470282627036795e-05
