0,1,2,3,predictions,confidence,pred_1,pred_1_confidence,pred_2,pred_2_confidence,pred_3,pred_3_confidence
Inzamamul,JJ,B-NP,B-PER,B-PER,0.4465028941631317,B-PER,0.4465028941631317,I-PER,0.12149827927350998,O,0.10480169951915741
Haq,NNP,I-NP,I-PER,I-PER,0.7690689563751221,B-PER,0.7690689563751221,I-PER,0.11828048527240753,B-LOC,0.04538295418024063
st,NN,I-NP,O,O,0.9995083808898926,O,0.9995083808898926,I-MISC,0.00018058394198305905,B-PER,9.41362013691105e-05
Germon,NNP,B-NP,B-PER,B-PER,0.709317147731781,B-PER,0.709317147731781,I-PER,0.16544152796268463,B-LOC,0.05017578974366188
b,SYM,O,O,O,0.9986263513565063,O,0.9986263513565063,I-MISC,0.00032341049518436193,I-PER,0.00028970075072720647
Astle,NNP,B-NP,B-PER,B-ORG,0.7701287865638733,B-ORG,0.7701287865638733,O,0.07445871084928513,I-ORG,0.06852708756923676
2,CD,I-NP,O,O,0.9999866485595703,O,0.9999866485595703,I-ORG,7.561583061033161e-06,I-MISC,3.715673301485367e-06
