0,1,2,3,predictions,confidence,pred_1,pred_1_confidence,pred_2,pred_2_confidence,pred_3,pred_3_confidence
Wasim,NNP,B-NP,B-PER,B-PER,0.8315925002098083,B-PER,0.8315925002098083,I-PER,0.10798895359039307,B-LOC,0.04586729779839516
Akram,NNP,I-NP,I-PER,I-PER,0.7949717044830322,B-PER,0.7949717044830322,I-PER,0.13741275668144226,B-LOC,0.044826239347457886
b,SYM,O,O,O,0.9974716901779175,O,0.9974716901779175,I-PER,0.0007522032829001546,B-PER,0.0006985969375818968
Harris,NNP,B-NP,B-PER,B-ORG,0.46899643540382385,B-ORG,0.46899643540382385,B-PER,0.30932968854904175,I-PER,0.11632373183965683
4,CD,I-NP,O,O,0.9999865293502808,O,0.9999865293502808,I-ORG,7.739497050351929e-06,I-MISC,3.2882578580029076e-06
