0,1,2,3,predictions,confidence,pred_1,pred_1_confidence,pred_2,pred_2_confidence,pred_3,pred_3_confidence
Moin,NNP,B-NP,B-PER,B-PER,0.7583340406417847,B-PER,0.7583340406417847,I-PER,0.15316511690616608,B-LOC,0.06865282356739044
Khan,NNP,I-NP,I-PER,I-PER,0.8259006142616272,B-PER,0.8259006142616272,I-PER,0.13526664674282074,B-LOC,0.018945354968309402
c,SYM,O,O,O,0.9876523017883301,O,0.9876523017883301,B-PER,0.0061479778960347176,I-PER,0.004013062920421362
Astle,NNP,B-NP,B-PER,B-PER,0.8353971838951111,B-PER,0.8353971838951111,I-PER,0.1323087364435196,B-LOC,0.012913698330521584
b,SYM,O,O,O,0.9987269043922424,O,0.9987269043922424,B-PER,0.0005002296529710293,I-PER,0.0004416636365931481
Harris,NNP,B-NP,B-PER,B-PER,0.4301875829696655,B-PER,0.4301875829696655,B-ORG,0.3581516742706299,I-PER,0.128731831908226
1,CD,I-NP,O,O,0.9999212026596069,O,0.9999212026596069,I-ORG,3.384449519217014e-05,B-ORG,2.024728019023314e-05
