0,1,2,3,predictions,confidence,pred_1,pred_1_confidence,pred_2,pred_2_confidence,pred_3,pred_3_confidence
--,:,B-NP,O,O,0.9999607801437378,O,0.9999607801437378,I-MISC,2.3766056983731687e-05,I-ORG,1.2399462320900057e-05
Joan,NNP,I-NP,B-PER,B-PER,0.3311823904514313,B-PER,0.3311823904514313,B-LOC,0.1265813410282135,I-PER,0.12379639595746994
Gralla,NNP,I-NP,I-PER,I-PER,0.36135005950927734,B-LOC,0.36135005950927734,B-PER,0.2548407316207886,I-PER,0.11427894979715347
",",",",O,O,O,0.9989264607429504,O,0.9989264607429504,I-MISC,0.0005187022034078836,I-ORG,0.0004491521685849875
212-859-1654,CD,B-NP,O,O,0.9997991919517517,O,0.9997991919517517,I-ORG,0.00011830939911305904,I-MISC,7.041465869406238e-05
