0,1,2,3,predictions,confidence,pred_1,pred_1_confidence,pred_2,pred_2_confidence,pred_3,pred_3_confidence
USDA,NNP,B-NP,B-ORG,B-ORG,0.8457313776016235,B-ORG,0.8457313776016235,I-ORG,0.0760931596159935,I-MISC,0.02174597978591919
gross,JJ,I-NP,O,O,0.9995423555374146,O,0.9995423555374146,I-ORG,0.000273595389444381,I-MISC,0.00013191680773161352
cutout,JJ,I-NP,O,O,0.9998762607574463,O,0.9998762607574463,I-ORG,8.058686216827482e-05,I-MISC,3.294688940513879e-05
hide,NN,I-NP,O,O,0.9997568726539612,O,0.9997568726539612,I-ORG,0.00012723040708806366,I-MISC,9.675218461779878e-05
and,CC,I-NP,O,O,0.9982131719589233,O,0.9982131719589233,I-ORG,0.000899817212484777,I-MISC,0.0007406959193758667
offal,NN,I-NP,O,O,0.9874310493469238,O,0.9874310493469238,I-ORG,0.006250351667404175,I-MISC,0.003826548345386982
value,NN,I-NP,O,O,0.9975051283836365,O,0.9975051283836365,I-ORG,0.0011075453367084265,I-MISC,0.0010152050526812673
.,.,O,O,O,0.9997420907020569,O,0.9997420907020569,I-MISC,0.00013221877452451736,I-ORG,0.0001007123792078346
