0,1,2,3,predictions,confidence,pred_1,pred_1_confidence,pred_2,pred_2_confidence,pred_3,pred_3_confidence
Brendan,NNP,B-NP,B-PER,B-PER,0.27173545956611633,B-LOC,0.27173545956611633,B-PER,0.22413961589336395,I-PER,0.19686700403690338
Intindola,NNP,I-NP,I-PER,I-PER,0.3487562835216522,B-LOC,0.3487562835216522,I-PER,0.18516679108142853,B-PER,0.16649305820465088
NEW,NNP,B-NP,B-LOC,B-LOC,0.5791255235671997,B-LOC,0.5791255235671997,B-ORG,0.1773993819952011,I-LOC,0.06656714528799057
YORK,NNP,I-NP,I-LOC,I-LOC,0.3501569628715515,B-LOC,0.3501569628715515,I-LOC,0.2722660303115845,B-ORG,0.18027332425117493
1996-12-06,CD,I-NP,O,O,0.9927852153778076,O,0.9927852153778076,I-ORG,0.0043530091643333435,I-MISC,0.0022314852103590965
