0,1,2,3,predictions,confidence,pred_1,pred_1_confidence,pred_2,pred_2_confidence,pred_3,pred_3_confidence
Waqar,NNP,B-NP,B-PER,B-PER,0.7885185480117798,B-PER,0.7885185480117798,I-PER,0.131913423538208,B-LOC,0.06409245729446411
Younis,NNP,I-NP,I-PER,I-PER,0.7654889225959778,B-PER,0.7654889225959778,I-PER,0.1754312366247177,B-LOC,0.017024926841259003
st,NN,I-NP,O,O,0.9992905855178833,O,0.9992905855178833,B-PER,0.0002659219899214804,I-PER,0.000239293382037431
Germon,NNP,B-NP,B-PER,B-PER,0.7675749063491821,B-PER,0.7675749063491821,I-PER,0.18126018345355988,B-LOC,0.027545882388949394
b,SYM,O,O,O,0.9979994893074036,O,0.9979994893074036,I-PER,0.0007023055804893374,B-PER,0.0005598835414275527
Harris,NNP,B-NP,B-PER,B-ORG,0.5486027002334595,B-ORG,0.5486027002334595,B-PER,0.25374868512153625,I-PER,0.11376477777957916
0,CD,I-NP,O,O,0.9999823570251465,O,0.9999823570251465,I-ORG,1.0214155736321118e-05,I-MISC,3.940345777664334e-06
