0,1,2,3,predictions,confidence,pred_1,pred_1_confidence,pred_2,pred_2_confidence,pred_3,pred_3_confidence
Saqlain,NNP,B-NP,B-PER,B-PER,0.7616788148880005,B-PER,0.7616788148880005,I-PER,0.11736715584993362,B-MISC,0.05683835968375206
Mushtaq,NNP,I-NP,I-PER,I-PER,0.714515209197998,B-PER,0.714515209197998,I-PER,0.13956798613071442,B-LOC,0.12174791842699051
b,SYM,O,O,O,0.9958857893943787,O,0.9958857893943787,I-PER,0.0010488663101568818,B-PER,0.0007587418658658862
Harris,NNP,B-NP,B-PER,B-ORG,0.4859258532524109,B-ORG,0.4859258532524109,B-PER,0.26686227321624756,I-PER,0.12253013998270035
2,CD,I-NP,O,O,0.9999687671661377,O,0.9999687671661377,I-ORG,1.8114926206180826e-05,I-MISC,7.414871106448118e-06
