0,1,2,3,predictions,confidence,pred_1,pred_1_confidence,pred_2,pred_2_confidence,pred_3,pred_3_confidence
Mushtaq,NNP,B-NP,B-PER,B-PER,0.692006528377533,B-PER,0.692006528377533,I-PER,0.13631145656108856,B-LOC,0.1310436725616455
Ahmad,NNP,I-NP,I-PER,I-PER,0.7313366532325745,B-PER,0.7313366532325745,I-PER,0.1491321325302124,B-LOC,0.0736222192645073
not,RB,O,O,O,0.9995098114013672,O,0.9995098114013672,B-PER,0.00018790701869875193,I-PER,0.0001355096756014973
out,IN,B-PP,O,O,0.9995655417442322,O,0.9995655417442322,B-PER,0.0001773126859916374,I-MISC,0.00010800192103488371
5,CD,B-NP,O,O,0.9999723434448242,O,0.9999723434448242,I-ORG,1.4357837244460825e-05,I-MISC,1.0973672942782287e-05
