0,1,2,3,predictions,confidence,pred_1,pred_1_confidence,pred_2,pred_2_confidence,pred_3,pred_3_confidence
Salim,NNP,B-NP,B-PER,B-PER,0.7990312576293945,B-PER,0.7990312576293945,I-PER,0.12949788570404053,B-LOC,0.046356234699487686
Malik,NNP,I-NP,I-PER,I-PER,0.6923706531524658,B-PER,0.6923706531524658,I-PER,0.1834462285041809,B-LOC,0.10615440458059311
not,RB,O,O,O,0.9987165927886963,O,0.9987165927886963,I-ORG,0.00029483833350241184,I-MISC,0.0002896410005632788
out,IN,B-PP,O,O,0.9991827607154846,O,0.9991827607154846,I-MISC,0.00023234484251588583,I-ORG,0.00020857449271716177
1,CD,B-NP,O,O,0.999861478805542,O,0.999861478805542,I-ORG,7.673261279705912e-05,I-MISC,3.510509850457311e-05
