0,1,2,3,predictions,confidence,pred_1,pred_1_confidence,pred_2,pred_2_confidence,pred_3,pred_3_confidence
Extras,NNS,B-NP,O,B-LOC,0.259844034910202,B-PER,0.259844034910202,B-LOC,0.18474076688289642,B-ORG,0.1546507328748703
(,(,O,O,O,0.9994353652000427,O,0.9994353652000427,I-MISC,0.0002563177258707583,I-ORG,0.00024992856197059155
lb-8,CD,B-NP,O,O,0.9983959794044495,O,0.9983959794044495,I-ORG,0.0009342959383502603,I-MISC,0.00053139723604545
nb-2,JJ,B-ADJP,O,O,0.9980394244194031,O,0.9980394244194031,I-ORG,0.001217011478729546,I-MISC,0.0005571159417741001
w-14,CD,B-NP,O,O,0.9994325041770935,O,0.9994325041770935,I-ORG,0.0003625570680014789,I-MISC,0.00016920430061873049
),),O,O,O,0.9993230104446411,O,0.9993230104446411,I-ORG,0.00039461764390580356,I-MISC,0.00023259581939782947
24,CD,B-NP,O,O,0.9999220371246338,O,0.9999220371246338,I-ORG,4.978410652256571e-05,I-MISC,2.6260988306603394e-05
