0,1,2,3,predictions,confidence,pred_1,pred_1_confidence,pred_2,pred_2_confidence,pred_3,pred_3_confidence
Russ,NNP,B-NP,B-ORG,B-PER,0.27772825956344604,B-PER,0.27772825956344604,O,0.191085085272789,B-ORG,0.1395503729581833
Berrie,NNP,I-NP,I-ORG,I-PER,0.31742987036705017,B-PER,0.31742987036705017,B-ORG,0.17940013110637665,B-MISC,0.11875923722982407
president,NN,I-NP,O,O,0.9998812675476074,O,0.9998812675476074,I-MISC,5.317763134371489e-05,I-ORG,5.225342829362489e-05
to,TO,B-VP,O,O,0.9991748929023743,O,0.9991748929023743,I-MISC,0.0004666015156544745,I-ORG,0.00030115284607745707
retire,VB,I-VP,O,O,0.9996459484100342,O,0.9996459484100342,I-MISC,0.00018802691192831844,I-ORG,0.0001353888656012714
in,IN,B-PP,O,O,0.9983837604522705,O,0.9983837604522705,I-MISC,0.0011895380448549986,I-ORG,0.00030535447876900434
July,NNP,B-NP,O,O,0.9800901412963867,O,0.9800901412963867,I-MISC,0.006475263740867376,I-ORG,0.0037369041237980127
.,.,O,O,O,0.9994383454322815,O,0.9994383454322815,I-MISC,0.000335092336172238,I-ORG,0.00020044323173351586
