0,1,2,3,predictions,confidence,pred_1,pred_1_confidence,pred_2,pred_2_confidence,pred_3,pred_3_confidence
OAKLAND,NNP,B-NP,B-LOC,B-LOC,0.5280890464782715,B-LOC,0.5280890464782715,B-ORG,0.2956107258796692,I-LOC,0.04530636593699455
",",",",O,O,O,0.9988400340080261,O,0.9988400340080261,I-ORG,0.00037339708069339395,I-MISC,0.00030015004449523985
N.J.,NNP,B-NP,B-LOC,B-LOC,0.5486835837364197,B-LOC,0.5486835837364197,B-PER,0.19208894670009613,I-PER,0.0929456502199173
1996-12-06,CD,I-NP,O,O,0.9994275569915771,O,0.9994275569915771,I-ORG,0.00028147822013124824,I-MISC,0.00012659007916226983
