0,1,2,3,predictions,confidence,pred_1,pred_1_confidence,pred_2,pred_2_confidence,pred_3,pred_3_confidence
Zimbabwe,NNP,B-NP,B-LOC,B-ORG,0.3908019959926605,B-ORG,0.3908019959926605,B-PER,0.19063182175159454,I-ORG,0.12704642117023468
executes,VBZ,B-VP,O,O,0.9957132339477539,O,0.9957132339477539,I-ORG,0.00269027310423553,I-MISC,0.0007630303152836859
convicted,VBN,I-VP,O,O,0.9998509883880615,O,0.9998509883880615,I-ORG,9.093835979001597e-05,I-MISC,4.769764200318605e-05
murderer,NN,B-NP,O,O,0.999739944934845,O,0.999739944934845,I-ORG,0.00014741586346644908,I-MISC,8.434202754870057e-05
.,.,O,O,O,0.999751627445221,O,0.999751627445221,I-MISC,0.00013221071276348084,I-ORG,9.45758874877356e-05
