0,1,2,3,predictions,confidence,pred_1,pred_1_confidence,pred_2,pred_2_confidence,pred_3,pred_3_confidence
Multinational,JJ,B-NP,O,B-ORG,0.5760654211044312,B-ORG,0.5760654211044312,I-ORG,0.16983027756214142,O,0.08821762353181839
commander,NN,I-NP,O,O,0.9999762773513794,O,0.9999762773513794,I-ORG,1.6848724044393748e-05,I-MISC,5.076176421425771e-06
going,VBG,B-VP,O,O,0.9999188184738159,O,0.9999188184738159,I-ORG,4.6675144403707236e-05,I-MISC,2.9322878617676906e-05
back,RB,B-ADVP,O,O,0.9999366998672485,O,0.9999366998672485,I-MISC,3.095529609709047e-05,I-ORG,3.0364848498720676e-05
to,TO,B-VP,O,O,0.9992104768753052,O,0.9992104768753052,I-ORG,0.00038792286068201065,I-MISC,0.0003620298521127552
east,JJ,B-NP,O,O,0.9956769347190857,O,0.9956769347190857,I-ORG,0.002091561211273074,I-MISC,0.001976647414267063
Zaire,NNP,I-NP,B-LOC,B-LOC,0.2669305205345154,B-PER,0.2669305205345154,B-ORG,0.14991484582424164,I-ORG,0.14254920184612274
.,.,O,O,O,0.9995108842849731,O,0.9995108842849731,I-MISC,0.000264483445789665,I-ORG,0.00019152565801050514
