0,1,2,3,predictions,confidence,pred_1,pred_1_confidence,pred_2,pred_2_confidence,pred_3,pred_3_confidence
Astle,NNP,B-NP,B-PER,I-PER,0.46894755959510803,B-PER,0.46894755959510803,I-PER,0.16233205795288086,B-ORG,0.13241195678710938
9-0-53-1,CD,I-NP,O,O,0.9978860020637512,O,0.9978860020637512,I-ORG,0.0008713071583770216,I-MISC,0.0004904591478407383
(,(,O,O,O,0.9992978572845459,O,0.9992978572845459,I-MISC,0.00035146126174367964,I-ORG,0.00026342005003243685
w-1,CD,B-NP,O,O,0.9992007613182068,O,0.9992007613182068,I-ORG,0.00036940359859727323,I-MISC,0.00035203556763008237
nb-1,JJ,I-NP,O,O,0.9970265030860901,O,0.9970265030860901,I-ORG,0.0013581933453679085,I-MISC,0.001025117002427578
),),O,O,O,0.9993025064468384,O,0.9993025064468384,I-MISC,0.0003110904945060611,I-ORG,0.00026947553851641715
