0,1,2,3,predictions,confidence,pred_1,pred_1_confidence,pred_2,pred_2_confidence,pred_3,pred_3_confidence
New,NNP,B-NP,B-LOC,B-LOC,0.3737456500530243,B-LOC,0.3737456500530243,B-ORG,0.1945204883813858,I-LOC,0.12741167843341827
Zealand,NNP,I-NP,I-LOC,I-LOC,0.2314499169588089,B-ORG,0.2314499169588089,I-ORG,0.2098081409931183,B-LOC,0.1836405247449875
innings,NN,I-NP,O,O,0.9970820546150208,O,0.9970820546150208,I-ORG,0.002020724583417177,I-MISC,0.0007036796305328608
