0,1,2,3,predictions,confidence,pred_1,pred_1_confidence,pred_2,pred_2_confidence,pred_3,pred_3_confidence
B.,NNP,B-NP,B-PER,B-PER,0.7844308018684387,B-PER,0.7844308018684387,I-PER,0.11749943345785141,B-LOC,0.07453196495771408
Young,NNP,I-NP,I-PER,I-PER,0.8163745999336243,B-PER,0.8163745999336243,I-PER,0.14674359560012817,B-LOC,0.024341896176338196
c,SYM,O,O,O,0.9701472520828247,O,0.9701472520828247,B-PER,0.015341388992965221,I-PER,0.009768293239176273
Moin,NNP,B-NP,B-PER,B-PER,0.8441489934921265,B-PER,0.8441489934921265,I-PER,0.12908613681793213,B-LOC,0.022071443498134613
Khan,NNP,I-NP,I-PER,I-PER,0.8823139667510986,B-PER,0.8823139667510986,I-PER,0.10754530131816864,B-LOC,0.005586231593042612
b,SYM,O,O,O,0.9938919544219971,O,0.9938919544219971,B-PER,0.003378076944500208,I-PER,0.0021984949707984924
Waqar,NNP,B-NP,B-PER,B-PER,0.7861868143081665,B-PER,0.7861868143081665,I-PER,0.15741440653800964,B-LOC,0.04369224235415459
5,CD,I-NP,O,O,0.9999352693557739,O,0.9999352693557739,I-ORG,2.8894690331071615e-05,I-MISC,1.5078589967743028e-05
