0,1,2,3,predictions,confidence,pred_1,pred_1_confidence,pred_2,pred_2_confidence,pred_3,pred_3_confidence
C.,NNP,B-NP,B-PER,B-PER,0.518980860710144,B-PER,0.518980860710144,I-PER,0.1341361701488495,B-ORG,0.07635929435491562
Spearman,NNP,I-NP,I-PER,I-PER,0.6312195658683777,B-PER,0.6312195658683777,I-PER,0.17368857562541962,B-MISC,0.09149302542209625
c,SYM,O,O,O,0.982439398765564,O,0.982439398765564,B-PER,0.009816334582865238,I-PER,0.005310413893312216
Moin,NNP,B-NP,B-PER,B-PER,0.8562648892402649,B-PER,0.8562648892402649,I-PER,0.11820495873689651,B-LOC,0.020917551591992378
Khan,NNP,I-NP,I-PER,I-PER,0.8908340930938721,B-PER,0.8908340930938721,I-PER,0.09711640328168869,B-LOC,0.0053848582319915295
b,SYM,O,O,O,0.9967083930969238,O,0.9967083930969238,B-PER,0.0018035650718957186,I-PER,0.0011217419523745775
Wasim,NNP,B-NP,B-PER,B-PER,0.7263128757476807,B-PER,0.7263128757476807,I-PER,0.1592942625284195,B-LOC,0.06923602521419525
0,CD,I-NP,O,O,0.9999772310256958,O,0.9999772310256958,I-ORG,1.2258490642125253e-05,I-MISC,4.413789156387793e-06
