0,1,2,3,predictions,confidence,pred_1,pred_1_confidence,pred_2,pred_2_confidence,pred_3,pred_3_confidence
N.,NNP,B-NP,B-PER,B-PER,0.7580779194831848,B-PER,0.7580779194831848,I-PER,0.09437806904315948,B-LOC,0.09393324702978134
Astle,NNP,I-NP,I-PER,I-PER,0.8220832943916321,B-PER,0.8220832943916321,I-PER,0.12780272960662842,B-LOC,0.022167209535837173
c,SYM,O,O,O,0.9947846531867981,O,0.9947846531867981,B-PER,0.002831385238096118,I-PER,0.0013071090215817094
Ijaz,NNP,B-NP,B-PER,B-PER,0.8960408568382263,B-PER,0.8960408568382263,I-PER,0.07343176752328873,B-LOC,0.0124021265655756
Ahmad,NNP,I-NP,I-PER,I-PER,0.9132329225540161,B-PER,0.9132329225540161,I-PER,0.06334656476974487,O,0.014288484118878841
b,SYM,O,O,O,0.9988102912902832,O,0.9988102912902832,B-PER,0.0007786679198034108,I-PER,0.0003006441402249038
Salim,NNP,B-NP,B-PER,B-PER,0.8586236834526062,B-PER,0.8586236834526062,I-PER,0.09778086841106415,B-LOC,0.027596279978752136
Malik,NNP,I-NP,I-PER,I-PER,0.8436698913574219,B-PER,0.8436698913574219,I-PER,0.12260020524263382,B-LOC,0.024767275899648666
20,CD,I-NP,O,O,0.9999955892562866,O,0.9999955892562866,I-ORG,2.0979068722226657e-06,I-MISC,1.7606944311410189e-06
