0,1,2,3,predictions,confidence,pred_1,pred_1_confidence,pred_2,pred_2_confidence,pred_3,pred_3_confidence
C.,NNP,B-NP,B-PER,B-PER,0.7072131037712097,B-PER,0.7072131037712097,I-PER,0.14173567295074463,B-LOC,0.05584591254591942
Harris,NNP,I-NP,I-PER,I-PER,0.841805100440979,B-PER,0.841805100440979,I-PER,0.12834800779819489,B-LOC,0.022470971569418907
lbw,NN,I-NP,O,O,0.989514946937561,O,0.989514946937561,B-PER,0.0057923984713852406,I-PER,0.00356481596827507
b,SYM,O,O,O,0.9908945560455322,O,0.9908945560455322,B-PER,0.004217460751533508,I-PER,0.0030535876285284758
Wasim,NNP,B-NP,B-PER,B-PER,0.7422633767127991,B-PER,0.7422633767127991,I-PER,0.1482519805431366,B-LOC,0.07977680116891861
22,CD,I-NP,O,O,0.9999922513961792,O,0.9999922513961792,I-ORG,4.283444013708504e-06,I-MISC,2.4416153792117257e-06
