0,1,2,3,predictions,confidence,pred_1,pred_1_confidence,pred_2,pred_2_confidence,pred_3,pred_3_confidence
L.,NNP,B-NP,B-PER,B-PER,0.7838833928108215,B-PER,0.7838833928108215,I-PER,0.10389189422130585,B-LOC,0.03000939078629017
Germon,NNP,I-NP,I-PER,I-PER,0.7544799447059631,B-PER,0.7544799447059631,I-PER,0.16854409873485565,B-LOC,0.03381150960922241
lbw,NN,I-NP,O,O,0.9965304732322693,O,0.9965304732322693,I-PER,0.0011256992584094405,B-PER,0.0011139094131067395
b,SYM,O,O,O,0.9968900084495544,O,0.9968900084495544,I-MISC,0.0006721499375998974,I-PER,0.0006657671183347702
Afridi,NNP,B-NP,B-PER,B-ORG,0.764975368976593,B-ORG,0.764975368976593,I-ORG,0.09553288668394089,O,0.04536048322916031
2,CD,I-NP,O,O,0.999981164932251,O,0.999981164932251,I-ORG,1.0758746611827519e-05,I-MISC,4.644340151571669e-06
