0,1,2,3,predictions,confidence,pred_1,pred_1_confidence,pred_2,pred_2_confidence,pred_3,pred_3_confidence
J.,NNP,B-NP,B-PER,B-PER,0.8622942566871643,B-PER,0.8622942566871643,I-PER,0.09181547164916992,B-LOC,0.0224946029484272
Vaughan,NNP,I-NP,I-PER,I-PER,0.8550933003425598,B-PER,0.8550933003425598,I-PER,0.1050507053732872,B-LOC,0.0323537215590477
c,SYM,O,O,O,0.9841892123222351,O,0.9841892123222351,B-PER,0.009609751403331757,I-PER,0.00430308049544692
Moin,NNP,B-NP,B-PER,B-PER,0.8860437870025635,B-PER,0.8860437870025635,I-PER,0.09402133524417877,B-LOC,0.016093431040644646
Khan,NNP,I-NP,I-PER,I-PER,0.9158896803855896,B-PER,0.9158896803855896,I-PER,0.07376662641763687,B-LOC,0.0039023265708237886
b,SYM,O,O,O,0.9972670078277588,O,0.9972670078277588,B-PER,0.0018298882059752941,I-PER,0.0006997980526648462
Wasim,NN,B-NP,B-PER,B-PER,0.8551880717277527,B-PER,0.8551880717277527,I-PER,0.0952691063284874,B-LOC,0.030129659920930862
13,CD,I-NP,O,O,0.9999904632568359,O,0.9999904632568359,I-ORG,4.555212854029378e-06,I-MISC,2.8699082577077206e-06
