0,1,2,3,predictions,confidence,pred_1,pred_1_confidence,pred_2,pred_2_confidence,pred_3,pred_3_confidence
U.N.,NNP,B-NP,B-ORG,B-ORG,0.48851725459098816,B-ORG,0.48851725459098816,B-LOC,0.12458258122205734,I-ORG,0.09975378215312958
evacuates,VBZ,B-VP,O,O,0.9991742968559265,O,0.9991742968559265,I-ORG,0.0005075708613730967,I-MISC,0.0002121787692885846
staff,NN,B-NP,O,O,0.999476969242096,O,0.999476969242096,I-ORG,0.00030036980751901865,I-MISC,0.00019429948588367552
from,IN,B-PP,O,O,0.9993708729743958,O,0.9993708729743958,I-MISC,0.0003352924541104585,I-ORG,0.0002508802281226963
Central,JJ,B-NP,B-LOC,B-ORG,0.25424662232398987,B-MISC,0.25424662232398987,I-ORG,0.1810721606016159,B-ORG,0.17734210193157196
African,JJ,I-NP,I-LOC,I-ORG,0.49207308888435364,B-MISC,0.49207308888435364,I-ORG,0.16900891065597534,I-MISC,0.14876015484333038
Republic,NNP,I-NP,I-LOC,I-ORG,0.25538161396980286,B-MISC,0.25538161396980286,I-ORG,0.2015252709388733,B-ORG,0.14568962156772614
.,.,O,O,O,0.9992963075637817,O,0.9992963075637817,I-MISC,0.0003755677316803485,I-ORG,0.0002792356244754046
