0,1,2,3,predictions,confidence,pred_1,pred_1_confidence,pred_2,pred_2_confidence,pred_3,pred_3_confidence
Senegal,JJ,B-NP,B-LOC,B-LOC,0.45247143507003784,B-LOC,0.45247143507003784,B-PER,0.3794947862625122,I-PER,0.09982676804065704
proposes,VBZ,B-VP,O,O,0.9998542070388794,O,0.9998542070388794,I-MISC,8.091761992545798e-05,I-ORG,2.401545316388365e-05
foreign,JJ,B-NP,O,O,0.999970555305481,O,0.999970555305481,I-MISC,1.7473930711275898e-05,I-ORG,6.52768130748882e-06
minister,NN,I-NP,O,O,0.9999704360961914,O,0.9999704360961914,I-MISC,1.463215630792547e-05,I-ORG,1.280127889913274e-05
for,IN,B-PP,O,O,0.9996808767318726,O,0.9996808767318726,I-MISC,0.0001633794017834589,I-ORG,0.00013368763029575348
U.N.,NNP,B-NP,B-ORG,B-LOC,0.2938220500946045,B-ORG,0.2938220500946045,B-MISC,0.17043736577033997,B-LOC,0.14379455149173737
post,NN,B-NP,O,O,0.9994133710861206,O,0.9994133710861206,I-ORG,0.0002798249770421535,I-MISC,0.00027024949667975307
.,.,O,O,O,0.9997302889823914,O,0.9997302889823914,I-MISC,0.0001453258009860292,I-ORG,0.00010240628762403503
