0,1,2,3,predictions,confidence,pred_1,pred_1_confidence,pred_2,pred_2_confidence,pred_3,pred_3_confidence
Extras,NNS,B-NP,O,B-LOC,0.2621332108974457,B-PER,0.2621332108974457,B-LOC,0.15049999952316284,B-ORG,0.14751970767974854
(,(,O,O,O,0.999574601650238,O,0.999574601650238,I-MISC,0.00022123719099909067,I-ORG,0.00016606537974439561
b-9,CD,B-NP,O,O,0.9997548460960388,O,0.9997548460960388,I-ORG,0.0001233249786309898,I-MISC,0.00011117314716102555
lb-3,CD,I-NP,O,O,0.9992061257362366,O,0.9992061257362366,I-ORG,0.0003921479219570756,I-MISC,0.0003404920862521976
w-12,CD,I-NP,O,O,0.9997270703315735,O,0.9997270703315735,I-ORG,0.00013686805323231965,I-MISC,0.00011700327013386413
nb-2,JJ,B-ADJP,O,O,0.9990050196647644,O,0.9990050196647644,I-ORG,0.00046058473526500165,I-MISC,0.00040296409861184657
),),O,O,O,0.9996421337127686,O,0.9996421337127686,I-MISC,0.00019765768956858665,I-ORG,0.0001190382827189751
26,CD,B-NP,O,O,0.9999768733978271,O,0.9999768733978271,I-MISC,1.2510519809438847e-05,I-ORG,9.761739420355298e-06
