0,1,2,3,predictions,confidence,pred_1,pred_1_confidence,pred_2,pred_2_confidence,pred_3,pred_3_confidence
Ex-minister,NNP,B-NP,O,O,0.47893479466438293,O,0.47893479466438293,B-PER,0.16869312524795532,B-ORG,0.0984223410487175
",",",",O,O,O,0.9997782111167908,O,0.9997782111167908,I-MISC,0.0001256755058420822,I-ORG,6.032564488123171e-05
son,NN,B-NP,O,O,0.9995782971382141,O,0.9995782971382141,I-MISC,0.00024020105774980038,I-ORG,0.0001202275525429286
killed,VBN,B-VP,O,O,0.9997057318687439,O,0.9997057318687439,I-ORG,0.00019010888354387134,I-MISC,7.503318192902952e-05
in,IN,B-PP,O,O,0.9984992742538452,O,0.9984992742538452,I-ORG,0.0007197785889729857,I-MISC,0.0006828196346759796
Central,NNP,B-NP,B-LOC,B-ORG,0.38863545656204224,B-ORG,0.38863545656204224,I-ORG,0.3062449097633362,I-MISC,0.09223353862762451
Africa,NNP,I-NP,I-LOC,I-ORG,0.41903722286224365,B-ORG,0.41903722286224365,I-ORG,0.35619595646858215,B-MISC,0.0787498727440834
unrest,NN,I-NP,O,O,0.9974683523178101,O,0.9974683523178101,I-ORG,0.0017836694605648518,I-MISC,0.0004802258627023548
.,.,O,O,O,0.9995984435081482,O,0.9995984435081482,I-MISC,0.0002179807488573715,I-ORG,0.00015518636791966856
