0,1,2,3,predictions,confidence,pred_1,pred_1_confidence,pred_2,pred_2_confidence,pred_3,pred_3_confidence
8-213,CD,B-NP,O,O,0.9999361038208008,O,0.9999361038208008,I-ORG,3.2790281693451107e-05,I-MISC,2.5357870981679298e-05
9-216,CD,B-ADVP,O,O,0.9971209168434143,O,0.9971209168434143,I-ORG,0.0011812212178483605,I-MISC,0.0009509929805062711
.,.,O,O,O,0.9998317956924438,O,0.9998317956924438,I-MISC,9.228677663486451e-05,I-ORG,6.043339817551896e-05
