0,1,2,3,predictions,confidence,pred_1,pred_1_confidence,pred_2,pred_2_confidence,pred_3,pred_3_confidence
A,DT,B-NP,O,O,0.9848282933235168,O,0.9848282933235168,B-MISC,0.0061632972210645676,I-MISC,0.004859904292970896
French-owned,JJ,I-NP,B-MISC,O,0.23517094552516937,I-ORG,0.23517094552516937,B-ORG,0.21986575424671173,B-MISC,0.20469027757644653
hotel,NN,I-NP,O,O,0.999337375164032,O,0.999337375164032,I-MISC,0.00033330850419588387,I-ORG,0.00029401975916698575
was,VBD,B-VP,O,O,0.9995224475860596,O,0.9995224475860596,I-MISC,0.0003356887318659574,I-ORG,0.00011552773503353819
slightly,RB,B-ADVP,O,O,0.9998657703399658,O,0.9998657703399658,I-ORG,7.71050836192444e-05,I-MISC,5.0839746108977124e-05
damaged,JJ,B-NP,O,O,0.9970513582229614,O,0.9970513582229614,I-ORG,0.0013032442657276988,I-MISC,0.0012810738990083337
.,.,O,O,O,0.9998161196708679,O,0.9998161196708679,I-MISC,0.00010586428106762469,I-ORG,6.529222446260974e-05
