0,1,2,3,predictions,confidence,pred_1,pred_1_confidence,pred_2,pred_2_confidence,pred_3,pred_3_confidence
Shops,NNS,B-NP,O,O,0.2544039189815521,B-PER,0.2544039189815521,B-ORG,0.18102963268756866,B-LOC,0.11033526062965393
and,CC,I-NP,O,O,0.9991129040718079,O,0.9991129040718079,I-MISC,0.0004526081320364028,I-ORG,0.0003656052576843649
businesses,NNS,I-NP,O,O,0.9999297857284546,O,0.9999297857284546,I-ORG,3.400117566343397e-05,I-MISC,3.2110532629303634e-05
have,VBP,B-VP,O,O,0.999950647354126,O,0.999950647354126,I-MISC,2.9719682061113417e-05,I-ORG,1.793978844943922e-05
remained,VBN,I-VP,O,O,0.9997145533561707,O,0.9997145533561707,I-MISC,0.0001344644551863894,I-ORG,0.00012493367830757052
shut,VBN,I-VP,O,O,0.9997095465660095,O,0.9997095465660095,I-ORG,0.00018153208657167852,I-MISC,0.00010113645112141967
this,DT,B-NP,O,O,0.9994576573371887,O,0.9994576573371887,I-ORG,0.0002926351153291762,I-MISC,0.00022994790924713016
week,NN,I-NP,O,O,0.9993188381195068,O,0.9993188381195068,I-ORG,0.0003692427999339998,I-MISC,0.00028377026319503784
.,.,O,O,O,0.9993358254432678,O,0.9993358254432678,I-MISC,0.0003706746792886406,I-ORG,0.00025722073041833937
