0,1,2,3,predictions,confidence,pred_1,pred_1_confidence,pred_2,pred_2_confidence,pred_3,pred_3_confidence
The,DT,B-NP,O,O,0.8684925436973572,O,0.8684925436973572,B-PER,0.03126135468482971,I-MISC,0.028452930971980095
mutiny,NN,I-NP,O,O,0.9998767375946045,O,0.9998767375946045,I-ORG,6.975372525630519e-05,I-MISC,3.901773379766382e-05
forced,VBN,B-VP,O,O,0.9992221593856812,O,0.9992221593856812,I-ORG,0.000400153745431453,I-MISC,0.0002609717193990946
Patasse,NNP,B-NP,B-PER,B-PER,0.32911044359207153,B-PER,0.32911044359207153,I-PER,0.1290135532617569,B-ORG,0.11348722875118256
to,TO,B-VP,O,O,0.9980329871177673,O,0.9980329871177673,I-MISC,0.0010546839330345392,I-ORG,0.0006683639367111027
miss,VB,I-VP,O,O,0.999091386795044,O,0.999091386795044,I-MISC,0.0004900218918919563,I-ORG,0.00028480682522058487
the,DT,B-NP,O,O,0.9993725419044495,O,0.9993725419044495,I-MISC,0.00038356412551365793,I-ORG,0.000225550786126405
summit,NN,I-NP,O,O,0.9953510761260986,O,0.9953510761260986,I-ORG,0.002581132110208273,I-MISC,0.0018191906856372952
.,.,O,O,O,0.9980102181434631,O,0.9980102181434631,I-MISC,0.0010985871776938438,I-ORG,0.0007958157802931964
