0,1,2,3,predictions,confidence,pred_1,pred_1_confidence,pred_2,pred_2_confidence,pred_3,pred_3_confidence
Five,CD,B-NP,O,O,0.5467426776885986,O,0.5467426776885986,B-PER,0.1867663413286209,I-MISC,0.0679514929652214
die,VBP,B-VP,O,O,0.9985840320587158,O,0.9985840320587158,I-MISC,0.0008532287902198732,I-ORG,0.00034713352215476334
as,IN,B-SBAR,O,O,0.9989063739776611,O,0.9989063739776611,I-MISC,0.0005856185453012586,I-ORG,0.00045110684004612267
SAfrican,JJ,B-NP,B-MISC,B-MISC,0.3163106441497803,B-MISC,0.3163106441497803,I-ORG,0.23195286095142365,B-ORG,0.2202140837907791
crop,NN,I-NP,O,O,0.9995879530906677,O,0.9995879530906677,I-ORG,0.00026820169296115637,I-MISC,0.00013351162488106638
plane,NN,I-NP,O,O,0.9988191723823547,O,0.9988191723823547,I-ORG,0.0007285316241905093,I-MISC,0.0003898316062986851
hits,NNS,I-NP,O,O,0.9995651841163635,O,0.9995651841163635,I-ORG,0.00021158815070521086,I-MISC,0.00020528507593553513
pickup,NN,I-NP,O,O,0.9983497858047485,O,0.9983497858047485,I-ORG,0.0008518599788658321,I-MISC,0.0006551918340846896
.,.,O,O,O,0.9996325969696045,O,0.9996325969696045,I-MISC,0.0001984046248253435,I-ORG,0.00014265711070038378
