0,1,2,3,predictions,confidence,pred_1,pred_1_confidence,pred_2,pred_2_confidence,pred_3,pred_3_confidence
The,DT,B-NP,O,O,0.9308802485466003,O,0.9308802485466003,I-MISC,0.024126935750246048,B-PER,0.013815994374454021
freak,NN,I-NP,O,O,0.9995903372764587,O,0.9995903372764587,I-MISC,0.00024292485613841563,I-ORG,0.00010611073230393231
accident,NN,I-NP,O,O,0.9999833106994629,O,0.9999833106994629,I-MISC,9.882392077997793e-06,I-ORG,5.905200396227883e-06
occurred,VBD,B-VP,O,O,0.9998598098754883,O,0.9998598098754883,I-MISC,5.893807974644005e-05,I-ORG,4.7028039261931553e-05
in,IN,B-PP,O,O,0.9996084570884705,O,0.9996084570884705,I-MISC,0.0002188859652960673,I-ORG,0.00013723723532166332
Mafikeng,NNP,B-NP,B-LOC,B-PER,0.4439474046230316,B-PER,0.4439474046230316,B-ORG,0.1378970593214035,I-PER,0.12518607079982758
on,IN,B-PP,O,O,0.9996656179428101,O,0.9996656179428101,I-MISC,0.00016306948964484036,I-ORG,8.064452413236722e-05
Thursday,NNP,B-NP,O,O,0.9833154678344727,O,0.9833154678344727,I-ORG,0.005192999728024006,I-MISC,0.003966708201915026
.,.,O,O,O,0.9999287128448486,O,0.9999287128448486,I-MISC,4.3691936298273504e-05,I-ORG,2.2106400138000026e-05
