0,1,2,3,predictions,confidence,pred_1,pred_1_confidence,pred_2,pred_2_confidence,pred_3,pred_3_confidence
Ijaz,NNP,B-NP,B-PER,B-PER,0.3192252814769745,B-PER,0.3192252814769745,B-ORG,0.21601378917694092,B-LOC,0.16678428649902344
Ahmad,NNP,I-NP,I-PER,I-PER,0.3398601710796356,B-PER,0.3398601710796356,B-ORG,0.12712372839450836,B-LOC,0.11830863356590271
0.1-0-0-0,NNS,I-NP,O,O,0.9999467134475708,O,0.9999467134475708,I-ORG,2.6112045816262253e-05,I-MISC,2.432812652841676e-05
.,.,O,O,O,0.9997875094413757,O,0.9997875094413757,I-MISC,0.00011649225780274719,I-ORG,7.826359797036275e-05
