0,1,2,3,predictions,confidence,pred_1,pred_1_confidence,pred_2,pred_2_confidence,pred_3,pred_3_confidence
Skinheads,NNS,B-NP,O,O,0.2750912010669708,O,0.2750912010669708,B-ORG,0.1823795586824417,B-MISC,0.16317693889141083
attack,VBD,B-VP,O,O,0.9999537467956543,O,0.9999537467956543,I-MISC,2.5424404157092795e-05,I-ORG,1.757246718625538e-05
Bratislava,NNP,B-NP,B-LOC,B-ORG,0.2456967532634735,B-ORG,0.2456967532634735,B-MISC,0.23441122472286224,I-ORG,0.1827877312898636
Rabbi,NNP,I-NP,O,I-ORG,0.2856929898262024,B-MISC,0.2856929898262024,B-ORG,0.1865002065896988,I-MISC,0.1655062735080719
-,:,O,O,O,0.9979735016822815,O,0.9979735016822815,I-MISC,0.0010586961871013045,I-ORG,0.0008374667959287763
police,NN,B-NP,O,O,0.9991401433944702,O,0.9991401433944702,I-ORG,0.00036651609116233885,I-MISC,0.00034143467200919986
.,.,O,O,O,0.999923586845398,O,0.999923586845398,I-MISC,3.8943500840105116e-05,I-ORG,2.554313323344104e-05
