0,1,2,3,predictions,confidence,pred_1,pred_1_confidence,pred_2,pred_2_confidence,pred_3,pred_3_confidence
--,:,B-NP,O,O,0.9999451637268066,O,0.9999451637268066,I-MISC,2.6726007490651682e-05,I-ORG,2.560233770054765e-05
Moscow,NNP,I-NP,B-ORG,B-ORG,0.5093889832496643,B-ORG,0.5093889832496643,I-ORG,0.27189943194389343,B-PER,0.0453454814851284
Newsroom,NNP,I-NP,I-ORG,I-ORG,0.6341832280158997,B-ORG,0.6341832280158997,I-ORG,0.27032655477523804,B-MISC,0.02295762300491333
+7095,CD,I-NP,O,O,0.9986831545829773,O,0.9986831545829773,I-ORG,0.0011176301632076502,I-MISC,0.0001511558803031221
941,CD,I-NP,O,O,0.9941301941871643,O,0.9941301941871643,I-ORG,0.004040819592773914,I-MISC,0.001438081031665206
8520,CD,I-NP,O,O,0.9991912245750427,O,0.9991912245750427,I-ORG,0.00040596112376078963,I-MISC,0.00036460167029872537
