0,1,2,3,predictions,confidence,pred_1,pred_1_confidence,pred_2,pred_2_confidence,pred_3,pred_3_confidence
Result,NN,B-NP,O,O,0.9897661805152893,O,0.9897661805152893,B-MISC,0.0035214342642575502,I-MISC,0.002680794335901737
:,:,O,O,O,0.9979605674743652,O,0.9979605674743652,I-MISC,0.001433210913091898,I-ORG,0.0003960080211982131
Pakistan,NNP,B-NP,B-LOC,B-LOC,0.5095741748809814,B-LOC,0.5095741748809814,B-PER,0.13713635504245758,I-PER,0.10227826237678528
won,VBD,B-VP,O,O,0.9981631636619568,O,0.9981631636619568,I-MISC,0.0010824169730767608,I-ORG,0.0006653356831520796
by,IN,B-PP,O,O,0.9998633861541748,O,0.9998633861541748,I-MISC,7.746191113255918e-05,I-ORG,5.562827209359966e-05
46,CD,B-NP,O,O,0.9997639060020447,O,0.9997639060020447,I-MISC,0.00013042362115811557,I-ORG,8.776945469435304e-05
runs,NNS,I-NP,O,O,0.9988240599632263,O,0.9988240599632263,I-ORG,0.0006143255741335452,I-MISC,0.0004304656176827848
.,.,O,O,O,0.9996223449707031,O,0.9996223449707031,I-MISC,0.00019506210810504854,I-ORG,0.00014770303096156567
