0,1,2,3,predictions,confidence,pred_1,pred_1_confidence,pred_2,pred_2_confidence,pred_3,pred_3_confidence
He,PRP,B-NP,O,O,0.9929243326187134,O,0.9929243326187134,B-ORG,0.0024860857520252466,I-MISC,0.0017908064182847738
was,VBD,B-VP,O,O,0.9998243451118469,O,0.9998243451118469,I-MISC,0.0001046283941832371,I-ORG,5.909757237532176e-05
unable,JJ,B-ADJP,O,O,0.9971656203269958,O,0.9971656203269958,I-ORG,0.00156130560208112,I-MISC,0.0008947531459853053
to,TO,B-VP,O,O,0.9985141158103943,O,0.9985141158103943,I-ORG,0.0007767266361042857,I-MISC,0.0006372812786139548
give,VB,I-VP,O,O,0.9993489384651184,O,0.9993489384651184,I-ORG,0.00035319136804901063,I-MISC,0.0002739781921263784
more,JJR,B-NP,O,O,0.9992535710334778,O,0.9992535710334778,I-ORG,0.0004019097541458905,I-MISC,0.00030485406750813127
details,NNS,I-NP,O,O,0.9961912631988525,O,0.9961912631988525,I-ORG,0.001753846649080515,I-MISC,0.0013945848913863301
.,.,O,O,O,0.9997733235359192,O,0.9997733235359192,I-MISC,0.00012373687059152871,I-ORG,8.538921974832192e-05
