0,1,2,3,predictions,confidence,pred_1,pred_1_confidence,pred_2,pred_2_confidence,pred_3,pred_3_confidence
Meyers,NNP,B-NP,B-PER,I-PER,0.4786829650402069,B-PER,0.4786829650402069,I-PER,0.1564268171787262,B-ORG,0.11271969974040985
was,VBD,B-VP,O,O,0.9998152852058411,O,0.9998152852058411,I-MISC,9.599990880815312e-05,I-ORG,5.3453713917406276e-05
not,RB,O,O,O,0.9997650980949402,O,0.9997650980949402,I-MISC,0.00011396363697713241,I-ORG,9.106106153922155e-05
available,JJ,B-ADJP,O,O,0.9999591112136841,O,0.9999591112136841,I-ORG,2.5373212338308804e-05,I-MISC,1.3054459486738779e-05
for,IN,B-PP,O,O,0.9997887015342712,O,0.9997887015342712,I-MISC,0.00010659434337867424,I-ORG,9.009899804368615e-05
comment,NN,B-NP,O,O,0.9998853206634521,O,0.9998853206634521,I-ORG,6.435821705963463e-05,I-MISC,4.2702671635197476e-05
.,.,O,O,O,0.9997878670692444,O,0.9997878670692444,I-MISC,0.00011999088019365445,I-ORG,7.700897549511865e-05
