0,1,2,3,predictions,confidence,pred_1,pred_1_confidence,pred_2,pred_2_confidence,pred_3,pred_3_confidence
Albanian,NNP,B-NP,B-MISC,B-MISC,0.6511293649673462,B-MISC,0.6511293649673462,B-PER,0.10776148736476898,I-MISC,0.07632207125425339
jailed,VBD,B-VP,O,O,0.9997974038124084,O,0.9997974038124084,I-MISC,9.912252426147461e-05,I-ORG,8.170588262146339e-05
for,IN,B-PP,O,O,0.9995570778846741,O,0.9995570778846741,I-MISC,0.00027873291401192546,I-ORG,0.00012501601304393262
threat,NN,B-NP,O,O,0.999832272529602,O,0.999832272529602,I-MISC,9.475975821260363e-05,I-ORG,5.8719168009702116e-05
of,IN,B-PP,O,O,0.9757945537567139,O,0.9757945537567139,I-ORG,0.01248198188841343,I-MISC,0.009982448071241379
bomb,NN,B-NP,O,O,0.9989469647407532,O,0.9989469647407532,I-ORG,0.0005428515723906457,I-MISC,0.00046628026757389307
suicide,NN,I-NP,O,O,0.99835205078125,O,0.99835205078125,I-ORG,0.0008750289562158287,I-MISC,0.0006588720716536045
.,.,O,O,O,0.9994263648986816,O,0.9994263648986816,I-MISC,0.0003110361867584288,I-ORG,0.00022485631052404642
