0,1,2,3,predictions,confidence,pred_1,pred_1_confidence,pred_2,pred_2_confidence,pred_3,pred_3_confidence
SOCCER,NN,B-NP,O,O,0.6806713938713074,O,0.6806713938713074,I-MISC,0.10034891963005066,B-MISC,0.09438574314117432
-,:,O,O,O,0.9996694326400757,O,0.9996694326400757,I-MISC,0.0002189966180594638,I-ORG,7.291444489965215e-05
ENGLISH,NNP,B-NP,B-MISC,B-MISC,0.42268216609954834,B-MISC,0.42268216609954834,O,0.1704459935426712,I-MISC,0.15444254875183105
F.A.,NNP,I-NP,I-MISC,O,0.44094887375831604,B-PER,0.44094887375831604,B-ORG,0.1352425366640091,B-MISC,0.11889716982841492
CUP,NNP,I-NP,I-MISC,O,0.7230880260467529,O,0.7230880260467529,B-MISC,0.09093403816223145,B-ORG,0.07852666825056076
SECOND,NNP,I-NP,O,O,0.9808223843574524,O,0.9808223843574524,B-MISC,0.007260747253894806,I-MISC,0.00539847556501627
ROUND,NNP,I-NP,O,O,0.8265808820724487,O,0.8265808820724487,B-MISC,0.05338673293590546,I-MISC,0.04728372395038605
RESULT,NNP,I-NP,O,O,0.987174928188324,O,0.987174928188324,I-MISC,0.005030224099755287,B-MISC,0.003035421948879957
.,.,O,O,O,0.9999672174453735,O,0.9999672174453735,I-MISC,2.1430087144835852e-05,I-ORG,8.41044220578624e-06
