0,1,2,3,predictions,confidence,pred_1,pred_1_confidence,pred_2,pred_2_confidence,pred_3,pred_3_confidence
Polish,JJ,B-NP,B-MISC,B-MISC,0.45882463455200195,B-MISC,0.45882463455200195,B-ORG,0.13021968305110931,O,0.11846458911895752
ex-communist,JJ,I-NP,O,O,0.9979579448699951,O,0.9979579448699951,I-ORG,0.0009734786581248045,I-MISC,0.0005413023754954338
president,NN,I-NP,O,O,0.9998782873153687,O,0.9998782873153687,I-ORG,5.9122972743352875e-05,I-MISC,4.7557779907947406e-05
to,TO,B-VP,O,O,0.9991598129272461,O,0.9991598129272461,I-MISC,0.00042160472366958857,I-ORG,0.00034437852445989847
visit,VB,I-VP,O,O,0.9988411068916321,O,0.9988411068916321,I-ORG,0.0004944029496982694,I-MISC,0.0004924160894006491
Pope,NNP,B-NP,O,B-LOC,0.3354344666004181,B-PER,0.3354344666004181,I-PER,0.1418023705482483,O,0.10783306509256363
.,.,O,O,O,0.9998441934585571,O,0.9998441934585571,I-MISC,7.793338591000065e-05,I-ORG,5.670871905749664e-05
