0,1,2,3,predictions,confidence,pred_1,pred_1_confidence,pred_2,pred_2_confidence,pred_3,pred_3_confidence
LONDON,NNP,B-NP,B-LOC,B-LOC,0.864109218120575,B-LOC,0.864109218120575,B-PER,0.08839765936136246,I-PER,0.013138515874743462
1996-12-06,CD,I-NP,O,O,0.9999560117721558,O,0.9999560117721558,I-MISC,1.938482455443591e-05,I-ORG,1.5251614058797713e-05
Result,NN,B-NP,O,O,0.9894300699234009,O,0.9894300699234009,B-ORG,0.0033131500240415335,B-PER,0.0025461530312895775
of,IN,B-PP,O,O,0.993738055229187,O,0.993738055229187,I-MISC,0.0032267363276332617,I-ORG,0.002619367092847824
an,DT,B-NP,O,O,0.998699426651001,O,0.998699426651001,I-MISC,0.0008582425653003156,I-ORG,0.0003906059137079865
English,NNP,I-NP,B-MISC,B-MISC,0.555598258972168,B-MISC,0.555598258972168,I-ORG,0.155797079205513,I-MISC,0.13733191788196564
F.A.,NNP,I-NP,I-MISC,B-ORG,0.3115525245666504,I-ORG,0.3115525245666504,B-ORG,0.30235788226127625,I-MISC,0.12340116500854492
Challenge,NNP,I-NP,I-MISC,I-ORG,0.3869696855545044,B-ORG,0.3869696855545044,I-ORG,0.30758029222488403,I-MISC,0.08828537911176682
