0,1,2,3,predictions,confidence,pred_1,pred_1_confidence,pred_2,pred_2_confidence,pred_3,pred_3_confidence
Cup,NNP,B-NP,B-MISC,O,0.6219207048416138,O,0.6219207048416138,B-MISC,0.13512647151947021,I-MISC,0.12272915989160538
second,JJ,I-NP,O,O,0.9999538660049438,O,0.9999538660049438,I-MISC,3.341114643262699e-05,B-MISC,6.799353741371306e-06
round,JJ,I-NP,O,O,0.9999929666519165,O,0.9999929666519165,I-MISC,5.5824025366746355e-06,B-MISC,7.404298685287358e-07
match,NN,I-NP,O,O,0.9998144507408142,O,0.9998144507408142,I-MISC,0.00013470379053615034,I-ORG,2.6772331693791784e-05
on,IN,B-PP,O,O,0.9998617172241211,O,0.9998617172241211,I-MISC,9.765964205143973e-05,I-ORG,1.6339845387847163e-05
Friday,NNP,B-NP,O,O,0.9889885783195496,O,0.9889885783195496,I-MISC,0.004981752019375563,B-MISC,0.0024857036769390106
:,:,O,O,O,0.9997068047523499,O,0.9997068047523499,I-MISC,0.00021843391004949808,I-ORG,4.741676093544811e-05
