0,1,2,3,predictions,confidence,pred_1,pred_1_confidence,pred_2,pred_2_confidence,pred_3,pred_3_confidence
Plymouth,NN,B-NP,B-ORG,B-ORG,0.8746240139007568,B-ORG,0.8746240139007568,I-ORG,0.11287648230791092,O,0.005935299675911665
4,CD,I-NP,O,O,0.9997884631156921,O,0.9997884631156921,I-ORG,0.00017221711459569633,B-ORG,2.3897746359580196e-05
Exeter,NNP,I-NP,B-ORG,B-ORG,0.6878564953804016,B-ORG,0.6878564953804016,I-ORG,0.2664797604084015,O,0.026437992230057716
1,CD,I-NP,O,O,0.9993497729301453,O,0.9993497729301453,I-ORG,0.0003979287575930357,I-MISC,0.00017842127999756485
