0,1,2,3,predictions,confidence,pred_1,pred_1_confidence,pred_2,pred_2_confidence,pred_3,pred_3_confidence
Lynnley,NNP,B-NP,B-PER,B-PER,0.6422646641731262,B-PER,0.6422646641731262,I-PER,0.19258515536785126,B-LOC,0.060877006500959396
Browning,NNP,I-NP,I-PER,I-PER,0.50220787525177,B-PER,0.50220787525177,I-PER,0.1992330253124237,B-LOC,0.18673670291900635
MOSCOW,RB,B-ADVP,B-LOC,B-LOC,0.8256680965423584,B-LOC,0.8256680965423584,I-LOC,0.05874352157115936,B-ORG,0.036002445966005325
1996-12-06,CD,B-NP,O,O,0.9983637928962708,O,0.9983637928962708,I-ORG,0.0009432569495402277,I-MISC,0.0004758418072015047
