0,1,2,3,predictions,confidence,pred_1,pred_1_confidence,pred_2,pred_2_confidence,pred_3,pred_3_confidence
SOCCER,NN,B-NP,O,O,0.41082340478897095,O,0.41082340478897095,B-ORG,0.3430289328098297,I-MISC,0.08658427745103836
-,:,O,O,O,0.9989922642707825,O,0.9989922642707825,I-ORG,0.0005054326611571014,I-MISC,0.0004146519931964576
BLINKER,NNP,B-NP,B-PER,B-LOC,0.323740690946579,B-ORG,0.323740690946579,B-LOC,0.24079124629497528,O,0.11980652809143066
BAN,NNP,I-NP,O,O,0.43708527088165283,B-ORG,0.43708527088165283,O,0.13812865316867828,B-PER,0.1040337011218071
LIFTED,NNP,I-NP,O,O,0.34893620014190674,O,0.34893620014190674,B-ORG,0.19364669919013977,B-LOC,0.1479414403438568
.,.,O,O,O,0.9999051094055176,O,0.9999051094055176,I-MISC,5.023452467867173e-05,I-ORG,3.281144381617196e-05
