0,1,2,3,predictions,confidence,pred_1,pred_1_confidence,pred_2,pred_2_confidence,pred_3,pred_3_confidence
Norilsk,JJ,B-NP,B-ORG,O,0.2753411829471588,B-PER,0.2753411829471588,B-ORG,0.18395495414733887,B-MISC,0.1685427725315094
officials,NNS,I-NP,O,O,0.9992181062698364,O,0.9992181062698364,I-ORG,0.0003089356468990445,I-MISC,0.0002860805543605238
declined,VBD,B-VP,O,O,0.9985139966011047,O,0.9985139966011047,I-MISC,0.0005368780111894011,I-ORG,0.00045978312846273184
to,TO,I-VP,O,O,0.9988092184066772,O,0.9988092184066772,I-MISC,0.0005832734168507159,I-ORG,0.0005322612123563886
comment,VB,I-VP,O,O,0.999751627445221,O,0.999751627445221,I-ORG,0.00014512945199385285,I-MISC,8.813836029730737e-05
.,.,O,O,O,0.9996204376220703,O,0.9996204376220703,I-MISC,0.00020841008517891169,I-ORG,0.00014510724577121437
