0,1,2,3,predictions,confidence,pred_1,pred_1_confidence,pred_2,pred_2_confidence,pred_3,pred_3_confidence
--,:,B-NP,O,O,0.9999488592147827,O,0.9999488592147827,I-MISC,2.6112002160516568e-05,I-ORG,2.2277321477304213e-05
Moscow,NNP,I-NP,B-ORG,B-ORG,0.38184690475463867,B-ORG,0.38184690475463867,I-ORG,0.2383522391319275,B-PER,0.10424256324768066
Newsroom,NNP,I-NP,I-ORG,I-ORG,0.5123217701911926,B-ORG,0.5123217701911926,I-ORG,0.26037073135375977,B-LOC,0.07700425386428833
",",",",O,O,O,0.9982250332832336,O,0.9982250332832336,I-ORG,0.0012447575572878122,I-MISC,0.000452477834187448
+7095,CD,B-NP,O,O,0.9989625215530396,O,0.9989625215530396,I-ORG,0.0008775251917541027,I-MISC,0.00010833463602466509
941,CD,I-NP,O,O,0.9968164563179016,O,0.9968164563179016,I-ORG,0.0021694879978895187,I-MISC,0.000723674485925585
8520,CD,I-NP,O,O,0.9994935989379883,O,0.9994935989379883,I-ORG,0.000256957282545045,I-MISC,0.000218507120735012
