0,1,2,3,predictions,confidence,pred_1,pred_1_confidence,pred_2,pred_2_confidence,pred_3,pred_3_confidence
--,:,O,O,O,0.9999676942825317,O,0.9999676942825317,I-MISC,1.992810757656116e-05,I-ORG,1.0759227734524757e-05
Riga,NNP,B-NP,B-ORG,B-ORG,0.3362096846103668,B-ORG,0.3362096846103668,I-ORG,0.20269642770290375,B-PER,0.11930926889181137
Newsroom,NNP,I-NP,I-ORG,I-ORG,0.25643613934516907,B-ORG,0.25643613934516907,I-ORG,0.20173276960849762,B-LOC,0.17869040369987488
",",",",O,O,O,0.9987530708312988,O,0.9987530708312988,I-MISC,0.0005800657672807574,I-ORG,0.0005531464703381062
+371,CD,B-NP,O,O,0.9994542002677917,O,0.9994542002677917,I-ORG,0.00030196906300261617,I-MISC,0.00020238898287061602
721,CD,I-NP,O,O,0.9999047517776489,O,0.9999047517776489,I-ORG,4.951364462613128e-05,I-MISC,4.0765266021480784e-05
5240,CD,I-NP,O,O,0.999864935874939,O,0.999864935874939,I-ORG,6.887099880259484e-05,I-MISC,5.749927368015051e-05
