0,1,2,3,predictions,confidence,pred_1,pred_1_confidence,pred_2,pred_2_confidence,pred_3,pred_3_confidence
Russia,NNP,B-NP,B-LOC,B-LOC,0.30089977383613586,B-ORG,0.30089977383613586,B-LOC,0.17684373259544373,B-PER,0.1649884283542633
ready,JJ,B-ADJP,O,O,0.9998496770858765,O,0.9998496770858765,I-ORG,9.341530676465482e-05,I-MISC,4.602411718224175e-05
for,IN,B-PP,O,O,0.9993287324905396,O,0.9993287324905396,I-ORG,0.00035719427978619933,I-MISC,0.00027812388725578785
constructive,JJ,B-NP,O,O,0.9993226528167725,O,0.9993226528167725,I-ORG,0.0004335021658334881,I-MISC,0.00020827986008953303
work,NN,I-NP,O,O,0.9991750121116638,O,0.9991750121116638,I-ORG,0.00045351855806075037,I-MISC,0.00032279116567224264
with,IN,B-PP,O,O,0.9994056224822998,O,0.9994056224822998,I-MISC,0.0003026301565114409,I-ORG,0.00025577947963029146
Albright,NNP,B-NP,B-PER,O,0.2286209911108017,B-PER,0.2286209911108017,B-ORG,0.21630527079105377,I-ORG,0.1582474559545517
.,.,O,O,O,0.9996827840805054,O,0.9996827840805054,I-MISC,0.00017030815070029348,I-ORG,0.0001230142079293728
