0,1,2,3,predictions,confidence,pred_1,pred_1_confidence,pred_2,pred_2_confidence,pred_3,pred_3_confidence
Bomb,VB,B-VP,O,B-ORG,0.32746028900146484,B-ORG,0.32746028900146484,B-PER,0.2061886191368103,I-ORG,0.13323701918125153
explodes,VBZ,B-VP,O,O,0.9974740147590637,O,0.9974740147590637,I-ORG,0.0014912685146555305,I-MISC,0.0005658908048644662
outside,IN,B-PP,O,O,0.9944940209388733,O,0.9944940209388733,I-ORG,0.003228104440495372,I-MISC,0.0013237169478088617
home,NN,B-NP,O,O,0.9996650218963623,O,0.9996650218963623,I-ORG,0.00017672676767688245,I-MISC,0.000133223642478697
of,IN,B-PP,O,O,0.9867461323738098,O,0.9867461323738098,I-ORG,0.00744016095995903,I-MISC,0.004931822884827852
expelled,VBN,B-NP,O,O,0.989250659942627,O,0.989250659942627,I-ORG,0.007035250309854746,I-MISC,0.0024827690795063972
Slovak,NNP,I-NP,B-MISC,B-MISC,0.2286428064107895,B-MISC,0.2286428064107895,I-ORG,0.19710475206375122,B-ORG,0.178974911570549
MP,NNP,I-NP,O,I-MISC,0.21840547025203705,I-MISC,0.21840547025203705,B-ORG,0.20001477003097534,I-ORG,0.1619081050157547
.,.,O,O,O,0.9993690848350525,O,0.9993690848350525,I-MISC,0.00034719810355454683,I-ORG,0.0002477191446814686
