0,1,2,3,predictions,confidence,pred_1,pred_1_confidence,pred_2,pred_2_confidence,pred_3,pred_3_confidence
Bomb,VB,B-VP,O,O,0.2665560245513916,B-ORG,0.2665560245513916,O,0.16674703359603882,B-PER,0.16265690326690674
explodes,VBZ,B-VP,O,O,0.9987778067588806,O,0.9987778067588806,I-ORG,0.0006243646494112909,I-MISC,0.00040299270767718554
at,IN,B-PP,O,O,0.9977651834487915,O,0.9977651834487915,I-MISC,0.0012735597556456923,I-ORG,0.0008816366898827255
mosque,NN,B-NP,O,O,0.9940411448478699,O,0.9940411448478699,I-ORG,0.003593141445890069,I-MISC,0.0020239439327269793
in,IN,B-PP,O,O,0.9874433875083923,O,0.9874433875083923,I-MISC,0.00670197606086731,I-ORG,0.005139857530593872
central,JJ,B-NP,O,O,0.9984442591667175,O,0.9984442591667175,I-ORG,0.0009882297599688172,I-MISC,0.0004976795171387494
Bulgaria,NNP,I-NP,B-LOC,B-LOC,0.24982140958309174,B-LOC,0.24982140958309174,B-ORG,0.17205548286437988,I-ORG,0.15903139114379883
.,.,O,O,O,0.9992330074310303,O,0.9992330074310303,I-MISC,0.0004202656855341047,I-ORG,0.00029913970502093434
