0,1,2,3,predictions,confidence,pred_1,pred_1_confidence,pred_2,pred_2_confidence,pred_3,pred_3_confidence
The,DT,B-NP,O,O,0.9013597369194031,O,0.9013597369194031,I-MISC,0.02738463133573532,I-ORG,0.023798152804374695
majority,NN,I-NP,O,O,0.9998834133148193,O,0.9998834133148193,I-ORG,7.476876635337248e-05,I-MISC,3.340723196743056e-05
in,IN,B-PP,O,O,0.9981886744499207,O,0.9981886744499207,I-MISC,0.000997633789665997,I-ORG,0.0006930953240953386
Bulgaria,NNP,B-NP,B-LOC,B-LOC,0.3009239137172699,B-ORG,0.3009239137172699,I-ORG,0.2104596346616745,B-MISC,0.20210428535938263
are,VBP,B-VP,O,O,0.9997656941413879,O,0.9997656941413879,I-MISC,0.00011859530059155077,I-ORG,0.00010981009108945727
Christians,NNPS,B-NP,B-MISC,B-MISC,0.2411745935678482,B-MISC,0.2411745935678482,I-ORG,0.2338166981935501,I-MISC,0.1655767858028412
.,.,O,O,O,0.9994491934776306,O,0.9994491934776306,I-MISC,0.00030162447365000844,I-ORG,0.0002148694038623944
