0,1,2,3,predictions,confidence,pred_1,pred_1_confidence,pred_2,pred_2_confidence,pred_3,pred_3_confidence
They,PRP,B-NP,O,O,0.9960801005363464,O,0.9960801005363464,B-ORG,0.0017350163543596864,I-ORG,0.001393946586176753
expect,VBP,B-VP,O,O,0.9995502829551697,O,0.9995502829551697,I-ORG,0.0003083562187384814,I-MISC,8.973532385425642e-05
a,DT,B-NP,O,O,0.9989711046218872,O,0.9989711046218872,I-MISC,0.0005345082608982921,I-ORG,0.00040803459705784917
larger-than-average,JJ,I-NP,O,O,0.9974822402000427,O,0.9974822402000427,I-ORG,0.0015790995676070452,I-MISC,0.0008266918011941016
payment,NN,I-NP,O,O,0.9995107650756836,O,0.9995107650756836,I-ORG,0.00028945255326107144,I-MISC,0.00016498799959663302
.,.,O,O,O,0.9998095631599426,O,0.9998095631599426,I-MISC,0.00012701074592769146,I-ORG,5.003967089578509e-05
 ,O,O,<UNK>,<UNK>,0.9992508292198181,<UNK>,0.9992508292198181,<PAD>,0.0006887515191920102,I-MISC,1.2082951798220165e-05
