0,1,2,3,predictions,confidence,pred_1,pred_1_confidence,pred_2,pred_2_confidence,pred_3,pred_3_confidence
Volume,NN,B-NP,O,O,0.7661481499671936,O,0.7661481499671936,B-ORG,0.07834813743829727,B-PER,0.06432818621397018
was,VBD,B-VP,O,O,0.9999290704727173,O,0.9999290704727173,I-MISC,4.641585474018939e-05,I-ORG,1.8568300220067613e-05
regular,JJ,B-NP,O,O,0.999923825263977,O,0.999923825263977,I-ORG,3.982139241998084e-05,I-MISC,3.13833515974693e-05
at,IN,B-PP,O,O,0.9984782338142395,O,0.9984782338142395,I-MISC,0.0008346770773641765,I-ORG,0.0006457215058617294
74.7,CD,B-NP,O,O,0.9996582269668579,O,0.9996582269668579,I-ORG,0.00020387870608828962,I-MISC,0.00013205911091063172
million,CD,I-NP,O,O,0.9974059462547302,O,0.9974059462547302,I-ORG,0.0017431859159842134,I-MISC,0.0007147903088480234
shares,NNS,I-NP,O,O,0.999954342842102,O,0.999954342842102,I-ORG,2.807216878863983e-05,I-MISC,1.5618570614606142e-05
traded,VBN,B-VP,O,O,0.9992071986198425,O,0.9992071986198425,I-ORG,0.0004057808546349406,I-MISC,0.0003424803144298494
.,.,O,O,O,0.9996249675750732,O,0.9996249675750732,I-MISC,0.00021531256788875908,I-ORG,0.00013863468484487385
