0,1,2,3,predictions,confidence,pred_1,pred_1_confidence,pred_2,pred_2_confidence,pred_3,pred_3_confidence
Volume,NN,B-NP,O,O,0.7153415083885193,O,0.7153415083885193,B-PER,0.1360142081975937,B-ORG,0.05482199415564537
was,VBD,B-VP,O,O,0.9999294281005859,O,0.9999294281005859,I-MISC,4.473295120988041e-05,I-ORG,1.4920635294402018e-05
lackluster,JJ,B-ADJP,O,O,0.9998894929885864,O,0.9998894929885864,I-ORG,4.8863159463508055e-05,I-MISC,4.5342647354118526e-05
",",",",O,O,O,0.9998188614845276,O,0.9998188614845276,I-MISC,0.0001235680829267949,I-ORG,3.835203096969053e-05
 ,O,O,<UNK>,<UNK>,0.9994588494300842,<UNK>,0.9994588494300842,<PAD>,0.000474022381240502,B-MISC,1.6069121556938626e-05
said,VBD,B-VP,O,O,0.9999240636825562,O,0.9999240636825562,I-MISC,5.356736437533982e-05,I-ORG,1.5497576896450482e-05
one,CD,B-NP,O,O,0.9998774528503418,O,0.9998774528503418,I-MISC,8.343809895450249e-05,I-ORG,2.6054767658933997e-05
trader,NN,I-NP,O,O,0.999950647354126,O,0.999950647354126,I-ORG,2.3479775336454622e-05,I-MISC,2.1532285245484672e-05
.,.,O,O,O,0.9998995065689087,O,0.9998995065689087,I-MISC,5.7023698900593445e-05,I-ORG,3.407649273867719e-05
