0,1,2,3,predictions,confidence,pred_1,pred_1_confidence,pred_2,pred_2_confidence,pred_3,pred_3_confidence
Plastic,NN,B-NP,O,B-LOC,0.356303334236145,B-PER,0.356303334236145,B-LOC,0.171251580119133,I-PER,0.13417679071426392
surgery,NN,I-NP,O,O,0.9997653365135193,O,0.9997653365135193,I-ORG,0.00013833506091032177,I-MISC,5.554298695642501e-05
gets,VBZ,B-VP,O,O,0.9997125267982483,O,0.9997125267982483,I-ORG,0.0001839806791394949,I-MISC,8.752421854296699e-05
boost,NN,B-NP,O,O,0.9999758005142212,O,0.9999758005142212,I-ORG,1.5685076505178586e-05,I-MISC,7.569675744889537e-06
in,IN,B-PP,O,O,0.997602641582489,O,0.997602641582489,I-MISC,0.0012594970175996423,I-ORG,0.0007614621426910162
Brazil,NNP,B-NP,B-LOC,B-LOC,0.637611448764801,B-LOC,0.637611448764801,B-PER,0.13764163851737976,I-PER,0.07537952810525894
.,.,O,O,O,0.9991493225097656,O,0.9991493225097656,I-MISC,0.0004390415851958096,I-ORG,0.00034505329676903784
