0,1,2,3,predictions,confidence,pred_1,pred_1_confidence,pred_2,pred_2_confidence,pred_3,pred_3_confidence
Simona,NNP,B-NP,B-PER,B-LOC,0.4068599045276642,B-LOC,0.4068599045276642,B-PER,0.3585177958011627,I-PER,0.16223222017288208
de,NNP,I-NP,I-PER,O,0.8862242698669434,O,0.8862242698669434,I-LOC,0.025972703471779823,I-MISC,0.02553589828312397
Logu,NNP,I-NP,I-PER,B-PER,0.20001773536205292,B-ORG,0.20001773536205292,B-PER,0.18263830244541168,B-LOC,0.13716460764408112
