0,1,2,3,predictions,confidence,pred_1,pred_1_confidence,pred_2,pred_2_confidence,pred_3,pred_3_confidence
Daily,NNP,B-NP,O,O,0.45299655199050903,B-PER,0.45299655199050903,O,0.2952127754688263,I-MISC,0.0604819618165493
Argentine,JJ,I-NP,B-MISC,B-MISC,0.4158739149570465,B-MISC,0.4158739149570465,O,0.19122037291526794,I-MISC,0.1380418986082077
grain,NN,I-NP,O,O,0.9995670914649963,O,0.9995670914649963,I-MISC,0.0002516503445804119,I-ORG,0.00011424964031903073
fixings,NNS,I-NP,O,O,0.9998263716697693,O,0.9998263716697693,I-ORG,0.00010634530917741358,I-MISC,5.2402407163754106e-05
-,:,O,O,O,0.9990715980529785,O,0.9990715980529785,I-ORG,0.0004493187880143523,I-MISC,0.00039904742152430117
Camaras,NNS,B-NP,O,B-PER,0.4655846059322357,B-PER,0.4655846059322357,B-ORG,0.14348074793815613,I-PER,0.12796080112457275
Arbitrales,NNP,I-NP,O,I-PER,0.3057766854763031,B-PER,0.3057766854763031,O,0.24164797365665436,B-ORG,0.17600800096988678
.,.,O,O,O,0.9999433755874634,O,0.9999433755874634,I-MISC,2.7751722882385366e-05,I-ORG,1.8163853383157402e-05
