0,1,2,3,predictions,confidence,pred_1,pred_1_confidence,pred_2,pred_2_confidence,pred_3,pred_3_confidence
Wheat,NN,B-NP,O,O,0.2974803149700165,B-PER,0.2974803149700165,B-ORG,0.16178619861602783,O,0.1580488085746765
121,CD,I-NP,O,O,0.9995039701461792,O,0.9995039701461792,I-ORG,0.0002346573892282322,I-MISC,0.00021267203555908054
130,CD,I-NP,O,O,0.9992454051971436,O,0.9992454051971436,I-MISC,0.00034958988544531167,I-ORG,0.00034226500429213047
121.3,CD,I-NP,O,O,0.9990957975387573,O,0.9990957975387573,I-ORG,0.00048812918248586357,I-MISC,0.00031451808172278106
121,CD,I-NP,O,O,0.9989650249481201,O,0.9989650249481201,I-ORG,0.00047504823305644095,I-MISC,0.00047079770592972636
