0,1,2,3,predictions,confidence,pred_1,pred_1_confidence,pred_2,pred_2_confidence,pred_3,pred_3_confidence
Soybeans,NNS,B-NP,O,O,0.24713756144046783,B-ORG,0.24713756144046783,B-MISC,0.14137308299541473,B-PER,0.13679029047489166
283,CD,B-NP,O,O,0.9999485015869141,O,0.9999485015869141,I-ORG,2.575668622739613e-05,I-MISC,2.3270624296856113e-05
unq,VBG,B-VP,O,O,0.9939729571342468,O,0.9939729571342468,I-ORG,0.0026205896865576506,I-MISC,0.0024494698736816645
283,CD,B-NP,O,O,0.9999065399169922,O,0.9999065399169922,I-ORG,4.556484054774046e-05,I-MISC,4.4070693547837436e-05
unq,NNS,I-NP,O,O,0.9909670948982239,O,0.9909670948982239,I-ORG,0.003829380264505744,I-MISC,0.0037665131967514753
