0,1,2,3,predictions,confidence,pred_1,pred_1_confidence,pred_2,pred_2_confidence,pred_3,pred_3_confidence
Millet,NNP,B-NP,O,I-PER,0.5295623540878296,B-PER,0.5295623540878296,I-PER,0.1250862330198288,B-ORG,0.09653271734714508
unq,NN,I-NP,O,O,0.997249186038971,O,0.997249186038971,I-MISC,0.0014140128623694181,I-ORG,0.0007693953230045736
unq,JJ,B-ADJP,O,O,0.9967225193977356,O,0.9967225193977356,I-MISC,0.001854486996307969,I-ORG,0.0008513410575687885
90,CD,B-NP,O,O,0.9987040758132935,O,0.9987040758132935,I-MISC,0.0008045106078498065,I-ORG,0.00030370528111234307
unq,NNS,I-NP,O,O,0.9895834922790527,O,0.9895834922790527,I-MISC,0.004687556531280279,I-ORG,0.004416300915181637
