0,1,2,3,predictions,confidence,pred_1,pred_1_confidence,pred_2,pred_2_confidence,pred_3,pred_3_confidence
Sunseeds,NNS,B-NP,O,O,0.5495690107345581,O,0.5495690107345581,B-ORG,0.09238336235284805,B-PER,0.08564665913581848
219,CD,I-NP,O,O,0.9999245405197144,O,0.9999245405197144,I-MISC,4.424363578436896e-05,I-ORG,2.662139195308555e-05
216,CD,I-NP,O,O,0.9998637437820435,O,0.9998637437820435,I-MISC,8.089878974715248e-05,I-ORG,4.8999794671544805e-05
220,CD,I-NP,O,O,0.9999263286590576,O,0.9999263286590576,I-MISC,4.1775652789510787e-05,I-ORG,2.807419514283538e-05
216,CD,I-NP,O,O,0.9998732805252075,O,0.9998732805252075,I-ORG,5.830228838021867e-05,I-MISC,5.6144202972063795e-05
