0,1,2,3,predictions,confidence,pred_1,pred_1_confidence,pred_2,pred_2_confidence,pred_3,pred_3_confidence
--,:,O,O,O,0.9999369382858276,O,0.9999369382858276,I-MISC,3.1888659577816725e-05,I-ORG,2.41934867517557e-05
Buenos,NNPS,B-NP,B-ORG,B-ORG,0.29935550689697266,B-LOC,0.29935550689697266,B-PER,0.18439890444278717,B-ORG,0.14321313798427582
Aires,NNP,I-NP,I-ORG,I-ORG,0.26224231719970703,B-LOC,0.26224231719970703,I-ORG,0.1415627896785736,B-ORG,0.1413363814353943
Newsroom,NNP,I-NP,I-ORG,I-ORG,0.3438267707824707,B-ORG,0.3438267707824707,I-ORG,0.248099684715271,B-LOC,0.10948009788990021
+541,CD,I-NP,O,O,0.9987432360649109,O,0.9987432360649109,I-ORG,0.0006887181079946458,I-MISC,0.00048101667198352516
318-0655,JJ,I-NP,O,O,0.9998284578323364,O,0.9998284578323364,I-ORG,0.00010894420847762376,I-MISC,5.441828761831857e-05
