0,1,2,3,predictions,confidence,pred_1,pred_1_confidence,pred_2,pred_2_confidence,pred_3,pred_3_confidence
MEXICO,NNP,B-NP,B-LOC,B-LOC,0.35521310567855835,B-ORG,0.35521310567855835,B-LOC,0.2872122824192047,B-PER,0.07569510489702225
CITY,NNP,I-NP,I-LOC,O,0.2871095836162567,B-ORG,0.2871095836162567,O,0.27263951301574707,B-LOC,0.11447468400001526
1996-12-06,CD,I-NP,O,O,0.9995133876800537,O,0.9995133876800537,I-ORG,0.0002675321011338383,I-MISC,0.00015464547323063016
