0,1,2,3,predictions,confidence,pred_1,pred_1_confidence,pred_2,pred_2_confidence,pred_3,pred_3_confidence
-,:,O,O,O,0.999232292175293,O,0.999232292175293,I-ORG,0.00034788865013979375,I-MISC,0.0003444728208705783
Pacific,NNP,B-NP,B-LOC,B-PER,0.2589998245239258,B-PER,0.2589998245239258,B-MISC,0.18484993278980255,B-ORG,0.1582973301410675
Coast,NNP,I-NP,I-LOC,I-PER,0.26176220178604126,B-PER,0.26176220178604126,O,0.17683175206184387,B-ORG,0.1617709845304489
:,:,O,O,O,0.9995301961898804,O,0.9995301961898804,I-MISC,0.0002943792496807873,I-ORG,9.976605360861868e-05
