0,1,2,3,predictions,confidence,pred_1,pred_1_confidence,pred_2,pred_2_confidence,pred_3,pred_3_confidence
-,:,O,O,O,0.9993896484375,O,0.9993896484375,I-MISC,0.0003215588512830436,I-ORG,0.00022463950153905898
Gulf,NNP,B-NP,B-LOC,B-PER,0.3472180664539337,B-PER,0.3472180664539337,B-ORG,0.14651766419410706,B-MISC,0.128919780254364
of,IN,B-PP,I-LOC,O,0.9983893632888794,O,0.9983893632888794,I-MISC,0.0009852427756413817,I-ORG,0.00042409086017869413
Mexico,NNP,B-NP,I-LOC,B-MISC,0.37339717149734497,B-MISC,0.37339717149734497,I-MISC,0.17788219451904297,B-PER,0.115226611495018
:,:,O,O,O,0.9984347224235535,O,0.9984347224235535,I-MISC,0.0010420033941045403,I-ORG,0.0003448280622251332
