0,1,2,3,predictions,confidence,pred_1,pred_1_confidence,pred_2,pred_2_confidence,pred_3,pred_3_confidence
-,:,O,O,O,0.9994986057281494,O,0.9994986057281494,I-MISC,0.00031409357325173914,I-ORG,0.00012170433183200657
Caribbean,NNP,B-NP,B-LOC,B-LOC,0.5569776296615601,B-PER,0.5569776296615601,B-LOC,0.2274233102798462,I-PER,0.10638980567455292
:,:,O,O,O,0.9995577931404114,O,0.9995577931404114,I-MISC,0.0002625474298838526,I-ORG,9.03348991414532e-05
