0,1,2,3,predictions,confidence,pred_1,pred_1_confidence,pred_2,pred_2_confidence,pred_3,pred_3_confidence
--,:,B-NP,O,O,0.9999370574951172,O,0.9999370574951172,I-MISC,2.995348404510878e-05,I-ORG,1.6758547644712962e-05
Chris,NNP,I-NP,B-PER,B-PER,0.346399188041687,B-LOC,0.346399188041687,B-PER,0.27226975560188293,I-PER,0.2056247442960739
Aspin,NNP,I-NP,I-PER,I-PER,0.34144487977027893,B-LOC,0.34144487977027893,B-PER,0.17779135704040527,I-PER,0.17120994627475739
",",",",O,O,O,0.9984412789344788,O,0.9984412789344788,I-ORG,0.0007775041158311069,I-MISC,0.00045885471627116203
Mexico,NNP,B-NP,B-LOC,B-PER,0.25653523206710815,B-PER,0.25653523206710815,I-PER,0.23502178490161896,B-LOC,0.2343069314956665
City,NNP,I-NP,I-LOC,I-PER,0.24372582137584686,B-LOC,0.24372582137584686,B-ORG,0.1772482991218567,B-PER,0.1463315635919571
newsroom,NN,I-NP,O,O,0.9918863773345947,O,0.9918863773345947,I-ORG,0.005206240341067314,I-MISC,0.0013736191904172301
+525,CD,B-NP,O,O,0.9991574287414551,O,0.9991574287414551,I-ORG,0.00047547739814035594,I-MISC,0.00026877684285864234
728-7903,CD,I-NP,O,O,0.9999216794967651,O,0.9999216794967651,I-ORG,5.0289087084820494e-05,I-MISC,2.279503496538382e-05
