0,1,2,3,predictions,confidence,pred_1,pred_1_confidence,pred_2,pred_2_confidence,pred_3,pred_3_confidence
basketball,NN,B-NP,O,O,0.9999456405639648,O,0.9999456405639648,I-ORG,3.1155694159679115e-05,I-MISC,1.971237907127943e-05
championship,NN,I-NP,O,O,0.9998928308486938,O,0.9998928308486938,I-ORG,5.1709619583562016e-05,I-MISC,4.8429410526296124e-05
after,IN,B-PP,O,O,0.9999632835388184,O,0.9999632835388184,I-MISC,1.8441060092300177e-05,I-ORG,1.6218124073930085e-05
Thursday,NNP,B-NP,O,O,0.9638198614120483,O,0.9638198614120483,I-ORG,0.016321400180459023,B-ORG,0.007985128089785576
's,POS,B-NP,O,O,0.9972954392433167,O,0.9972954392433167,I-MISC,0.0012837635586038232,I-ORG,0.0011904691345989704
matches,NNS,I-NP,O,O,0.9995357990264893,O,0.9995357990264893,I-ORG,0.0002290643024025485,I-MISC,0.00020633795065805316
(,(,O,O,O,0.9992269277572632,O,0.9992269277572632,I-MISC,0.0005091963685117662,I-ORG,0.00023206876358017325
tabulate,NN,B-NP,O,O,0.9992942810058594,O,0.9992942810058594,I-ORG,0.0003465812769718468,I-MISC,0.0003254312032368034
under,IN,B-PP,O,O,0.9997621178627014,O,0.9997621178627014,I-ORG,0.00010960349027300254,I-MISC,0.00010524523531785235
