0,1,2,3,predictions,confidence,pred_1,pred_1_confidence,pred_2,pred_2_confidence,pred_3,pred_3_confidence
--,:,B-NP,O,O,0.9999632835388184,O,0.9999632835388184,I-MISC,2.2687736418447457e-05,I-ORG,9.546188266540412e-06
Roger,NNP,I-NP,B-PER,B-PER,0.4101499319076538,B-PER,0.4101499319076538,I-PER,0.2060471922159195,B-LOC,0.1163010448217392
Atwood,NNP,I-NP,I-PER,I-PER,0.25127777457237244,B-PER,0.25127777457237244,B-LOC,0.19992400705814362,I-PER,0.14849865436553955
",",",",O,O,O,0.9992697834968567,O,0.9992697834968567,I-ORG,0.00031116517493501306,I-MISC,0.0003088155062869191
Santiago,NN,B-NP,B-LOC,B-LOC,0.2307550013065338,B-ORG,0.2307550013065338,B-PER,0.20041999220848083,I-PER,0.15406134724617004
newsroom,NN,I-NP,O,O,0.9982706308364868,O,0.9982706308364868,I-ORG,0.001004221267066896,I-MISC,0.0002905464207287878
+56-2-699-5595,NN,I-NP,O,O,0.9998284578323364,O,0.9998284578323364,I-ORG,9.63842830969952e-05,I-MISC,5.141244764672592e-05
x211,CD,I-NP,O,O,0.8726840019226074,O,0.8726840019226074,I-ORG,0.03000880591571331,B-PER,0.026835400611162186
