0,1,2,3,predictions,confidence,pred_1,pred_1_confidence,pred_2,pred_2_confidence,pred_3,pred_3_confidence
Indonesia,NNP,B-NP,B-LOC,B-LOC,0.3378959596157074,B-ORG,0.3378959596157074,B-LOC,0.1511036902666092,I-ORG,0.13071034848690033
's,POS,B-NP,O,O,0.9971747398376465,O,0.9971747398376465,I-MISC,0.00125340954400599,I-ORG,0.0012375634396448731
Belo,NNP,I-NP,B-PER,B-LOC,0.2261406034231186,B-ORG,0.2261406034231186,I-ORG,0.1619812250137329,B-PER,0.16009248793125153
leaves,VBZ,B-VP,O,O,0.9989864230155945,O,0.9989864230155945,I-ORG,0.000509813311509788,I-MISC,0.00043181260116398335
for,IN,B-SBAR,O,O,0.9991596937179565,O,0.9991596937179565,I-MISC,0.0004571631143335253,I-ORG,0.0003518995945341885
Nobel,NNP,B-NP,B-MISC,B-MISC,0.28467726707458496,I-ORG,0.28467726707458496,B-ORG,0.20357933640480042,B-MISC,0.1766769140958786
award,NN,I-NP,O,O,0.9952583909034729,O,0.9952583909034729,I-ORG,0.0024113901890814304,I-MISC,0.002110270783305168
ceremony,NN,I-NP,O,O,0.999630331993103,O,0.999630331993103,I-ORG,0.0002378278732066974,I-MISC,0.00011699886090354994
.,.,O,O,O,0.9992650151252747,O,0.9992650151252747,I-MISC,0.0004021215427201241,I-ORG,0.00028887210646644235
