0,1,2,3,predictions,confidence,pred_1,pred_1_confidence,pred_2,pred_2_confidence,pred_3,pred_3_confidence
DILI,NNP,B-NP,B-LOC,B-LOC,0.44697123765945435,B-LOC,0.44697123765945435,B-ORG,0.21330666542053223,B-PER,0.11664464324712753
",",",",O,O,O,0.9992276430130005,O,0.9992276430130005,I-ORG,0.0002899636747315526,I-MISC,0.00024877474061213434
East,NNP,B-NP,B-LOC,B-LOC,0.38862144947052,B-LOC,0.38862144947052,B-PER,0.14234386384487152,I-LOC,0.14143243432044983
Timor,NNP,I-NP,I-LOC,I-LOC,0.22601774334907532,I-ORG,0.22601774334907532,B-ORG,0.18648378551006317,B-PER,0.11618656665086746
1996-12-06,CD,I-NP,O,O,0.9976515173912048,O,0.9976515173912048,I-ORG,0.0013820735039189458,I-MISC,0.0006718943477608263
