0,1,2,3,predictions,confidence,pred_1,pred_1_confidence,pred_2,pred_2_confidence,pred_3,pred_3_confidence
played,VBD,B-VP,O,O,0.9999761581420898,O,0.9999761581420898,I-MISC,1.3117268281348515e-05,I-ORG,5.822412731504301e-06
",",",",I-VP,O,O,0.9999450445175171,O,0.9999450445175171,I-MISC,2.933419273176696e-05,I-ORG,1.6902222341741435e-05
won,VBD,I-VP,O,O,0.9999264478683472,O,0.9999264478683472,I-MISC,3.856669718516059e-05,I-ORG,2.4205302906921133e-05
",",",",O,O,O,0.9999085664749146,O,0.9999085664749146,I-MISC,5.107782635604963e-05,I-ORG,2.765066165011376e-05
lost,VBD,B-VP,O,O,0.9998533725738525,O,0.9998533725738525,I-MISC,6.267917342483997e-05,I-ORG,4.976720447302796e-05
",",",",O,O,O,0.9999115467071533,O,0.9999115467071533,I-MISC,5.0700546125881374e-05,I-ORG,2.1563209884334356e-05
points,VBZ,B-VP,O,O,0.9998925924301147,O,0.9998925924301147,I-MISC,4.3958214519079775e-05,I-ORG,3.3152933610836044e-05
),),O,O,O,0.9999586343765259,O,0.9999586343765259,I-MISC,2.5273122446378693e-05,I-ORG,5.784123459307011e-06
:,:,O,O,O,0.9998112320899963,O,0.9998112320899963,I-MISC,0.00011241692845942453,I-ORG,4.10876891692169e-05
