0,1,2,3,predictions,confidence,pred_1,pred_1_confidence,pred_2,pred_2_confidence,pred_3,pred_3_confidence
(,(,O,O,O,0.9997571110725403,O,0.9997571110725403,I-MISC,0.00011815626203315333,I-ORG,0.00011397478374419734
$,$,B-NP,O,O,0.9994059801101685,O,0.9994059801101685,I-ORG,0.000381987018045038,I-MISC,0.00012190562847536057
1,CD,I-NP,O,O,0.9999308586120605,O,0.9999308586120605,I-ORG,4.1004837839864194e-05,I-MISC,1.8029393686447293e-05
=,SYM,B-VP,O,O,0.9998884201049805,O,0.9998884201049805,I-MISC,7.647481834283099e-05,I-ORG,2.309278897882905e-05
8.3,CD,B-NP,O,O,0.9999877214431763,O,0.9999877214431763,I-MISC,8.676594916323666e-06,I-ORG,3.3051387617888395e-06
yuan,NN,I-NP,O,O,0.9999732971191406,O,0.9999732971191406,I-MISC,1.843204881879501e-05,I-ORG,6.0062734519306105e-06
),),O,O,O,0.9999521970748901,O,0.9999521970748901,I-MISC,2.9427148547256365e-05,I-ORG,1.2823442375520244e-05
