0,1,2,3,predictions,confidence,pred_1,pred_1_confidence,pred_2,pred_2_confidence,pred_3,pred_3_confidence
It,PRP,B-NP,O,O,0.9980244636535645,O,0.9980244636535645,I-MISC,0.0008983118459582329,B-MISC,0.0005045325960963964
gave,VBD,B-VP,O,O,0.9997299313545227,O,0.9997299313545227,I-MISC,0.00020019237126689404,I-ORG,5.85528468945995e-05
no,DT,B-NP,O,O,0.9996115565299988,O,0.9996115565299988,I-MISC,0.00028713885694742203,I-ORG,6.881014996906742e-05
further,JJ,I-NP,O,O,0.9999431371688843,O,0.9999431371688843,I-MISC,3.0629304092144594e-05,I-ORG,2.0608165868907236e-05
details,NNS,I-NP,O,O,0.9977719187736511,O,0.9977719187736511,I-ORG,0.0009468523203395307,I-MISC,0.000929031812120229
.,.,O,O,O,0.9998562335968018,O,0.9998562335968018,I-MISC,8.603677997598425e-05,I-ORG,4.8015823267633095e-05
