0,1,2,3,predictions,confidence,pred_1,pred_1_confidence,pred_2,pred_2_confidence,pred_3,pred_3_confidence
Ulker,NNP,B-NP,B-ORG,B-PER,0.39882323145866394,B-ORG,0.39882323145866394,B-PER,0.2399033010005951,I-ORG,0.11423347145318985
Spor,NNP,I-NP,I-ORG,I-PER,0.27346253395080566,B-PER,0.27346253395080566,O,0.1901971846818924,B-ORG,0.1878550946712494
(,(,O,O,O,0.999045193195343,O,0.999045193195343,I-ORG,0.0004675295203924179,I-MISC,0.0003717787330970168
Turkey,NNP,B-NP,B-LOC,B-LOC,0.34647583961486816,B-LOC,0.34647583961486816,B-ORG,0.2284969836473465,I-ORG,0.15115758776664734
),),O,O,O,0.995599627494812,O,0.995599627494812,I-ORG,0.0036977799609303474,I-MISC,0.0004861233464907855
9,CD,B-NP,O,O,0.9330611824989319,O,0.9330611824989319,I-ORG,0.035930316895246506,B-ORG,0.028419220820069313
4,CD,I-NP,O,O,0.9999319314956665,O,0.9999319314956665,I-ORG,5.4936255764914677e-05,I-MISC,6.978268629609374e-06
5,CD,I-NP,O,O,0.9998972415924072,O,0.9998972415924072,I-ORG,7.477679173462093e-05,I-MISC,2.286933704453986e-05
13,CD,I-NP,O,O,0.9999606609344482,O,0.9999606609344482,I-ORG,1.9743227312574163e-05,I-MISC,1.84925247594947e-05
