0,1,2,3,predictions,confidence,pred_1,pred_1_confidence,pred_2,pred_2_confidence,pred_3,pred_3_confidence
Government,NN,B-NP,O,O,0.9560973644256592,O,0.9560973644256592,B-ORG,0.02885356731712818,I-ORG,0.009322487749159336
disperses,VBZ,B-VP,O,O,0.998455286026001,O,0.998455286026001,I-MISC,0.0007514317985624075,I-ORG,0.0006161187775433064
protest,NN,B-NP,O,O,0.9998635053634644,O,0.9998635053634644,I-MISC,6.481797026935965e-05,I-ORG,6.073055192246102e-05
with,IN,B-PP,O,O,0.9995446801185608,O,0.9995446801185608,I-MISC,0.00022902047203388065,I-ORG,0.00020719578606076539
water,NN,B-NP,O,O,0.999829888343811,O,0.999829888343811,I-ORG,9.50618414208293e-05,I-MISC,7.030838605714962e-05
cannons,NNS,I-NP,O,O,0.999930739402771,O,0.999930739402771,I-ORG,4.026314854854718e-05,I-MISC,2.6552716008154675e-05
.,.,O,O,O,0.9997803568840027,O,0.9997803568840027,I-MISC,0.0001279231219086796,I-ORG,7.815592834958807e-05
