0,1,2,3,predictions,confidence,pred_1,pred_1_confidence,pred_2,pred_2_confidence,pred_3,pred_3_confidence
Nadim,NNP,B-NP,B-PER,B-PER,0.30349206924438477,B-PER,0.30349206924438477,B-ORG,0.18937847018241882,B-LOC,0.1813182532787323
Ladki,NNP,I-NP,I-PER,I-PER,0.4778398275375366,B-PER,0.4778398275375366,I-PER,0.15777722001075745,B-ORG,0.12735684216022491
AL-AIN,NNP,B-NP,B-LOC,B-LOC,0.37426939606666565,B-LOC,0.37426939606666565,B-ORG,0.2997058629989624,B-PER,0.09439506381750107
",",",",O,O,O,0.9993809461593628,O,0.9993809461593628,I-MISC,0.0002770313585642725,I-ORG,0.00027643359499052167
United,NNP,B-NP,B-LOC,B-ORG,0.2619311511516571,B-ORG,0.2619311511516571,I-ORG,0.15104375779628754,B-LOC,0.1435215324163437
Arab,NNP,I-NP,I-LOC,B-PER,0.3488585650920868,B-PER,0.3488585650920868,B-ORG,0.14894722402095795,B-LOC,0.14230872690677643
Emirates,NNPS,I-NP,I-LOC,I-PER,0.2721296548843384,B-ORG,0.2721296548843384,B-PER,0.17579330503940582,I-ORG,0.13217657804489136
1996-12-06,CD,I-NP,O,O,0.9994615912437439,O,0.9994615912437439,I-ORG,0.000306467292830348,I-MISC,0.00015428964979946613
