0,1,2,3,predictions,confidence,pred_1,pred_1_confidence,pred_2,pred_2_confidence,pred_3,pred_3_confidence
Limoges,NNS,B-NP,B-ORG,I-PER,0.40656888484954834,B-PER,0.40656888484954834,I-PER,0.27096208930015564,B-ORG,0.14109347760677338
(,(,O,O,O,0.9988075494766235,O,0.9988075494766235,I-ORG,0.000552243844140321,I-MISC,0.00037613065796904266
France,NNP,B-NP,B-LOC,B-LOC,0.4645317792892456,B-LOC,0.4645317792892456,B-ORG,0.1539301872253418,I-ORG,0.11419937759637833
),),O,O,O,0.9950582981109619,O,0.9950582981109619,I-ORG,0.004123452119529247,I-MISC,0.0005630588857457042
9,CD,B-NP,O,O,0.9122647047042847,O,0.9122647047042847,I-ORG,0.047615937888622284,B-ORG,0.03636498376727104
3,CD,I-NP,O,O,0.9997497200965881,O,0.9997497200965881,I-ORG,0.00020654041145462543,I-MISC,2.3378162950393744e-05
6,CD,I-NP,O,O,0.9992546439170837,O,0.9992546439170837,I-ORG,0.0005982219590805471,I-MISC,0.0001160269312094897
12,CD,I-NP,O,O,0.9996846914291382,O,0.9996846914291382,I-ORG,0.00019768645870499313,I-MISC,0.00010901822679443285
