0,1,2,3,predictions,confidence,pred_1,pred_1_confidence,pred_2,pred_2_confidence,pred_3,pred_3_confidence
Panionios,NNS,B-NP,B-ORG,B-ORG,0.424986332654953,B-ORG,0.424986332654953,I-ORG,0.1703391820192337,B-PER,0.14051583409309387
(,(,O,O,O,0.999136745929718,O,0.999136745929718,I-ORG,0.0005453717312775552,I-MISC,0.00026137178065255284
Greece,NNP,B-NP,B-LOC,B-ORG,0.6257888078689575,B-ORG,0.6257888078689575,I-ORG,0.1980157345533371,B-LOC,0.05334719642996788
),),O,O,O,0.9985255599021912,O,0.9985255599021912,I-ORG,0.0012215133756399155,I-MISC,0.0001836975570768118
9,CD,B-NP,O,O,0.9740427136421204,O,0.9740427136421204,I-ORG,0.013960523530840874,B-ORG,0.010727926157414913
3,CD,I-NP,O,O,0.9998288154602051,O,0.9998288154602051,I-ORG,0.00013983476674184203,I-MISC,1.7808215488912538e-05
6,CD,I-NP,O,O,0.9996078610420227,O,0.9996078610420227,I-ORG,0.00030718051129952073,I-MISC,6.771435437258333e-05
12,CD,I-NP,O,O,0.9998114705085754,O,0.9998114705085754,I-ORG,0.00011339009506627917,I-MISC,6.989265966694802e-05
