0,1,2,3,predictions,confidence,pred_1,pred_1_confidence,pred_2,pred_2_confidence,pred_3,pred_3_confidence
Vithoon,NNP,B-NP,B-PER,B-PER,0.34233003854751587,B-PER,0.34233003854751587,B-ORG,0.2742166519165039,I-PER,0.13383901119232178
Amorn,NNP,I-NP,I-PER,I-PER,0.3601071834564209,B-PER,0.3601071834564209,B-ORG,0.2171294391155243,I-PER,0.12703998386859894
RANGOON,NNP,B-NP,B-LOC,B-LOC,0.3631070852279663,B-LOC,0.3631070852279663,B-ORG,0.29850196838378906,B-MISC,0.09741558879613876
1996-12-06,CD,I-NP,O,O,0.9993744492530823,O,0.9993744492530823,I-ORG,0.00035139365354552865,I-MISC,0.00019830458040814847
