0,1,2,3,predictions,confidence,pred_1,pred_1_confidence,pred_2,pred_2_confidence,pred_3,pred_3_confidence
There,EX,B-NP,O,O,0.9961961507797241,O,0.9961961507797241,B-ORG,0.0011064348509535193,I-MISC,0.0010471135610714555
were,VBD,B-VP,O,O,0.9999798536300659,O,0.9999798536300659,I-MISC,1.4755118172615767e-05,I-ORG,4.4794696805183776e-06
no,DT,B-NP,O,O,0.9995842576026917,O,0.9995842576026917,I-MISC,0.00026821886422112584,I-ORG,0.00011732586426660419
clashes,NNS,I-NP,O,O,0.9999256134033203,O,0.9999256134033203,I-MISC,3.53126524714753e-05,I-ORG,3.4894423151854426e-05
.,.,O,O,O,0.9998719692230225,O,0.9998719692230225,I-MISC,7.89284094935283e-05,I-ORG,4.1125862480839714e-05
