0,1,2,3,predictions,confidence,pred_1,pred_1_confidence,pred_2,pred_2_confidence,pred_3,pred_3_confidence
They,PRP,B-NP,O,O,0.9980911612510681,O,0.9980911612510681,I-MISC,0.0006162366480566561,I-ORG,0.0005263933562673628
were,VBD,B-VP,O,O,0.999982476234436,O,0.999982476234436,I-MISC,1.1044411621696781e-05,I-ORG,5.595044058281928e-06
singing,VBG,I-VP,O,O,0.9998830556869507,O,0.9998830556869507,I-ORG,6.330803444143385e-05,I-MISC,4.778914444614202e-05
peacefully,RB,B-ADVP,O,O,0.9996893405914307,O,0.9996893405914307,I-ORG,0.00017218214634340256,I-MISC,0.00011254072887822986
.,.,O,O,O,0.9998119473457336,O,0.9998119473457336,I-MISC,0.0001112075915443711,I-ORG,6.480177398771048e-05
