0,1,2,3,predictions,confidence,pred_1,pred_1_confidence,pred_2,pred_2_confidence,pred_3,pred_3_confidence
Olympiakos,NNP,B-NP,B-ORG,B-ORG,0.518222987651825,B-ORG,0.518222987651825,I-ORG,0.15968355536460876,O,0.09545194357633591
(,(,O,O,O,0.9992423057556152,O,0.9992423057556152,I-ORG,0.0004766924539580941,I-MISC,0.00023502972908318043
Greece,NNP,B-NP,B-LOC,B-ORG,0.6199860572814941,B-ORG,0.6199860572814941,I-ORG,0.20051221549510956,B-LOC,0.05199473351240158
),),O,O,O,0.9987188577651978,O,0.9987188577651978,I-ORG,0.0010440755868330598,I-MISC,0.00017817232583183795
9,CD,B-NP,O,O,0.9725419282913208,O,0.9725419282913208,I-ORG,0.014574000611901283,B-ORG,0.011669506318867207
5,CD,I-NP,O,O,0.9995071887969971,O,0.9995071887969971,I-ORG,0.00041883037192746997,B-ORG,3.832844959106296e-05
4,CD,I-NP,O,O,0.9999576807022095,O,0.9999576807022095,I-ORG,3.252526221331209e-05,I-MISC,6.726685114699649e-06
14,CD,I-NP,O,O,0.9999017715454102,O,0.9999017715454102,I-ORG,5.599971336778253e-05,I-MISC,3.919059599866159e-05
