0,1,2,3,predictions,confidence,pred_1,pred_1_confidence,pred_2,pred_2_confidence,pred_3,pred_3_confidence
Cibona,NNP,B-NP,B-ORG,B-ORG,0.5277547240257263,B-ORG,0.5277547240257263,B-PER,0.13472704589366913,I-ORG,0.12421862781047821
Zagreb,NNP,I-NP,I-ORG,I-ORG,0.5761861205101013,B-ORG,0.5761861205101013,I-ORG,0.14439533650875092,B-PER,0.10740626603364944
(,(,O,O,O,0.9980704188346863,O,0.9980704188346863,I-ORG,0.0012405470479279757,I-MISC,0.0005956945242360234
Croatia,NNP,B-NP,B-LOC,B-LOC,0.5318821668624878,B-ORG,0.5318821668624878,I-ORG,0.2174513339996338,B-LOC,0.14205479621887207
),),O,O,O,0.998054027557373,O,0.998054027557373,I-ORG,0.0015977590810507536,I-MISC,0.0002675123978406191
9,CD,B-NP,O,O,0.9648221135139465,O,0.9648221135139465,I-ORG,0.019354181364178658,B-ORG,0.014247761107981205
5,CD,I-NP,O,O,0.9994427561759949,O,0.9994427561759949,I-ORG,0.0004752117092721164,B-ORG,4.193362838122994e-05
4,CD,I-NP,O,O,0.9999557733535767,O,0.9999557733535767,I-ORG,3.409118653507903e-05,I-MISC,7.016821200522827e-06
14,CD,I-NP,O,O,0.9999008178710938,O,0.9999008178710938,I-ORG,5.661202158080414e-05,I-MISC,3.959119931096211e-05
