0,1,2,3,predictions,confidence,pred_1,pred_1_confidence,pred_2,pred_2_confidence,pred_3,pred_3_confidence
Alba,NNP,B-NP,B-ORG,B-PER,0.5101541876792908,B-PER,0.5101541876792908,I-PER,0.1687297821044922,B-LOC,0.11511421203613281
Berlin,NNP,I-NP,I-ORG,I-PER,0.39155179262161255,B-PER,0.39155179262161255,I-PER,0.20798812806606293,B-LOC,0.19643627107143402
(,(,O,O,O,0.998432457447052,O,0.998432457447052,I-ORG,0.0007286659674718976,I-MISC,0.0005098875844851136
Germany,NNP,B-NP,B-LOC,B-LOC,0.5393666625022888,B-LOC,0.5393666625022888,B-ORG,0.12027037888765335,I-ORG,0.1069498062133789
),),O,O,O,0.9949514865875244,O,0.9949514865875244,I-ORG,0.0041683209128677845,I-MISC,0.0006461321609094739
9,CD,B-NP,O,O,0.8952460885047913,O,0.8952460885047913,I-ORG,0.057877812534570694,B-ORG,0.04278242215514183
5,CD,I-NP,O,O,0.9991056323051453,O,0.9991056323051453,I-ORG,0.0007684404263272882,B-ORG,6.899908476043493e-05
4,CD,I-NP,O,O,0.9999302625656128,O,0.9999302625656128,I-ORG,5.5061835155356675e-05,I-MISC,9.901385965349618e-06
14,CD,I-NP,O,O,0.9998241066932678,O,0.9998241066932678,I-ORG,0.00010621361434459686,I-MISC,6.462666351580992e-05
