0,1,2,3,predictions,confidence,pred_1,pred_1_confidence,pred_2,pred_2_confidence,pred_3,pred_3_confidence
Estudiantes,NNP,B-NP,B-ORG,B-ORG,0.384198397397995,B-ORG,0.384198397397995,O,0.32311108708381653,I-ORG,0.1561715304851532
Madrid,NNP,I-NP,I-ORG,I-ORG,0.38152483105659485,B-ORG,0.38152483105659485,B-PER,0.23163655400276184,I-ORG,0.13129733502864838
(,(,O,O,O,0.9989262223243713,O,0.9989262223243713,I-ORG,0.000683644087985158,I-MISC,0.0003337962843943387
Spain,NNP,B-NP,B-LOC,B-ORG,0.48061972856521606,B-ORG,0.48061972856521606,I-ORG,0.23880711197853088,B-LOC,0.098866306245327
),),O,O,O,0.998553454875946,O,0.998553454875946,I-ORG,0.0011840107617899776,I-MISC,0.00019889687246177346
9,CD,B-NP,O,O,0.9708907604217529,O,0.9708907604217529,I-ORG,0.015619087964296341,B-ORG,0.012206917628645897
5,CD,I-NP,O,O,0.9994926452636719,O,0.9994926452636719,I-ORG,0.0004317233106121421,B-ORG,3.918838410754688e-05
4,CD,I-NP,O,O,0.9999575614929199,O,0.9999575614929199,I-ORG,3.268891668994911e-05,I-MISC,6.70778717903886e-06
14,CD,I-NP,O,O,0.9999017715454102,O,0.9999017715454102,I-ORG,5.614687688648701e-05,I-MISC,3.909342558472417e-05
