0,1,2,3,predictions,confidence,pred_1,pred_1_confidence,pred_2,pred_2_confidence,pred_3,pred_3_confidence
Charleroi,NNP,B-NP,B-ORG,B-LOC,0.36982741951942444,B-LOC,0.36982741951942444,B-ORG,0.20504923164844513,B-PER,0.19423450529575348
(,(,O,O,O,0.9991784691810608,O,0.9991784691810608,I-ORG,0.0005467036971822381,I-MISC,0.00020206297631375492
Belgium,NNP,B-NP,B-LOC,B-ORG,0.7023922204971313,B-ORG,0.7023922204971313,I-ORG,0.16065874695777893,B-LOC,0.058061301708221436
),),O,O,O,0.9988413453102112,O,0.9988413453102112,I-ORG,0.0009879329008981586,I-MISC,9.224152017850429e-05
9,CD,B-NP,O,O,0.9764703512191772,O,0.9764703512191772,B-ORG,0.011503031477332115,I-ORG,0.011258166283369064
0,CD,I-NP,O,O,0.9999082088470459,O,0.9999082088470459,I-ORG,7.316697883652523e-05,I-MISC,9.663076525612269e-06
9,CD,I-NP,O,O,0.9936512112617493,O,0.9936512112617493,I-ORG,0.003640131326392293,I-MISC,0.0012586592929437757
9,CD,I-NP,O,O,0.9969340562820435,O,0.9969340562820435,I-MISC,0.0012932763202115893,I-ORG,0.001204517437145114
