0,1,2,3,predictions,confidence,pred_1,pred_1_confidence,pred_2,pred_2_confidence,pred_3,pred_3_confidence
Ljubljana,NNP,B-NP,B-ORG,B-LOC,0.39129215478897095,B-PER,0.39129215478897095,B-LOC,0.2589919865131378,I-PER,0.1541053205728531
(,(,O,O,O,0.9989863038063049,O,0.9989863038063049,I-ORG,0.0004985700943507254,I-MISC,0.0003417760890442878
Slovenia,NNP,B-NP,B-LOC,B-LOC,0.6268782615661621,B-LOC,0.6268782615661621,B-ORG,0.13869985938072205,I-ORG,0.060304734855890274
),),O,O,O,0.9979483485221863,O,0.9979483485221863,I-ORG,0.0015885109314695,I-MISC,0.0003300537646282464
9,CD,B-NP,O,O,0.9638411998748779,O,0.9638411998748779,I-ORG,0.017764829099178314,B-ORG,0.016425946727395058
6,CD,I-NP,O,O,0.9995359182357788,O,0.9995359182357788,I-ORG,0.00038632258656434715,I-MISC,4.4246735342312604e-05
3,CD,I-NP,O,O,0.9999363422393799,O,0.9999363422393799,I-ORG,4.5410284656099975e-05,I-MISC,1.4799359632888809e-05
15,CD,I-NP,O,O,0.9997819066047668,O,0.9997819066047668,I-ORG,0.00010990878945449367,I-MISC,0.00010073176235891879
