0,1,2,3,predictions,confidence,pred_1,pred_1_confidence,pred_2,pred_2_confidence,pred_3,pred_3_confidence
Villeurbanne,NNP,B-NP,B-ORG,I-PER,0.4080052673816681,B-PER,0.4080052673816681,I-PER,0.22213484346866608,B-ORG,0.14262905716896057
(,(,O,O,O,0.9988279938697815,O,0.9988279938697815,I-ORG,0.0004969123983755708,I-MISC,0.0003747732553165406
France,NNP,B-NP,B-LOC,B-LOC,0.5557291507720947,B-LOC,0.5557291507720947,B-ORG,0.09838396310806274,I-LOC,0.09738253057003021
),),O,O,O,0.996202290058136,O,0.996202290058136,I-ORG,0.0029630649369210005,I-MISC,0.000632519309874624
9,CD,B-NP,O,O,0.9310716986656189,O,0.9310716986656189,I-ORG,0.038042329251766205,B-ORG,0.026910649612545967
6,CD,I-NP,O,O,0.9989375472068787,O,0.9989375472068787,I-ORG,0.0009007915505208075,I-MISC,0.0001006619495456107
3,CD,I-NP,O,O,0.9998834133148193,O,0.9998834133148193,I-ORG,8.452509791823104e-05,I-MISC,2.669888453965541e-05
15,CD,I-NP,O,O,0.9996528625488281,O,0.9996528625488281,I-ORG,0.00017893777112476528,I-MISC,0.00015735041233710945
