0,1,2,3,predictions,confidence,pred_1,pred_1_confidence,pred_2,pred_2_confidence,pred_3,pred_3_confidence
Indian,JJ,B-NP,B-MISC,B-MISC,0.44712671637535095,B-MISC,0.44712671637535095,B-ORG,0.28591054677963257,I-ORG,0.12712961435317993
rubber,NN,I-NP,O,O,0.9995842576026917,O,0.9995842576026917,I-ORG,0.0002945777087006718,I-MISC,9.125722135649994e-05
demand,NN,I-NP,O,O,0.9923589825630188,O,0.9923589825630188,I-ORG,0.0034879352897405624,I-MISC,0.002539882669225335
seen,VBN,B-VP,O,O,0.9995315074920654,O,0.9995315074920654,I-MISC,0.0002435496135149151,I-ORG,0.00018618348985910416
outstripping,VBG,I-VP,O,O,0.998700737953186,O,0.998700737953186,I-ORG,0.000612738193012774,I-MISC,0.0004922797670587897
production,NN,B-NP,O,O,0.9999607801437378,O,0.9999607801437378,I-MISC,1.6650155885145068e-05,I-ORG,1.6382846297346987e-05
.,.,O,O,O,0.999954342842102,O,0.999954342842102,I-MISC,2.6523983251536265e-05,I-ORG,1.4144721717457287e-05
