0,1,2,3,predictions,confidence,pred_1,pred_1_confidence,pred_2,pred_2_confidence,pred_3,pred_3_confidence
Bayer,NNP,B-NP,B-ORG,B-PER,0.4582742154598236,B-PER,0.4582742154598236,B-ORG,0.19669029116630554,I-PER,0.1783103495836258
Leverkusen,NNP,I-NP,I-ORG,I-PER,0.283144474029541,B-PER,0.283144474029541,B-ORG,0.26366662979125977,I-PER,0.2402942180633545
(,(,O,O,O,0.9983150959014893,O,0.9983150959014893,I-ORG,0.0008577642147429287,I-MISC,0.0005225748172961175
Germany,NNP,B-NP,B-LOC,B-LOC,0.40287134051322937,B-LOC,0.40287134051322937,B-ORG,0.21119071543216705,I-ORG,0.1661136895418167
),),O,O,O,0.9924554824829102,O,0.9924554824829102,I-ORG,0.006589870434254408,I-MISC,0.0005853110924363136
9,CD,B-NP,O,O,0.8888492584228516,O,0.8888492584228516,I-ORG,0.06093791127204895,B-ORG,0.04667990654706955
0,CD,I-NP,O,O,0.9998260140419006,O,0.9998260140419006,I-ORG,0.00014232171815820038,I-MISC,1.6976846382021904e-05
9,CD,I-NP,O,O,0.9870138764381409,O,0.9870138764381409,I-ORG,0.007910316810011864,I-MISC,0.0024173676501959562
9,CD,I-NP,O,O,0.9955446124076843,O,0.9955446124076843,I-ORG,0.0018626280361786485,I-MISC,0.0018231034046038985
