0,1,2,3,predictions,confidence,pred_1,pred_1_confidence,pred_2,pred_2_confidence,pred_3,pred_3_confidence
George,NNP,B-NP,B-PER,B-PER,0.6382372975349426,B-PER,0.6382372975349426,I-PER,0.20269152522087097,B-ORG,0.046381112188100815
Nishiyama,NNP,I-NP,I-PER,I-PER,0.427823007106781,B-PER,0.427823007106781,B-LOC,0.29688990116119385,I-PER,0.16023486852645874
TOKYO,TO,B-VP,B-LOC,B-LOC,0.7097891569137573,B-LOC,0.7097891569137573,B-PER,0.08905081450939178,I-LOC,0.06479107588529587
1996-12-06,CD,B-NP,O,O,0.9996002316474915,O,0.9996002316474915,I-ORG,0.00021026549802627414,I-MISC,0.00011076219379901886
