0,1,2,3,predictions,confidence,pred_1,pred_1_confidence,pred_2,pred_2_confidence,pred_3,pred_3_confidence
Kinder,NNP,B-NP,B-ORG,B-ORG,0.4484613537788391,B-ORG,0.4484613537788391,I-ORG,0.17179636657238007,O,0.14422346651554108
Bologna,NNP,I-NP,I-ORG,I-ORG,0.6059858798980713,B-ORG,0.6059858798980713,I-ORG,0.13781754672527313,B-LOC,0.11294758319854736
(,(,O,O,O,0.9986681938171387,O,0.9986681938171387,I-ORG,0.0008701185579411685,I-MISC,0.00038077952922321856
Italy,NNP,B-NP,B-LOC,B-ORG,0.6220265626907349,B-ORG,0.6220265626907349,I-ORG,0.22811421751976013,B-LOC,0.047221582382917404
),),O,O,O,0.9986359477043152,O,0.9986359477043152,I-ORG,0.001136326347477734,I-MISC,0.00015538123261649162
9,CD,B-NP,O,O,0.9757580757141113,O,0.9757580757141113,I-ORG,0.012456425465643406,B-ORG,0.010795600712299347
4,CD,I-NP,O,O,0.9999490976333618,O,0.9999490976333618,I-ORG,4.0749153413344175e-05,I-MISC,5.532028353627538e-06
5,CD,I-NP,O,O,0.9999266862869263,O,0.9999266862869263,I-ORG,5.2300321840448305e-05,I-MISC,1.7163447409984656e-05
13,CD,I-NP,O,O,0.9999693632125854,O,0.9999693632125854,I-ORG,1.4934956197976135e-05,I-MISC,1.4864249351376202e-05
