0,1,2,3,predictions,confidence,pred_1,pred_1_confidence,pred_2,pred_2_confidence,pred_3,pred_3_confidence
Dynamo,NNP,B-NP,B-ORG,B-ORG,0.6810979247093201,B-ORG,0.6810979247093201,I-ORG,0.16961254179477692,B-PER,0.04521513357758522
Moscow,NNP,I-NP,I-ORG,I-ORG,0.3519204258918762,B-ORG,0.3519204258918762,I-ORG,0.1837853193283081,B-PER,0.16830876469612122
(,(,O,O,O,0.9979895353317261,O,0.9979895353317261,I-ORG,0.0012664238456636667,I-MISC,0.0006270407466217875
Russia,NNP,B-NP,B-LOC,B-LOC,0.5195803046226501,B-ORG,0.5195803046226501,I-ORG,0.22148138284683228,B-LOC,0.14547757804393768
),),O,O,O,0.9979889392852783,O,0.9979889392852783,I-ORG,0.0016751153161749244,I-MISC,0.00025018592714332044
9,CD,B-NP,O,O,0.9729688763618469,O,0.9729688763618469,I-ORG,0.015181312337517738,B-ORG,0.010434897616505623
2,CD,I-NP,O,O,0.999849796295166,O,0.999849796295166,I-ORG,0.00011745523079298437,I-MISC,2.2011256078258157e-05
7,CD,I-NP,O,O,0.9995494484901428,O,0.9995494484901428,I-ORG,0.0002831533784046769,I-MISC,0.00015144044300541282
11,CD,I-NP,O,O,0.9987645149230957,O,0.9987645149230957,I-ORG,0.0006236487533897161,I-MISC,0.000559830863494426
