0,1,2,3,predictions,confidence,pred_1,pred_1_confidence,pred_2,pred_2_confidence,pred_3,pred_3_confidence
RUGBY,NNP,B-NP,B-ORG,O,0.3677901029586792,O,0.3677901029586792,B-ORG,0.2520357668399811,I-MISC,0.11426755040884018
UNION,NN,I-NP,I-ORG,O,0.2740110456943512,B-ORG,0.2740110456943512,B-MISC,0.253945916891098,O,0.20648998022079468
-,:,O,O,O,0.9992965459823608,O,0.9992965459823608,I-MISC,0.00042934410157613456,I-ORG,0.0002065119770122692
LITTLE,NNP,B-NP,B-PER,B-LOC,0.5408876538276672,B-LOC,0.5408876538276672,I-MISC,0.09444098174571991,B-PER,0.0815080925822258
TO,TO,B-PP,O,O,0.8515357971191406,O,0.8515357971191406,B-MISC,0.05054863914847374,B-ORG,0.042601484805345535
MISS,NNP,B-NP,O,O,0.6584426164627075,O,0.6584426164627075,B-ORG,0.17159521579742432,B-PER,0.06034863367676735
CAMPESE,NNP,I-NP,B-PER,O,0.6207395792007446,O,0.6207395792007446,B-ORG,0.11415489763021469,B-LOC,0.07597380876541138
FAREWELL,NNP,I-NP,O,O,0.4596478343009949,O,0.4596478343009949,B-ORG,0.1430259793996811,B-LOC,0.12235825508832932
.,.,O,O,O,0.9999415874481201,O,0.9999415874481201,I-MISC,3.295866190455854e-05,I-ORG,1.8258666386827826e-05
