0,1,2,3,predictions,confidence,pred_1,pred_1_confidence,pred_2,pred_2_confidence,pred_3,pred_3_confidence
Robert,NNP,B-NP,B-PER,B-PER,0.662318766117096,B-PER,0.662318766117096,I-PER,0.20987944304943085,O,0.03178073465824127
Kitson,NNP,I-NP,I-PER,I-PER,0.6526408791542053,B-PER,0.6526408791542053,I-PER,0.21493731439113617,B-LOC,0.08531727641820908
LONDON,NNP,B-NP,B-LOC,B-LOC,0.8140516877174377,B-LOC,0.8140516877174377,B-PER,0.09676526486873627,B-ORG,0.02764718420803547
1996-12-06,CD,I-NP,O,O,0.9998592138290405,O,0.9998592138290405,I-ORG,6.81300662108697e-05,I-MISC,4.0219209040515125e-05
