0,1,2,3,predictions,confidence,pred_1,pred_1_confidence,pred_2,pred_2_confidence,pred_3,pred_3_confidence
Lebanon,NNP,B-NP,B-LOC,B-ORG,0.4444338083267212,B-ORG,0.4444338083267212,B-MISC,0.1744307428598404,I-ORG,0.1272566318511963
sentences,NNS,I-NP,O,O,0.9999574422836304,O,0.9999574422836304,I-ORG,2.830824814736843e-05,I-MISC,1.028402130032191e-05
pro-Israeli,VB,B-VP,B-MISC,O,0.9966118931770325,O,0.9966118931770325,I-ORG,0.00219844956882298,I-MISC,0.00079166708746925
warlord,VB,I-VP,O,O,0.9996932744979858,O,0.9996932744979858,I-ORG,0.00022823113249614835,I-MISC,6.367722380673513e-05
to,TO,B-PP,O,O,0.9977807402610779,O,0.9977807402610779,I-MISC,0.0010993769392371178,I-ORG,0.0010015172883868217
death,NN,B-NP,O,O,0.9736026525497437,O,0.9736026525497437,I-MISC,0.011921185068786144,I-ORG,0.009494726546108723
.,.,O,O,O,0.9995836615562439,O,0.9995836615562439,I-MISC,0.0002297905448358506,I-ORG,0.00015952519606798887
