0,1,2,3,predictions,confidence,pred_1,pred_1_confidence,pred_2,pred_2_confidence,pred_3,pred_3_confidence
Haitham,NNP,B-NP,B-ORG,B-PER,0.6298214197158813,B-PER,0.6298214197158813,I-PER,0.16893568634986877,B-LOC,0.08017824590206146
Haddadin,NNP,I-NP,I-ORG,I-PER,0.4494534432888031,B-PER,0.4494534432888031,I-PER,0.19339166581630707,B-LOC,0.12990757822990417
BEIRUT,IN,B-PP,B-LOC,B-LOC,0.7144953012466431,B-LOC,0.7144953012466431,B-PER,0.062054261565208435,B-ORG,0.06146451085805893
1996-12-06,CD,B-NP,O,O,0.999423623085022,O,0.999423623085022,I-ORG,0.0003134715079795569,I-MISC,0.0001639733527554199
