0,1,2,3,predictions,confidence,pred_1,pred_1_confidence,pred_2,pred_2_confidence,pred_3,pred_3_confidence
Feedlots,NNS,B-NP,O,O,0.7323986291885376,O,0.7323986291885376,B-ORG,0.15409785509109497,I-ORG,0.07400556653738022
reporting,VBG,B-VP,O,O,0.9999688863754272,O,0.9999688863754272,I-ORG,2.1529742298298515e-05,I-MISC,7.280170393642038e-06
moderate,JJ,B-NP,O,O,0.9996165037155151,O,0.9996165037155151,I-ORG,0.00020854725153185427,I-MISC,0.00013139183283783495
inquiry,NN,I-NP,O,O,0.999845027923584,O,0.999845027923584,I-ORG,9.221171785611659e-05,I-MISC,5.269128814688884e-05
.,.,O,O,O,0.9997978806495667,O,0.9997978806495667,I-MISC,0.00011427068238845095,I-ORG,7.289634231710806e-05
