0,1,2,3,predictions,confidence,pred_1,pred_1_confidence,pred_2,pred_2_confidence,pred_3,pred_3_confidence
Est,JJS,B-NP,O,O,0.6303892731666565,O,0.6303892731666565,B-ORG,0.1101236492395401,I-MISC,0.08407604694366455
daily,JJ,I-NP,O,O,0.9990578293800354,O,0.9990578293800354,I-MISC,0.0004614358185790479,I-ORG,0.0003727110452018678
livestock,NN,I-NP,O,O,0.9998999834060669,O,0.9998999834060669,I-MISC,5.583781239693053e-05,I-ORG,3.622077565523796e-05
slaughter,NN,I-NP,O,O,0.9999887943267822,O,0.9999887943267822,I-MISC,5.838088327436708e-06,I-ORG,4.498689122556243e-06
under,IN,B-PP,O,O,0.9999533891677856,O,0.9999533891677856,I-ORG,2.0898003640468232e-05,I-MISC,2.0433437384781428e-05
Fed,NNP,B-NP,B-ORG,O,0.5734920501708984,O,0.5734920501708984,I-ORG,0.1540372371673584,B-ORG,0.11098668724298477
inspection,NN,I-NP,O,O,0.9990633130073547,O,0.9990633130073547,I-ORG,0.0006863396847620606,I-MISC,0.00018275703769177198
-,:,O,O,O,0.9967009425163269,O,0.9967009425163269,I-ORG,0.002439226722344756,I-MISC,0.000664783117827028
USDA,NNP,B-NP,B-ORG,B-ORG,0.7638025283813477,B-ORG,0.7638025283813477,I-ORG,0.09638670831918716,I-MISC,0.041924212127923965
