0,1,2,3,predictions,confidence,pred_1,pred_1_confidence,pred_2,pred_2_confidence,pred_3,pred_3_confidence
CATTLE,NNP,B-NP,O,O,0.31623101234436035,B-ORG,0.31623101234436035,B-LOC,0.20768943428993225,O,0.18281693756580353
CALVES,NNP,I-NP,O,O,0.3084941804409027,B-ORG,0.3084941804409027,B-LOC,0.1995256543159485,O,0.18581853806972504
HOGS,NNP,I-NP,O,B-ORG,0.3783033490180969,B-ORG,0.3783033490180969,O,0.1437496393918991,B-LOC,0.1298590898513794
