0,1,2,3,predictions,confidence,pred_1,pred_1_confidence,pred_2,pred_2_confidence,pred_3,pred_3_confidence
Week,NN,B-NP,O,I-PER,0.5412828922271729,B-PER,0.5412828922271729,I-PER,0.21097207069396973,B-ORG,0.05363662540912628
ago,RB,B-ADVP,O,O,0.9984346032142639,O,0.9984346032142639,I-MISC,0.0006461466546170413,I-ORG,0.0005940085975453258
(,(,O,O,O,0.9987297654151917,O,0.9987297654151917,I-MISC,0.0006286801071837544,I-ORG,0.00048343310481868684
est,FW,O,O,O,0.9916322827339172,O,0.9916322827339172,I-ORG,0.0034355642274022102,I-MISC,0.0034004885237663984
),),O,O,O,0.9992289543151855,O,0.9992289543151855,I-MISC,0.0003749417664948851,I-ORG,0.00029051871388219297
"130,000",CD,B-NP,O,O,0.9992927312850952,O,0.9992927312850952,I-ORG,0.0003840717545244843,I-MISC,0.0002554395468905568
"6,000",CD,I-NP,O,O,0.9999204874038696,O,0.9999204874038696,I-ORG,4.1600716940592974e-05,I-MISC,3.4994853194803e-05
"346,000",CD,I-NP,O,O,0.9998888969421387,O,0.9998888969421387,I-ORG,6.392084469553083e-05,I-MISC,3.946451761294156e-05
