0,1,2,3,predictions,confidence,pred_1,pred_1_confidence,pred_2,pred_2_confidence,pred_3,pred_3_confidence
Year,NN,B-NP,O,O,0.7570000290870667,O,0.7570000290870667,B-PER,0.1709699034690857,I-MISC,0.017843881621956825
ago,RB,B-ADVP,O,O,0.9997326731681824,O,0.9997326731681824,I-MISC,0.00011953392822761089,I-ORG,8.42687368276529e-05
(,(,O,O,O,0.9996944665908813,O,0.9996944665908813,I-MISC,0.00016803393373265862,I-ORG,0.00010379464947618544
act,NN,B-NP,O,O,0.9995560050010681,O,0.9995560050010681,I-MISC,0.0002248842065455392,I-ORG,0.00018025752797257155
),),O,O,O,0.9996597766876221,O,0.9996597766876221,I-MISC,0.0001767708599800244,I-ORG,0.00012129184324294329
"132,000",CD,B-NP,O,O,0.9995602965354919,O,0.9995602965354919,I-ORG,0.00023120982223190367,I-MISC,0.00015882440493442118
"6,000",CD,I-NP,O,O,0.9999492168426514,O,0.9999492168426514,I-ORG,2.5736029783729464e-05,I-MISC,2.3116845113690943e-05
"336,000",CD,I-NP,O,O,0.9999182224273682,O,0.9999182224273682,I-ORG,4.6366334572667256e-05,I-MISC,3.008228486578446e-05
