0,1,2,3,predictions,confidence,pred_1,pred_1_confidence,pred_2,pred_2_confidence,pred_3,pred_3_confidence
Saturday,NNP,B-NP,O,O,0.5105125904083252,O,0.5105125904083252,B-ORG,0.15818537771701813,I-ORG,0.11374223977327347
12/07/96,NNP,I-NP,O,O,0.9991538524627686,O,0.9991538524627686,I-ORG,0.0005435256171040237,I-MISC,0.00016802236496005207
(,(,O,O,O,0.9989064931869507,O,0.9989064931869507,I-ORG,0.0006011329824104905,I-MISC,0.00040172168519347906
est,FW,O,O,O,0.9888938069343567,O,0.9888938069343567,I-ORG,0.007179043721407652,I-MISC,0.0027513683307915926
),),O,O,O,0.9986649751663208,O,0.9986649751663208,I-ORG,0.0009581519989296794,I-MISC,0.00030052903457544744
"38,000",CD,B-NP,O,O,0.9995889067649841,O,0.9995889067649841,I-ORG,0.0003676353953778744,I-MISC,2.6556577722658403e-05
0,CD,I-NP,O,O,0.999931812286377,O,0.999931812286377,I-ORG,4.58358226751443e-05,I-MISC,1.775822056515608e-05
"18,000",CD,I-NP,O,O,0.9976158142089844,O,0.9976158142089844,I-ORG,0.0012393523938953876,I-MISC,0.00093447434483096
