0,1,2,3,predictions,confidence,pred_1,pred_1_confidence,pred_2,pred_2_confidence,pred_3,pred_3_confidence
Week,NN,B-NP,O,O,0.28596019744873047,B-ORG,0.28596019744873047,O,0.18927864730358124,B-PER,0.1638350784778595
to,TO,B-PP,O,O,0.9994018077850342,O,0.9994018077850342,I-ORG,0.0003322341071907431,I-MISC,0.00023261085152626038
date,NN,B-NP,O,O,0.9996263980865479,O,0.9996263980865479,I-MISC,0.00017218476568814367,I-ORG,0.0001599509414518252
(,(,O,O,O,0.9995335340499878,O,0.9995335340499878,I-MISC,0.00024843780556693673,I-ORG,0.0001703202724456787
est,FW,O,O,O,0.9959273934364319,O,0.9959273934364319,I-MISC,0.0017236255807802081,I-ORG,0.0016203642589971423
),),O,O,O,0.9995162487030029,O,0.9995162487030029,I-MISC,0.00023077975492924452,I-ORG,0.0001917942863656208
"688,000",CD,B-NP,O,O,0.9999345541000366,O,0.9999345541000366,I-ORG,3.742337503354065e-05,I-MISC,2.4141707399394363e-05
"31,000",CD,I-NP,O,O,0.9999090433120728,O,0.9999090433120728,I-ORG,4.981091115041636e-05,I-MISC,3.499929152894765e-05
"1,810,000",CD,I-NP,O,O,0.9995529055595398,O,0.9995529055595398,I-ORG,0.00024033473164308816,I-MISC,0.000155714777065441
