0,1,2,3,predictions,confidence,pred_1,pred_1_confidence,pred_2,pred_2_confidence,pred_3,pred_3_confidence
1996,CD,B-NP,O,O,0.9999748468399048,O,0.9999748468399048,I-MISC,1.6208383385674097e-05,I-ORG,6.445128747145645e-06
Year,NN,I-NP,O,O,0.9702664017677307,O,0.9702664017677307,I-MISC,0.008911003358662128,B-PER,0.006912646349519491
to,TO,B-PP,O,O,0.9998793601989746,O,0.9998793601989746,I-MISC,6.0099864640505984e-05,I-ORG,5.4955533414613456e-05
date,NN,B-NP,O,O,0.9998999834060669,O,0.9998999834060669,I-MISC,5.451724064187147e-05,I-ORG,3.811685019172728e-05
"33,549,000",CD,I-NP,O,O,0.9999836683273315,O,0.9999836683273315,I-MISC,8.383912245335523e-06,I-ORG,7.3177275226044e-06
"1,589,000",CD,I-NP,O,O,0.9999034404754639,O,0.9999034404754639,I-MISC,4.610804535332136e-05,I-ORG,4.241429996909574e-05
"84,894,000",CD,I-NP,O,O,0.9999363422393799,O,0.9999363422393799,I-MISC,3.02125536109088e-05,I-ORG,2.962109647342004e-05
