0,1,2,3,predictions,confidence,pred_1,pred_1_confidence,pred_2,pred_2_confidence,pred_3,pred_3_confidence
1995,CD,B-NP,O,O,0.999987006187439,O,0.999987006187439,I-MISC,9.421878530702088e-06,I-ORG,2.2711121800966794e-06
Year,NN,I-NP,O,O,0.9488581418991089,O,0.9488581418991089,B-PER,0.016594786196947098,I-MISC,0.012091243639588356
to,TO,B-VP,O,O,0.9997298121452332,O,0.9997298121452332,I-MISC,0.00014211436791811138,I-ORG,0.0001132548350142315
date*,VB,I-VP,O,O,0.9960837364196777,O,0.9960837364196777,I-MISC,0.0017237697029486299,I-ORG,0.0016099471831694245
"32,970,000",CD,B-NP,O,O,0.9999350309371948,O,0.9999350309371948,I-ORG,3.327868034830317e-05,I-MISC,2.9225862817838788e-05
"1,305,000",CD,I-NP,O,O,0.9995940327644348,O,0.9995940327644348,I-ORG,0.00020636057888623327,I-MISC,0.00017044349806383252
"88,800,000",CD,I-NP,O,O,0.9998390674591064,O,0.9998390674591064,I-ORG,8.476641960442066e-05,I-MISC,6.607171235373244e-05
