0,1,2,3,predictions,confidence,pred_1,pred_1_confidence,pred_2,pred_2_confidence,pred_3,pred_3_confidence
Percent,NN,B-NP,O,O,0.7214197516441345,O,0.7214197516441345,B-MISC,0.09980589896440506,B-PER,0.06035495176911354
change,NN,I-NP,O,O,0.9999872446060181,O,0.9999872446060181,I-MISC,9.942430551745929e-06,I-ORG,1.7721955600791262e-06
1.8,CD,B-NP,O,O,0.9999253749847412,O,0.9999253749847412,I-MISC,5.925643563386984e-05,I-ORG,9.73404439719161e-06
%,NN,I-NP,O,O,0.9997983574867249,O,0.9997983574867249,I-MISC,0.00013896386371925473,B-MISC,4.5280092308530584e-05
21.8,CD,B-NP,O,O,0.9999939203262329,O,0.9999939203262329,I-MISC,4.896256086794892e-06,I-ORG,8.408841836171632e-07
%,NN,I-NP,O,O,0.9998815059661865,O,0.9998815059661865,I-MISC,8.561578579246998e-05,B-MISC,2.0590237909345888e-05
-,:,O,O,O,0.9999140501022339,O,0.9999140501022339,I-MISC,6.131267582532018e-05,I-ORG,1.8782986444421113e-05
4.4,CD,B-NP,O,O,0.9999929666519165,O,0.9999929666519165,I-MISC,5.411211986938724e-06,I-ORG,1.1965687463089125e-06
%,NN,I-NP,O,O,0.9998058676719666,O,0.9998058676719666,I-MISC,0.0001268417836399749,I-ORG,2.7757565476349555e-05
