0,1,2,3,predictions,confidence,pred_1,pred_1_confidence,pred_2,pred_2_confidence,pred_3,pred_3_confidence
Previous,JJ,B-NP,O,O,0.9189141392707825,O,0.9189141392707825,B-ORG,0.027618274092674255,B-MISC,0.024621646851301193
day,NN,I-NP,O,O,0.9999063014984131,O,0.9999063014984131,I-MISC,4.7749570512678474e-05,I-ORG,3.9647373341722414e-05
estimated,VBN,B-VP,O,O,0.9988904595375061,O,0.9988904595375061,I-ORG,0.0007799247978255153,I-MISC,0.00020673361723311245
Steer,NNP,B-NP,O,B-LOC,0.22869440913200378,B-ORG,0.22869440913200378,I-ORG,0.20810887217521667,B-PER,0.11937003582715988
and,CC,I-NP,O,O,0.9954749941825867,O,0.9954749941825867,I-ORG,0.002402425743639469,I-MISC,0.0018183409702032804
Heifer,NNP,I-NP,O,B-PER,0.21558520197868347,I-ORG,0.21558520197868347,B-ORG,0.21271063387393951,B-PER,0.16964218020439148
Cow,NNP,I-NP,O,I-PER,0.18526987731456757,B-ORG,0.18526987731456757,B-PER,0.18223834037780762,I-ORG,0.14811450242996216
and,CC,I-NP,O,O,0.9966801404953003,O,0.9966801404953003,I-ORG,0.0016790642403066158,I-MISC,0.001325353980064392
Bull,NNP,I-NP,O,B-PER,0.23116634786128998,B-PER,0.23116634786128998,B-ORG,0.19698074460029602,B-LOC,0.16170354187488556
