0,1,2,3,predictions,confidence,pred_1,pred_1_confidence,pred_2,pred_2_confidence,pred_3,pred_3_confidence
Thursday,NNP,B-NP,O,O,0.9719128608703613,O,0.9719128608703613,B-PER,0.007226321380585432,I-MISC,0.006215921603143215
"100,000",CD,I-NP,O,O,0.9998428821563721,O,0.9998428821563721,I-MISC,8.35300306789577e-05,I-ORG,4.9429105274612084e-05
"33,000",CD,I-NP,O,O,0.9999426603317261,O,0.9999426603317261,I-ORG,2.892001975851599e-05,I-MISC,2.5280383852077648e-05
