0,1,2,3,predictions,confidence,pred_1,pred_1_confidence,pred_2,pred_2_confidence,pred_3,pred_3_confidence
BALANCE,NNP,B-NP,O,B-ORG,0.5157777070999146,B-ORG,0.5157777070999146,O,0.15577642619609833,I-MISC,0.08792921155691147
-,:,O,O,O,0.998916506767273,O,0.998916506767273,I-ORG,0.0005256171571090817,I-MISC,0.0004572644247673452
Hartford,NNP,B-NP,B-LOC,B-PER,0.48430225253105164,B-PER,0.48430225253105164,I-PER,0.1800515204668045,B-ORG,0.15912438929080963
",",",",O,O,O,0.9998264908790588,O,0.9998264908790588,I-MISC,7.942035153973848e-05,I-ORG,5.8662855735747144e-05
Conn,NNP,B-NP,B-LOC,B-PER,0.5166535377502441,B-PER,0.5166535377502441,I-PER,0.12379378825426102,B-ORG,0.09863824397325516
.,.,O,O,O,0.9999419450759888,O,0.9999419450759888,I-MISC,2.7148296794621274e-05,I-ORG,1.8698241547099315e-05
