0,1,2,3,predictions,confidence,pred_1,pred_1_confidence,pred_2,pred_2_confidence,pred_3,pred_3_confidence
",",",",O,O,O,0.9998010993003845,O,0.9998010993003845,I-MISC,9.757775842444971e-05,I-ORG,8.786014950601384e-05
$,$,B-NP,O,O,0.9996703863143921,O,0.9996703863143921,I-ORG,0.000155003770487383,I-MISC,0.00011895585339516401
11,CD,I-NP,O,O,0.9998891353607178,O,0.9998891353607178,I-MISC,5.143263115314767e-05,I-ORG,5.0984024710487574e-05
mln,NNS,I-NP,O,O,0.9998557567596436,O,0.9998557567596436,I-MISC,8.33724916446954e-05,I-ORG,4.673210787586868e-05
.,.,O,O,O,0.9999275207519531,O,0.9999275207519531,I-MISC,4.202336276648566e-05,I-ORG,2.3266207790584303e-05
