0,1,2,3,predictions,confidence,pred_1,pred_1_confidence,pred_2,pred_2_confidence,pred_3,pred_3_confidence
CITY,NN,B-NP,O,O,0.5753492116928101,O,0.5753492116928101,B-ORG,0.13589352369308472,I-MISC,0.10663861781358719
OF,IN,B-PP,O,O,0.7731028199195862,O,0.7731028199195862,B-ORG,0.06422555446624756,B-MISC,0.056627992540597916
HARTFORD,NNP,B-NP,B-LOC,B-LOC,0.39025449752807617,B-LOC,0.39025449752807617,B-PER,0.13963237404823303,B-ORG,0.13802985846996307
",",",",O,O,O,0.9997296929359436,O,0.9997296929359436,I-MISC,0.00014027595170773566,I-ORG,0.00010151447349926457
CONNECTICUT,NNP,B-NP,B-LOC,B-LOC,0.24829509854316711,B-LOC,0.24829509854316711,O,0.23414383828639984,B-ORG,0.18440097570419312
