0,1,2,3,predictions,confidence,pred_1,pred_1_confidence,pred_2,pred_2_confidence,pred_3,pred_3_confidence
RE,NNP,B-NP,O,O,0.9046702980995178,O,0.9046702980995178,B-MISC,0.0512247160077095,I-MISC,0.027203736826777458
:,:,O,O,O,0.9997368454933167,O,0.9997368454933167,I-MISC,0.00019589619478210807,I-ORG,3.450924123171717e-05
$,$,B-NP,O,O,0.9997758269309998,O,0.9997758269309998,I-MISC,0.00012246961705386639,I-ORG,7.518377242377028e-05
"25,000,000",CD,I-NP,O,O,0.999976396560669,O,0.999976396560669,I-MISC,1.2429076377884485e-05,I-ORG,1.0155961717828177e-05
