0,1,2,3,predictions,confidence,pred_1,pred_1_confidence,pred_2,pred_2_confidence,pred_3,pred_3_confidence
GENERAL,NNP,B-NP,O,O,0.5918934345245361,O,0.5918934345245361,B-MISC,0.14035050570964813,B-ORG,0.11894463002681732
OBLIGATION,NNP,O,O,B-MISC,0.4114739000797272,B-MISC,0.4114739000797272,B-ORG,0.17438997328281403,I-MISC,0.1471969187259674
BONDS,NNS,B-NP,O,O,0.9055451154708862,O,0.9055451154708862,B-ORG,0.035175442695617676,I-MISC,0.025430727750062943
