0,1,2,3,predictions,confidence,pred_1,pred_1_confidence,pred_2,pred_2_confidence,pred_3,pred_3_confidence
Delivery,NNP,B-NP,O,O,0.9838512539863586,O,0.9838512539863586,B-PER,0.004346955567598343,B-MISC,0.003236806718632579
Date,NNP,I-NP,O,O,0.7851637601852417,O,0.7851637601852417,B-PER,0.07023896276950836,I-MISC,0.06824330240488052
:,:,O,O,O,0.9996684789657593,O,0.9996684789657593,I-MISC,0.00023627231712453067,I-ORG,5.905258876737207e-05
12/16/1996,CD,B-NP,O,O,0.9995415210723877,O,0.9995415210723877,I-ORG,0.0002359957288717851,I-MISC,0.00017699266027193516
