0,1,2,3,predictions,confidence,pred_1,pred_1_confidence,pred_2,pred_2_confidence,pred_3,pred_3_confidence
FSA,NNP,B-NP,B-ORG,O,0.5060111880302429,B-ORG,0.5060111880302429,O,0.19146597385406494,B-MISC,0.12741096317768097
INSURED,VBN,B-VP,O,O,0.3453800678253174,O,0.3453800678253174,B-LOC,0.145680233836174,B-ORG,0.14161035418510437
Maturity,NNP,B-NP,O,O,0.7665228247642517,O,0.7665228247642517,B-PER,0.053145263344049454,I-MISC,0.048975296318531036
Balance,NNP,I-NP,O,O,0.7661477327346802,O,0.7661477327346802,B-MISC,0.10630718618631363,B-ORG,0.039424628019332886
Coupon,NN,I-NP,O,O,0.7811185121536255,O,0.7811185121536255,B-MISC,0.05843654274940491,B-PER,0.0577913336455822
List,VB,B-VP,O,B-PER,0.3946826159954071,O,0.3946826159954071,B-PER,0.32345810532569885,I-MISC,0.07046084105968475
