0,1,2,3,predictions,confidence,pred_1,pred_1_confidence,pred_2,pred_2_confidence,pred_3,pred_3_confidence
12/15/2001,CD,B-NP,O,O,0.9995927214622498,O,0.9995927214622498,I-ORG,0.0002351182047277689,I-MISC,0.00011295951117062941
575M,CD,I-NP,O,O,0.9998573064804077,O,0.9998573064804077,I-ORG,6.979209865676239e-05,I-MISC,6.366847810568288e-05
4.60,CD,I-NP,O,O,0.9998670816421509,O,0.9998670816421509,I-ORG,6.609783304156736e-05,I-MISC,6.027275958331302e-05
4.20,CD,I-NP,O,O,0.9998462200164795,O,0.9998462200164795,I-ORG,7.689861377002671e-05,I-MISC,6.909891817485914e-05
