0,1,2,3,predictions,confidence,pred_1,pred_1_confidence,pred_2,pred_2_confidence,pred_3,pred_3_confidence
12/15/2000,CD,B-NP,O,O,0.9994239807128906,O,0.9994239807128906,I-ORG,0.00031350660719908774,I-MISC,0.00018479856953490525
"1,250M",CD,I-NP,O,O,0.9992017149925232,O,0.9992017149925232,I-ORG,0.0004281609144527465,I-MISC,0.0002789374557323754
6.25,CD,I-NP,O,O,0.999957799911499,O,0.999957799911499,I-ORG,2.4112498067552224e-05,I-MISC,1.7158481568912975e-05
4.10,CD,I-NP,O,O,0.9999351501464844,O,0.9999351501464844,I-ORG,3.4486442018533126e-05,I-MISC,2.8180935260024853e-05
