0,1,2,3,predictions,confidence,pred_1,pred_1_confidence,pred_2,pred_2_confidence,pred_3,pred_3_confidence
12/15/2004,CD,B-NP,O,O,0.999739944934845,O,0.999739944934845,I-ORG,0.0001533503964310512,I-MISC,7.552875467808917e-05
625M,CD,I-NP,O,O,0.999893069267273,O,0.999893069267273,I-ORG,5.596841947408393e-05,I-MISC,4.59687398688402e-05
4.50,CD,I-NP,O,O,0.9999384880065918,O,0.9999384880065918,I-ORG,3.503515472402796e-05,I-MISC,2.4614742869744077e-05
4.50,CD,I-NP,O,O,0.9999294281005859,O,0.9999294281005859,I-ORG,3.6539895518217236e-05,I-MISC,3.142878267681226e-05
