0,1,2,3,predictions,confidence,pred_1,pred_1_confidence,pred_2,pred_2_confidence,pred_3,pred_3_confidence
12/15/2003,CD,B-NP,O,O,0.9997418522834778,O,0.9997418522834778,I-ORG,0.00014813417510595173,I-MISC,7.661741256015375e-05
265M,CD,I-NP,O,O,0.9998093247413635,O,0.9998093247413635,I-ORG,9.304078412242234e-05,I-MISC,8.432447066297755e-05
4.40,CD,I-NP,O,O,0.9998877048492432,O,0.9998877048492432,I-ORG,5.646806312142871e-05,I-MISC,5.016844443161972e-05
4.40,CD,I-NP,O,O,0.9998514652252197,O,0.9998514652252197,I-ORG,7.403344352496788e-05,I-MISC,6.715334893669933e-05
