0,1,2,3,predictions,confidence,pred_1,pred_1_confidence,pred_2,pred_2_confidence,pred_3,pred_3_confidence
12/15/2006,CD,B-NP,O,O,0.9996052384376526,O,0.9996052384376526,I-ORG,0.00022965924290474504,I-MISC,0.00011371439904905856
145M,CD,I-NP,O,O,0.9987475872039795,O,0.9987475872039795,I-ORG,0.0005643260083161294,I-MISC,0.0005182503955438733
4.70,CD,I-NP,O,O,0.9998904466629028,O,0.9998904466629028,I-ORG,5.462397894007154e-05,I-MISC,4.948522837366909e-05
4.70,CD,I-NP,O,O,0.9998551607131958,O,0.9998551607131958,I-ORG,7.16157810529694e-05,I-MISC,6.623889203183353e-05
