0,1,2,3,predictions,confidence,pred_1,pred_1_confidence,pred_2,pred_2_confidence,pred_3,pred_3_confidence
12/15/2007,CD,B-NP,O,O,0.9997108578681946,O,0.9997108578681946,I-ORG,0.00016611098544672132,I-MISC,8.64239118527621e-05
850M,CD,I-NP,O,O,0.9995986819267273,O,0.9995986819267273,I-ORG,0.00018673196609597653,I-MISC,0.00017934305651579052
4.85,CD,I-NP,O,O,0.9999247789382935,O,0.9999247789382935,I-ORG,4.152399560553022e-05,I-MISC,3.027750426554121e-05
4.85,CD,I-NP,O,O,0.9999006986618042,O,0.9999006986618042,I-ORG,5.444137423182838e-05,I-MISC,4.052867734571919e-05
