0,1,2,3,predictions,confidence,pred_1,pred_1_confidence,pred_2,pred_2_confidence,pred_3,pred_3_confidence
12/15/2009,CD,B-NP,O,O,0.9996755123138428,O,0.9996755123138428,I-ORG,0.0001308917999267578,I-MISC,0.00010083732922794297
"1,240M",CD,I-NP,O,O,0.9990887641906738,O,0.9990887641906738,I-MISC,0.0002825592819135636,I-ORG,0.00021218953770585358
5.05,CD,I-NP,O,O,0.9999209642410278,O,0.9999209642410278,I-MISC,3.540788748068735e-05,I-ORG,2.2693528080708347e-05
5.05,CD,I-NP,O,O,0.9999287128448486,O,0.9999287128448486,I-MISC,3.417473271838389e-05,I-ORG,2.7366626454750076e-05
