0,1,2,3,predictions,confidence,pred_1,pred_1_confidence,pred_2,pred_2_confidence,pred_3,pred_3_confidence
12/15/2012,CD,B-NP,O,O,0.9997280240058899,O,0.9997280240058899,I-ORG,0.00016028025129344314,I-MISC,7.378008012892678e-05
"1,200M",CD,I-NP,O,O,0.9989834427833557,O,0.9989834427833557,I-ORG,0.0005173048702999949,I-MISC,0.00035758985904976726
5.25,CD,I-NP,O,O,0.9999297857284546,O,0.9999297857284546,I-ORG,3.807434768532403e-05,I-MISC,2.920807310147211e-05
5.30,CD,I-NP,O,O,0.9998631477355957,O,0.9998631477355957,I-ORG,6.629275594605133e-05,I-MISC,6.425896572181955e-05
