0,1,2,3,predictions,confidence,pred_1,pred_1_confidence,pred_2,pred_2_confidence,pred_3,pred_3_confidence
12/15/2011,CD,B-NP,O,O,0.9995914101600647,O,0.9995914101600647,I-ORG,0.00023777643218636513,I-MISC,0.00010807787475641817
"1,240M",CD,I-NP,O,O,0.9990586638450623,O,0.9990586638450623,I-ORG,0.0004822999471798539,I-MISC,0.0003218121419195086
5.25,CD,I-NP,O,O,0.9999297857284546,O,0.9999297857284546,I-ORG,3.807434768532403e-05,I-MISC,2.920807310147211e-05
5.25,CD,I-NP,O,O,0.9999071359634399,O,0.9999071359634399,I-ORG,4.991871537640691e-05,I-MISC,3.909725637640804e-05
