0,1,2,3,predictions,confidence,pred_1,pred_1_confidence,pred_2,pred_2_confidence,pred_3,pred_3_confidence
Total,JJ,B-NP,O,O,0.9942430853843689,O,0.9942430853843689,B-MISC,0.002310348441824317,I-MISC,0.0015607738168910146
:,:,O,O,O,0.9995194673538208,O,0.9995194673538208,I-MISC,0.00034942658385261893,I-ORG,8.284876093966886e-05
"11,880M",CD,B-NP,O,O,0.9990621209144592,O,0.9990621209144592,I-ORG,0.0004491936706472188,I-MISC,0.00036578651634044945
