0,1,2,3,predictions,confidence,pred_1,pred_1_confidence,pred_2,pred_2_confidence,pred_3,pred_3_confidence
12/15/2013,CD,B-NP,O,O,0.999799907207489,O,0.999799907207489,I-ORG,0.0001091438825824298,I-MISC,6.540328467963263e-05
"1,135M",CD,I-NP,O,O,0.9992431402206421,O,0.9992431402206421,I-ORG,0.0003519165620673448,I-MISC,0.00030044218874536455
5.30,CD,I-NP,O,O,0.999931812286377,O,0.999931812286377,I-MISC,3.703898983076215e-05,I-ORG,2.845891322067473e-05
5.35,CD,I-NP,O,O,0.9999581575393677,O,0.9999581575393677,I-MISC,2.083728941215668e-05,I-ORG,1.9647777662612498e-05
