0,1,2,3,predictions,confidence,pred_1,pred_1_confidence,pred_2,pred_2_confidence,pred_3,pred_3_confidence
12/15/2014,CD,B-NP,O,O,0.9997938275337219,O,0.9997938275337219,I-ORG,0.00011454057676019147,I-MISC,6.531624967465177e-05
850M,CD,I-NP,O,O,0.9997087121009827,O,0.9997087121009827,I-MISC,0.00015008662012405694,I-ORG,0.00011884792183991522
5.30,CD,I-NP,O,O,0.999931812286377,O,0.999931812286377,I-MISC,3.703898983076215e-05,I-ORG,2.845891322067473e-05
5.35,CD,I-NP,O,O,0.9999581575393677,O,0.9999581575393677,I-MISC,2.083728941215668e-05,I-ORG,1.9647777662612498e-05
