0,1,2,3,predictions,confidence,pred_1,pred_1_confidence,pred_2,pred_2_confidence,pred_3,pred_3_confidence
State,NNP,B-NP,B-ORG,B-PER,0.25077325105667114,B-PER,0.25077325105667114,B-LOC,0.2276003062725067,B-ORG,0.17521101236343384
Street,NNP,I-NP,I-ORG,I-PER,0.2788284420967102,B-ORG,0.2788284420967102,B-LOC,0.21955323219299316,I-ORG,0.14418624341487885
Bank,NNP,I-NP,I-ORG,I-PER,0.2150668352842331,B-PER,0.2150668352842331,B-ORG,0.1894427239894867,B-LOC,0.1474040001630783
and,CC,O,I-ORG,O,0.995269238948822,O,0.995269238948822,I-ORG,0.002454355824738741,I-MISC,0.0018286416307091713
Trust,NNP,B-NP,I-ORG,B-ORG,0.21090707182884216,B-ORG,0.21090707182884216,I-ORG,0.20835880935192108,O,0.11915803700685501
Company,NNP,I-NP,I-ORG,I-ORG,0.21420031785964966,I-ORG,0.21420031785964966,B-ORG,0.1685297042131424,B-PER,0.15762969851493835
