0,1,2,3,predictions,confidence,pred_1,pred_1_confidence,pred_2,pred_2_confidence,pred_3,pred_3_confidence
Prudential,NNP,B-NP,B-ORG,O,0.43515750765800476,O,0.43515750765800476,B-ORG,0.1635269671678543,I-ORG,0.11563201993703842
Securities,NNPS,I-NP,I-ORG,O,0.3924935758113861,O,0.3924935758113861,B-ORG,0.17868083715438843,I-ORG,0.1250859946012497
Incorporated,NNP,I-NP,I-ORG,B-ORG,0.32001927495002747,B-ORG,0.32001927495002747,I-ORG,0.16418886184692383,O,0.12570451200008392
