0,1,2,3,predictions,confidence,pred_1,pred_1_confidence,pred_2,pred_2_confidence,pred_3,pred_3_confidence
--,:,O,O,O,0.9999275207519531,O,0.9999275207519531,I-MISC,3.3554435503901914e-05,I-ORG,3.339007525937632e-05
U.S.,NNP,B-NP,B-ORG,B-ORG,0.4624714255332947,B-ORG,0.4624714255332947,B-LOC,0.25704246759414673,I-ORG,0.1543957144021988
Municipal,NNP,I-NP,I-ORG,I-ORG,0.4786708354949951,B-ORG,0.4786708354949951,I-ORG,0.44955334067344666,I-MISC,0.02887544594705105
Desk,NNP,I-NP,I-ORG,I-ORG,0.4171481728553772,B-ORG,0.4171481728553772,I-ORG,0.38290977478027344,I-MISC,0.08785786479711533
",",",",O,O,O,0.996853768825531,O,0.996853768825531,I-MISC,0.0015344423009082675,I-ORG,0.0013497116742655635
212-859-1650,CD,B-NP,O,O,0.9987413287162781,O,0.9987413287162781,I-ORG,0.0007033800357021391,I-MISC,0.00048721733037382364
