0,1,2,3,predictions,confidence,pred_1,pred_1_confidence,pred_2,pred_2_confidence,pred_3,pred_3_confidence
TALLAHASSEE,NNP,B-NP,B-LOC,B-LOC,0.5737271308898926,B-LOC,0.5737271308898926,B-ORG,0.13345186412334442,B-PER,0.07543286681175232
",",",",O,O,O,0.9994999170303345,O,0.9994999170303345,I-ORG,0.00021627462410833687,I-MISC,0.00019394722767174244
Fla.,NNP,B-NP,B-LOC,B-LOC,0.26502087712287903,B-PER,0.26502087712287903,B-LOC,0.19534333050251007,I-PER,0.15608595311641693
1996-12-06,CD,I-NP,O,O,0.9992406368255615,O,0.9992406368255615,I-ORG,0.00041782812331803143,I-MISC,0.0002040428516920656
