0,1,2,3,predictions,confidence,pred_1,pred_1_confidence,pred_2,pred_2_confidence,pred_3,pred_3_confidence
Frederick,NNP,B-NP,B-PER,O,0.5760458707809448,O,0.5760458707809448,B-PER,0.10031690448522568,B-MISC,0.09829285740852356
is,VBZ,B-VP,O,O,0.9998164772987366,O,0.9998164772987366,I-MISC,0.00012202072684885934,I-ORG,3.653116800705902e-05
serving,VBG,I-VP,O,O,0.9999016523361206,O,0.9999016523361206,I-ORG,5.155865437700413e-05,I-MISC,3.967785960412584e-05
a,DT,B-NP,O,O,0.9992732405662537,O,0.9992732405662537,I-MISC,0.0003827778564300388,I-ORG,0.0002424095437163487
347-year,JJ,I-NP,O,O,0.9999392032623291,O,0.9999392032623291,I-ORG,3.557614400051534e-05,I-MISC,2.3583948859595694e-05
sentence,NN,I-NP,O,O,0.9993268251419067,O,0.9993268251419067,I-ORG,0.00035802231286652386,I-MISC,0.0002655512362252921
.,.,O,O,O,0.9997112154960632,O,0.9997112154960632,I-MISC,0.00016222766134887934,I-ORG,0.00010755807306850329
