0,1,2,3,predictions,confidence,pred_1,pred_1_confidence,pred_2,pred_2_confidence,pred_3,pred_3_confidence
New,NNP,B-NP,B-LOC,B-LOC,0.3759579658508301,B-LOC,0.3759579658508301,B-ORG,0.13213886320590973,I-LOC,0.10781700164079666
York,NNP,I-NP,I-LOC,I-LOC,0.2496846467256546,I-MISC,0.2496846467256546,B-MISC,0.21890117228031158,I-ORG,0.16900838911533356
grain,NN,I-NP,O,O,0.9986819624900818,O,0.9986819624900818,I-MISC,0.00082767428830266,I-ORG,0.00032611540518701077
freight,NN,I-NP,O,O,0.9995802044868469,O,0.9995802044868469,I-ORG,0.0002036338992184028,I-MISC,0.00018557386647444218
fixtures,NNS,I-NP,O,O,0.9997187256813049,O,0.9997187256813049,I-MISC,0.00013446566299535334,I-ORG,0.00012916326522827148
-,:,O,O,O,0.9989427924156189,O,0.9989427924156189,I-MISC,0.0006265198462642729,I-ORG,0.0003527277731336653
Dec,NNP,B-NP,O,O,0.7451788783073425,O,0.7451788783073425,I-MISC,0.07555830478668213,B-MISC,0.060892120003700256
5,CD,I-NP,O,O,0.9999632835388184,O,0.9999632835388184,I-ORG,1.8126940631191246e-05,I-MISC,1.644449912419077e-05
.,.,O,O,O,0.9999445676803589,O,0.9999445676803589,I-MISC,3.400608693482354e-05,I-ORG,1.6498981494805776e-05
