0,1,2,3,predictions,confidence,pred_1,pred_1_confidence,pred_2,pred_2_confidence,pred_3,pred_3_confidence
DES,NNP,B-NP,B-LOC,B-LOC,0.4545021057128906,B-LOC,0.4545021057128906,B-ORG,0.15996412932872772,I-LOC,0.11338188499212265
MOINES,NNP,I-NP,I-LOC,I-LOC,0.33680784702301025,B-ORG,0.33680784702301025,B-LOC,0.26087886095046997,O,0.10087138414382935
1996-12-06,CD,I-NP,O,O,0.9994816184043884,O,0.9994816184043884,I-ORG,0.0002810168080031872,I-MISC,0.00014895312779117376
