0,1,2,3,predictions,confidence,pred_1,pred_1_confidence,pred_2,pred_2_confidence,pred_3,pred_3_confidence
Demand,NN,B-NP,O,B-ORG,0.27900025248527527,B-PER,0.27900025248527527,B-ORG,0.2266404777765274,I-ORG,0.11200936883687973
and,CC,I-NP,O,O,0.9989480376243591,O,0.9989480376243591,I-ORG,0.0005200807936489582,I-MISC,0.00046149513218551874
seller,NN,I-NP,O,O,0.9996367692947388,O,0.9996367692947388,I-ORG,0.00021171028492972255,I-MISC,0.00011964254372287542
interest,NN,I-NP,O,O,0.9997417330741882,O,0.9997417330741882,I-ORG,0.0001557179057272151,I-MISC,8.115859236568213e-05
light,NN,I-NP,O,O,0.9994977712631226,O,0.9994977712631226,I-ORG,0.00024277846387121826,I-MISC,0.0002084888837998733
.,.,O,O,O,0.9997580647468567,O,0.9997580647468567,I-MISC,0.00012781428813468665,I-ORG,9.214111196342856e-05
