0,1,2,3,predictions,confidence,pred_1,pred_1_confidence,pred_2,pred_2_confidence,pred_3,pred_3_confidence
Offerings,NNS,B-NP,O,O,0.5637392401695251,O,0.5637392401695251,B-ORG,0.13230787217617035,B-PER,0.10054785013198853
light,NN,I-NP,O,O,0.9997521042823792,O,0.9997521042823792,I-ORG,0.00011128708138130605,I-MISC,0.00010586396820144728
.,.,O,O,O,0.9998317956924438,O,0.9998317956924438,I-MISC,9.228677663486451e-05,I-ORG,6.043339817551896e-05
