0,1,2,3,predictions,confidence,pred_1,pred_1_confidence,pred_2,pred_2_confidence,pred_3,pred_3_confidence
 ,O,O,<UNK>,<UNK>,0.9994462132453918,<UNK>,0.9994462132453918,<PAD>,0.0004867994866799563,B-MISC,1.8611264749779366e-05
You,PRP,B-NP,O,O,0.9824506640434265,O,0.9824506640434265,B-ORG,0.006232026964426041,I-MISC,0.004205996636301279
are,VBP,B-VP,O,O,0.9999628067016602,O,0.9999628067016602,I-MISC,2.1328802176867612e-05,I-ORG,1.4736894627276342e-05
self-indulgent,JJ,B-ADJP,O,O,0.9997707009315491,O,0.9997707009315491,I-MISC,0.00010831148392753676,I-ORG,0.00010292279330315068
.,.,O,O,O,0.9998558759689331,O,0.9998558759689331,I-MISC,8.724682265892625e-05,I-ORG,4.743445970234461e-05
