0,1,2,3,predictions,confidence,pred_1,pred_1_confidence,pred_2,pred_2_confidence,pred_3,pred_3_confidence
Canadian,JJ,B-NP,B-MISC,B-MISC,0.32425177097320557,B-ORG,0.32425177097320557,B-MISC,0.27277353405952454,I-ORG,0.14565081894397736
grain,NN,I-NP,O,O,0.9998114705085754,O,0.9998114705085754,I-ORG,0.00010218319221166894,I-MISC,6.858783308416605e-05
statistics,NNS,I-NP,O,O,0.9999186992645264,O,0.9999186992645264,I-ORG,5.598447751253843e-05,I-MISC,2.037266494880896e-05
weekly,JJ,B-ADVP,O,O,0.9999154806137085,O,0.9999154806137085,I-ORG,4.768812141264789e-05,I-MISC,3.106637086602859e-05
.,.,O,O,O,0.9998351335525513,O,0.9998351335525513,I-MISC,9.594746370567009e-05,I-ORG,5.705239163944498e-05
