0,1,2,3,predictions,confidence,pred_1,pred_1_confidence,pred_2,pred_2_confidence,pred_3,pred_3_confidence
-,:,O,O,O,0.9990999698638916,O,0.9990999698638916,I-ORG,0.00044876322499476373,I-MISC,0.00036538284621201456
Canadian,JJ,B-NP,B-ORG,B-MISC,0.305916428565979,B-ORG,0.305916428565979,B-MISC,0.2626052498817444,B-PER,0.10841324925422668
Grain,NNP,I-NP,I-ORG,B-ORG,0.3024674952030182,B-PER,0.3024674952030182,B-ORG,0.24554266035556793,O,0.17278552055358887
Commission,NNP,I-NP,I-ORG,I-ORG,0.20479905605316162,B-ORG,0.20479905605316162,B-PER,0.18706229329109192,O,0.1862827092409134
