0,1,2,3,predictions,confidence,pred_1,pred_1_confidence,pred_2,pred_2_confidence,pred_3,pred_3_confidence
Visible,JJ,B-NP,O,B-ORG,0.2820335626602173,B-PER,0.2820335626602173,B-ORG,0.24805088341236115,I-PER,0.12602132558822632
Supplies,NNS,I-NP,O,I-ORG,0.4090421199798584,O,0.4090421199798584,B-ORG,0.14387992024421692,I-ORG,0.12784376740455627
Farmers,NNPS,B-NP,O,I-ORG,0.23578095436096191,B-ORG,0.23578095436096191,O,0.2094944268465042,B-PER,0.16771161556243896
Deliveries,NNP,I-NP,O,I-ORG,0.24306610226631165,B-ORG,0.24306610226631165,O,0.17696376144886017,B-PER,0.17066217958927155
