0,1,2,3,predictions,confidence,pred_1,pred_1_confidence,pred_2,pred_2_confidence,pred_3,pred_3_confidence
Durum,NN,B-NP,O,B-LOC,0.30163395404815674,B-PER,0.30163395404815674,B-ORG,0.2416025996208191,I-PER,0.1017310693860054
1168.9,CD,I-NP,O,O,0.9992770552635193,O,0.9992770552635193,I-ORG,0.00043297233060002327,I-MISC,0.0001834874419728294
1225.0,CD,I-NP,O,O,0.9985765218734741,O,0.9985765218734741,I-ORG,0.0007872033747844398,I-MISC,0.00045624797348864377
44.3,CD,I-NP,O,O,0.9999219179153442,O,0.9999219179153442,I-ORG,4.312544842832722e-05,I-MISC,3.185401510563679e-05
965.3,CD,I-NP,O,O,0.9942979216575623,O,0.9942979216575623,I-ORG,0.002877215389162302,I-MISC,0.0018364913994446397
1069.6,CD,I-NP,O,O,0.9991422891616821,O,0.9991422891616821,I-ORG,0.000498513167258352,I-MISC,0.0002861357934307307
