0,1,2,3,predictions,confidence,pred_1,pred_1_confidence,pred_2,pred_2_confidence,pred_3,pred_3_confidence
Wheat,NN,B-NP,O,O,0.28464439511299133,B-PER,0.28464439511299133,B-ORG,0.17245988547801971,O,0.1610088050365448
4320.2,CD,I-NP,O,O,0.9999576807022095,O,0.9999576807022095,I-ORG,2.6887220883509144e-05,I-MISC,1.3384757039602846e-05
3909.3,CD,I-NP,O,O,0.9999111890792847,O,0.9999111890792847,I-ORG,5.420265006250702e-05,I-MISC,2.9997614547028206e-05
288.5,CD,I-NP,O,O,0.9998530149459839,O,0.9998530149459839,I-ORG,8.93634496605955e-05,I-MISC,5.0514187023509294e-05
6278.9,CD,I-NP,O,O,0.9998881816864014,O,0.9998881816864014,I-ORG,7.144556002458557e-05,I-MISC,3.541877958923578e-05
5580.0,CD,I-NP,O,O,0.9998375177383423,O,0.9998375177383423,I-ORG,8.975597302196547e-05,I-MISC,6.4758954977151e-05
