0,1,2,3,predictions,confidence,pred_1,pred_1_confidence,pred_2,pred_2_confidence,pred_3,pred_3_confidence
Oats,NNP,B-NP,O,O,0.3026004433631897,B-PER,0.3026004433631897,B-ORG,0.1664525717496872,O,0.1323927789926529
286.5,CD,I-NP,O,O,0.9999172687530518,O,0.9999172687530518,I-ORG,5.0420254410710186e-05,I-MISC,2.7791997126769274e-05
284.6,CD,I-NP,O,O,0.9998747110366821,O,0.9998747110366821,I-ORG,7.597828516736627e-05,I-MISC,4.285361501388252e-05
31.9,CD,I-NP,O,O,0.9998243451118469,O,0.9998243451118469,I-ORG,0.00010200049291597679,I-MISC,6.511398532893509e-05
937.3,CD,I-NP,O,O,0.9955543875694275,O,0.9955543875694275,I-ORG,0.0023173196241259575,I-MISC,0.001388805452734232
581.2,CD,I-NP,O,O,0.9999014139175415,O,0.9999014139175415,I-ORG,5.865505590918474e-05,I-MISC,3.5128403396811336e-05
