0,1,2,3,predictions,confidence,pred_1,pred_1_confidence,pred_2,pred_2_confidence,pred_3,pred_3_confidence
Rye,NNP,B-NP,O,O,0.21284499764442444,O,0.21284499764442444,B-PER,0.20526108145713806,B-ORG,0.1930571049451828
44.6,CD,I-NP,O,O,0.9999319314956665,O,0.9999319314956665,I-ORG,3.9224043575813994e-05,I-MISC,2.538149965403136e-05
86.3,CD,I-NP,O,O,0.999868631362915,O,0.999868631362915,I-ORG,7.15435016900301e-05,I-MISC,5.319349656929262e-05
2.3,CD,I-NP,O,O,0.9999059438705444,O,0.9999059438705444,I-ORG,4.762640310218558e-05,I-MISC,4.303417154005729e-05
108.2,CD,I-NP,O,O,0.9992959499359131,O,0.9992959499359131,I-ORG,0.0003972648410126567,I-MISC,0.0002442124532535672
119.2,CD,I-NP,O,O,0.9988349080085754,O,0.9988349080085754,I-ORG,0.0006366129382513463,I-MISC,0.00039170743548311293
