0,1,2,3,predictions,confidence,pred_1,pred_1_confidence,pred_2,pred_2_confidence,pred_3,pred_3_confidence
Barley,NNP,B-NP,O,B-ORG,0.3467492461204529,B-PER,0.3467492461204529,B-ORG,0.26492831110954285,I-PER,0.10176500678062439
1074.0,CD,I-NP,O,O,0.9993615746498108,O,0.9993615746498108,I-ORG,0.0003549391985870898,I-MISC,0.00020832651352975518
1104.8,CD,I-NP,O,O,0.9993109703063965,O,0.9993109703063965,I-ORG,0.00040599427302367985,I-MISC,0.00020321029296610504
178.0,CD,I-NP,O,O,0.9985724687576294,O,0.9985724687576294,I-ORG,0.0007601992692798376,I-MISC,0.0005182994063943624
2531.4,CD,I-NP,O,O,0.9999033212661743,O,0.9999033212661743,I-ORG,5.9628873714245856e-05,I-MISC,3.303052653791383e-05
1897.1,CD,I-NP,O,O,0.9985901713371277,O,0.9985901713371277,I-ORG,0.0008034007623791695,I-MISC,0.00042738323099911213
