0,1,2,3,predictions,confidence,pred_1,pred_1_confidence,pred_2,pred_2_confidence,pred_3,pred_3_confidence
Flax,NNP,B-NP,O,I-PER,0.2853776812553406,B-PER,0.2853776812553406,B-ORG,0.2187003344297409,I-PER,0.10847189277410507
165.2,CD,I-NP,O,O,0.9996329545974731,O,0.9996329545974731,I-ORG,0.0002109796623699367,I-MISC,0.00011829558934550732
181.9,CD,I-NP,O,O,0.9987590312957764,O,0.9987590312957764,I-ORG,0.0007101641385816038,I-MISC,0.00037483833148144186
14.9,CD,I-NP,O,O,0.9987727999687195,O,0.9987727999687195,I-ORG,0.0006728583830408752,I-MISC,0.0004405934305395931
231.4,CD,I-NP,O,O,0.9998874664306641,O,0.9998874664306641,I-ORG,6.634483725065365e-05,I-MISC,4.1171195334754884e-05
332.9,CD,I-NP,O,O,0.9998661279678345,O,0.9998661279678345,I-ORG,8.198228169931099e-05,I-MISC,4.562878893921152e-05
