0,1,2,3,predictions,confidence,pred_1,pred_1_confidence,pred_2,pred_2_confidence,pred_3,pred_3_confidence
Canola,NN,B-NP,O,B-LOC,0.3393057882785797,B-PER,0.3393057882785797,B-ORG,0.22180461883544922,B-LOC,0.18043284118175507
646.6,CD,I-NP,O,O,0.9999520778656006,O,0.9999520778656006,I-ORG,2.898592356359586e-05,I-MISC,1.692710429779254e-05
769.4,CD,I-NP,O,O,0.9999500513076782,O,0.9999500513076782,I-ORG,3.0580744351027533e-05,I-MISC,1.7494499843451194e-05
60.5,CD,I-NP,O,O,0.9999129772186279,O,0.9999129772186279,I-ORG,4.779805021826178e-05,I-MISC,3.630293576861732e-05
1902.0,CD,I-NP,O,O,0.9979087114334106,O,0.9979087114334106,I-ORG,0.0011259092716500163,I-MISC,0.0006887499475851655
2147.6,CD,I-NP,O,O,0.9997808337211609,O,0.9997808337211609,I-ORG,0.00013481029600370675,I-MISC,7.150529563659802e-05
