0,1,2,3,predictions,confidence,pred_1,pred_1_confidence,pred_2,pred_2_confidence,pred_3,pred_3_confidence
Total,JJ,B-NP,O,O,0.982282280921936,O,0.982282280921936,B-ORG,0.005671469494700432,I-ORG,0.003505997359752655
7785.8,CD,I-NP,O,O,0.9999736547470093,O,0.9999736547470093,I-ORG,1.573092959006317e-05,I-MISC,9.786007467482705e-06
7724.8,CD,I-NP,O,O,0.9999576807022095,O,0.9999576807022095,I-ORG,2.5641069441917352e-05,I-MISC,1.5437793990713544e-05
629.8,CD,I-NP,O,O,0.9999234676361084,O,0.9999234676361084,I-ORG,4.34897119703237e-05,I-MISC,3.057978756260127e-05
13050.2,CD,I-NP,O,O,0.9996293783187866,O,0.9996293783187866,I-ORG,0.00021985878993291408,I-MISC,0.00012620227062143385
11979.6,CD,I-NP,O,O,0.9991611242294312,O,0.9991611242294312,I-ORG,0.0004852584679611027,I-MISC,0.000269634067080915
