0,1,2,3,predictions,confidence,pred_1,pred_1_confidence,pred_2,pred_2_confidence,pred_3,pred_3_confidence
Exports,NNS,B-NP,O,O,0.842490017414093,O,0.842490017414093,B-ORG,0.05147431790828705,B-MISC,0.03077857568860054
Domestic,JJ,I-NP,O,B-ORG,0.21526283025741577,B-PER,0.21526283025741577,O,0.18229855597019196,B-ORG,0.17251940071582794
Disappearance,NN,I-NP,O,I-ORG,0.20941302180290222,B-ORG,0.20941302180290222,I-ORG,0.16855476796627045,B-PER,0.1506073921918869
