0,1,2,3,predictions,confidence,pred_1,pred_1_confidence,pred_2,pred_2_confidence,pred_3,pred_3_confidence
Wheat,NN,B-NP,O,O,0.27352768182754517,B-PER,0.27352768182754517,B-ORG,0.1820254921913147,O,0.1635059416294098
387.4,CD,I-NP,O,O,0.9999610185623169,O,0.9999610185623169,I-ORG,2.427514482405968e-05,I-MISC,1.2837162103096489e-05
4677.8,CD,I-NP,O,O,0.9999359846115112,O,0.9999359846115112,I-ORG,4.047796028316952e-05,I-MISC,2.075937118206639e-05
4553.6,CD,I-NP,O,O,0.9998990297317505,O,0.9998990297317505,I-ORG,6.40704674879089e-05,I-MISC,3.277315045124851e-05
55.2,CD,I-NP,O,O,0.9999070167541504,O,0.9999070167541504,I-ORG,5.270209658192471e-05,I-MISC,3.69820227206219e-05
1039.7,CD,I-NP,O,O,0.9992865920066833,O,0.9992865920066833,I-ORG,0.00041584731661714613,I-MISC,0.0002400036610197276
846.1,CD,I-NP,O,O,0.9996941089630127,O,0.9996941089630127,I-ORG,0.00017900900274980813,I-MISC,0.00010790348460432142
