0,1,2,3,predictions,confidence,pred_1,pred_1_confidence,pred_2,pred_2_confidence,pred_3,pred_3_confidence
Durum,NN,B-NP,O,B-ORG,0.289842426776886,B-PER,0.289842426776886,B-ORG,0.2549932599067688,B-LOC,0.0984572246670723
129.0,CD,B-NP,O,O,0.9985186457633972,O,0.9985186457633972,I-ORG,0.0007783708279021084,I-MISC,0.0004890091367997229
1515.9,CD,I-NP,O,O,0.9990707039833069,O,0.9990707039833069,I-ORG,0.0005733916768804193,I-MISC,0.0002521685673855245
1220.6,CD,I-NP,O,O,0.9988495111465454,O,0.9988495111465454,I-ORG,0.0006958578014746308,I-MISC,0.0003434605896472931
4.6,CD,I-NP,O,O,0.9998644590377808,O,0.9998644590377808,I-ORG,7.229774200823158e-05,I-MISC,5.821915692649782e-05
75.8,CD,I-NP,O,O,0.9999033212661743,O,0.9999033212661743,I-ORG,5.4045467550167814e-05,I-MISC,3.912507963832468e-05
73.3,CD,I-NP,O,O,0.9999264478683472,O,0.9999264478683472,I-ORG,3.982187627116218e-05,I-MISC,3.0822655389783904e-05
