0,1,2,3,predictions,confidence,pred_1,pred_1_confidence,pred_2,pred_2_confidence,pred_3,pred_3_confidence
Oats,NNP,B-NP,O,B-ORG,0.4738793671131134,B-ORG,0.4738793671131134,I-ORG,0.2091001719236374,O,0.11824513226747513
40.0,CD,I-NP,O,O,0.9998972415924072,O,0.9998972415924072,I-ORG,7.281034777406603e-05,I-MISC,2.6717287255451083e-05
561.0,CD,I-NP,O,O,0.9998776912689209,O,0.9998776912689209,I-ORG,6.978520104894415e-05,I-MISC,4.664915468310937e-05
391.9,CD,I-NP,O,O,0.9997671246528625,O,0.9997671246528625,I-ORG,0.00014430844748858362,I-MISC,7.47660524211824e-05
4.8,CD,I-NP,O,O,0.9998958110809326,O,0.9998958110809326,I-ORG,5.473956844070926e-05,I-MISC,4.5436216169036925e-05
149.6,CD,I-NP,O,O,0.9986151456832886,O,0.9986151456832886,I-ORG,0.0007742414600215852,I-MISC,0.0004628712486010045
115.0,CD,I-NP,O,O,0.9977454543113708,O,0.9977454543113708,I-ORG,0.0011448073200881481,I-MISC,0.0008019108790904284
