0,1,2,3,predictions,confidence,pred_1,pred_1_confidence,pred_2,pred_2_confidence,pred_3,pred_3_confidence
Rye,NNP,B-NP,O,O,0.22573745250701904,O,0.22573745250701904,B-PER,0.20820488035678864,B-ORG,0.18331564962863922
4.1,CD,I-NP,O,O,0.9999308586120605,O,0.9999308586120605,I-ORG,3.5593227948993444e-05,I-MISC,3.0068982596276328e-05
60.7,CD,I-NP,O,O,0.999950647354126,O,0.999950647354126,I-ORG,2.548800148360897e-05,I-MISC,2.2196141799213365e-05
57.9,CD,I-NP,O,O,0.9998795986175537,O,0.9998795986175537,I-ORG,6.658080383203924e-05,I-MISC,4.909739800496027e-05
3.0,CD,I-NP,O,O,0.999790370464325,O,0.999790370464325,I-MISC,0.00010217977251159027,I-ORG,9.92482018773444e-05
10.7,CD,I-NP,O,O,0.9990226030349731,O,0.9990226030349731,I-ORG,0.000505270145367831,I-MISC,0.000394773407606408
18.9,CD,I-NP,O,O,0.9979952573776245,O,0.9979952573776245,I-ORG,0.0010558465728536248,I-MISC,0.000719306175597012
