0,1,2,3,predictions,confidence,pred_1,pred_1_confidence,pred_2,pred_2_confidence,pred_3,pred_3_confidence
Flax,RB,B-NP,O,I-PER,0.27455177903175354,B-PER,0.27455177903175354,B-ORG,0.23109959065914154,I-PER,0.10469061136245728
7.2,CD,I-NP,O,O,0.9999622106552124,O,0.9999622106552124,I-ORG,2.0820385543629527e-05,I-MISC,1.544079350423999e-05
154.1,CD,I-NP,O,O,0.9991944432258606,O,0.9991944432258606,I-ORG,0.00047287714551202953,I-MISC,0.00025187726714648306
235.7,CD,I-NP,O,O,0.9998998641967773,O,0.9998998641967773,I-ORG,5.9441077610244974e-05,I-MISC,3.684994953800924e-05
1.1,CD,I-NP,O,O,0.9986170530319214,O,0.9986170530319214,I-ORG,0.0006871190271340311,I-MISC,0.0005830361624248326
22.2,CD,I-NP,O,O,0.9998688697814941,O,0.9998688697814941,I-ORG,7.387956429738551e-05,I-MISC,5.160271030035801e-05
15.7,CD,I-NP,O,O,0.9990069270133972,O,0.9990069270133972,I-ORG,0.0005088903708383441,I-MISC,0.0003961751062888652
