0,1,2,3,predictions,confidence,pred_1,pred_1_confidence,pred_2,pred_2_confidence,pred_3,pred_3_confidence
Canola,NNP,B-NP,O,B-LOC,0.3283367156982422,B-PER,0.3283367156982422,B-ORG,0.23574583232402802,B-LOC,0.17680738866329193
47.1,CD,I-NP,O,O,0.999933123588562,O,0.999933123588562,I-ORG,3.8991962355794385e-05,I-MISC,2.4555198251619004e-05
988.1,CD,I-NP,O,O,0.991321861743927,O,0.991321861743927,I-ORG,0.004409880377352238,I-MISC,0.0022409940138459206
1135.5,CD,I-NP,O,O,0.9989738464355469,O,0.9989738464355469,I-ORG,0.0006353231146931648,I-MISC,0.00028646213468164206
46.7,CD,I-NP,O,O,0.9999004602432251,O,0.9999004602432251,I-ORG,5.5235334002645686e-05,I-MISC,4.073233139934018e-05
894.9,CD,I-NP,O,O,0.9993740916252136,O,0.9993740916252136,I-ORG,0.000379543547751382,I-MISC,0.00019563824753277004
822.0,CD,I-NP,O,O,0.9994148015975952,O,0.9994148015975952,I-ORG,0.0003167188842780888,I-MISC,0.00022330482897814363
