0,1,2,3,predictions,confidence,pred_1,pred_1_confidence,pred_2,pred_2_confidence,pred_3,pred_3_confidence
Corn,NN,B-NP,O,B-LOC,0.3562621772289276,B-PER,0.3562621772289276,B-LOC,0.17184598743915558,I-PER,0.1668914556503296
4.4,CD,I-NP,O,O,0.9998418092727661,O,0.9998418092727661,I-ORG,8.895133942132816e-05,I-MISC,5.8393547078594565e-05
15.1,CD,I-NP,O,O,0.9986578226089478,O,0.9986578226089478,I-ORG,0.0008239629096351564,I-MISC,0.0004171821929048747
87.0,CD,I-NP,O,O,0.9995904564857483,O,0.9995904564857483,I-ORG,0.00024752275203354657,I-MISC,0.00014480097161140293
0.6,CD,I-NP,O,O,0.9998459815979004,O,0.9998459815979004,I-ORG,9.014902752824128e-05,I-MISC,6.004131864756346e-05
22.1,CD,I-NP,O,O,0.9997760653495789,O,0.9997760653495789,I-ORG,0.0001266798935830593,I-MISC,8.65312249516137e-05
11.1,CD,I-NP,O,O,0.9980022311210632,O,0.9980022311210632,I-ORG,0.0010348716750741005,I-MISC,0.0007279353449121118
