0,1,2,3,predictions,confidence,pred_1,pred_1_confidence,pred_2,pred_2_confidence,pred_3,pred_3_confidence
Exports,NNS,B-NP,O,O,0.8876636624336243,O,0.8876636624336243,B-ORG,0.03570575267076492,B-MISC,0.030337883159518242
"29,200",CD,I-NP,O,O,0.9999278783798218,O,0.9999278783798218,I-ORG,3.5761710023507476e-05,I-MISC,3.1769985071150586e-05
"17,200",CD,I-NP,O,O,0.9996606111526489,O,0.9996606111526489,I-MISC,0.00015910442743916065,I-ORG,0.00015421696298290044
"7,700",CD,I-NP,O,O,0.9999624490737915,O,0.9999624490737915,I-MISC,2.060380757029634e-05,I-ORG,1.5926567357382737e-05
100,CD,I-NP,O,O,0.9997394680976868,O,0.9997394680976868,I-MISC,0.00015010398055892438,I-ORG,9.727878932608292e-05
"59,400",CD,I-NP,O,O,0.9999092817306519,O,0.9999092817306519,I-ORG,4.7406421799678355e-05,I-MISC,3.6701487260870636e-05
