0,1,2,3,predictions,confidence,pred_1,pred_1_confidence,pred_2,pred_2_confidence,pred_3,pred_3_confidence
Year,NNP,B-NP,O,O,0.8704389929771423,O,0.8704389929771423,B-PER,0.05416904017329216,B-ORG,0.025520291179418564
Ago,NNP,I-NP,O,O,0.5532926321029663,O,0.5532926321029663,B-PER,0.19870223104953766,B-ORG,0.08490496128797531
"47,000",CD,I-NP,O,O,0.9999792575836182,O,0.9999792575836182,I-ORG,1.017602153297048e-05,I-MISC,9.524216693534981e-06
"24,300",CD,I-NP,O,O,0.9999496936798096,O,0.9999496936798096,I-ORG,2.5480443582637236e-05,I-MISC,2.2217465811991133e-05
"8,700",CD,I-NP,O,O,0.9998948574066162,O,0.9998948574066162,I-ORG,5.0116297643398866e-05,I-MISC,4.9298021622234955e-05
"8,200",CD,I-NP,O,O,0.9998440742492676,O,0.9998440742492676,I-ORG,7.62033014325425e-05,I-MISC,7.061076030367985e-05
"12,200",CD,I-NP,O,O,0.9990599751472473,O,0.9990599751472473,I-ORG,0.0004753179382532835,I-MISC,0.000351126363966614
