0,1,2,3,predictions,confidence,pred_1,pred_1_confidence,pred_2,pred_2_confidence,pred_3,pred_3_confidence
(,(,O,O,O,0.999144434928894,O,0.999144434928894,I-MISC,0.00027768994914367795,I-ORG,0.00026191878714598715
Chicago,NNP,B-NP,B-LOC,B-LOC,0.3483790457248688,B-LOC,0.3483790457248688,B-PER,0.27908432483673096,I-PER,0.25941818952560425
newsdesk,NN,I-NP,O,O,0.9900233149528503,O,0.9900233149528503,I-ORG,0.00408474775031209,I-MISC,0.0016923745861276984
312,CD,I-NP,O,O,0.9998257756233215,O,0.9998257756233215,I-ORG,9.00816303328611e-05,I-MISC,5.785718894912861e-05
408,CD,I-NP,O,O,0.9998445510864258,O,0.9998445510864258,I-ORG,7.103183452272788e-05,I-MISC,5.2604151278501377e-05
8720,CD,I-NP,O,O,0.9996720552444458,O,0.9996720552444458,I-ORG,0.00011367374827386811,I-MISC,9.890689398162067e-05
),),O,O,O,0.9997543692588806,O,0.9997543692588806,I-MISC,8.587334014009684e-05,I-ORG,8.072247874224558e-05
