0,1,2,3,predictions,confidence,pred_1,pred_1_confidence,pred_2,pred_2_confidence,pred_3,pred_3_confidence
NYMEX,NN,B-NP,B-ORG,O,0.8656759858131409,O,0.8656759858131409,B-ORG,0.05175679177045822,B-MISC,0.03386717289686203
natgas,NN,I-NP,O,O,0.9995284080505371,O,0.9995284080505371,I-MISC,0.00022735698439646512,I-ORG,0.00017057523655239493
ends,VBZ,B-VP,O,O,0.9987081289291382,O,0.9987081289291382,I-MISC,0.0007100453367456794,I-ORG,0.0003487057110760361
sharply,RB,I-VP,O,O,0.9999127388000488,O,0.9999127388000488,I-MISC,4.163921039435081e-05,I-ORG,3.657279012259096e-05
lower,VB,I-VP,O,O,0.9997414946556091,O,0.9997414946556091,I-MISC,0.0001119293156079948,I-ORG,9.868980123428628e-05
on,IN,B-PP,O,O,0.9997839331626892,O,0.9997839331626892,I-MISC,0.0001069216596079059,B-PER,5.0555565394461155e-05
weather,NN,B-NP,O,O,0.9999872446060181,O,0.9999872446060181,I-MISC,7.189347343228292e-06,I-ORG,4.100478236068739e-06
outlook,NN,I-NP,O,O,0.9981971383094788,O,0.9981971383094788,I-ORG,0.0007274271338246763,I-MISC,0.0004926944966427982
.,.,O,O,O,0.9999327659606934,O,0.9999327659606934,I-MISC,4.0263501432491466e-05,I-ORG,2.092262002406642e-05
