0,1,2,3,predictions,confidence,pred_1,pred_1_confidence,pred_2,pred_2_confidence,pred_3,pred_3_confidence
Feb,NN,B-NP,O,O,0.36011388897895813,O,0.36011388897895813,B-ORG,0.20616695284843445,I-ORG,0.1391436904668808
settled,VBD,B-VP,O,O,0.999723494052887,O,0.999723494052887,I-ORG,0.00017706389189697802,I-MISC,7.130760059226304e-05
down,RB,B-ADVP,O,O,0.998654842376709,O,0.998654842376709,I-ORG,0.0007525107939727604,I-MISC,0.0004205175209790468
22,CD,B-NP,O,O,0.9999970197677612,O,0.9999970197677612,I-MISC,1.543327243780368e-06,I-ORG,1.3780241943095461e-06
cents,NNS,I-NP,O,O,0.9999570846557617,O,0.9999570846557617,I-MISC,2.3943002815940417e-05,I-ORG,1.7151663996628486e-05
at,IN,B-PP,O,O,0.9989393353462219,O,0.9989393353462219,I-MISC,0.000696537783369422,I-ORG,0.00033852641354314983
$,$,B-NP,O,O,0.998626708984375,O,0.998626708984375,I-MISC,0.0007298861746676266,I-ORG,0.0005092563224025071
3.186,CD,I-NP,O,O,0.999943733215332,O,0.999943733215332,I-ORG,2.820293047989253e-05,I-MISC,2.637080615386367e-05
.,.,O,O,O,0.99982088804245,O,0.99982088804245,I-MISC,0.00010685557936085388,I-ORG,6.122620834503323e-05
