0,1,2,3,predictions,confidence,pred_1,pred_1_confidence,pred_2,pred_2_confidence,pred_3,pred_3_confidence
Most,JJS,B-NP,O,O,0.4051053822040558,O,0.4051053822040558,B-PER,0.24330762028694153,I-MISC,0.09830710291862488
others,NNS,I-NP,O,O,0.9996873140335083,O,0.9996873140335083,I-MISC,0.00015336833894252777,I-ORG,0.00010345662303734571
also,RB,B-ADVP,O,O,0.999627947807312,O,0.999627947807312,I-MISC,0.00021260595531202853,I-ORG,0.00014068606833461672
were,VBD,B-VP,O,O,0.9999672174453735,O,0.9999672174453735,I-MISC,1.9654311472550035e-05,I-ORG,1.186678036901867e-05
down,RB,B-ADVP,O,O,0.9977074861526489,O,0.9977074861526489,I-MISC,0.001062126480974257,I-ORG,0.0009485376649536192
.,.,O,O,O,0.9998494386672974,O,0.9998494386672974,I-MISC,9.10809903871268e-05,I-ORG,5.031333057559095e-05
