0,1,2,3,predictions,confidence,pred_1,pred_1_confidence,pred_2,pred_2_confidence,pred_3,pred_3_confidence
--,:,O,O,O,0.9999387264251709,O,0.9999387264251709,I-ORG,2.926895467680879e-05,I-MISC,2.7570575184654444e-05
H,NNP,B-NP,B-PER,B-ORG,0.32215240597724915,B-ORG,0.32215240597724915,I-ORG,0.16869422793388367,B-LOC,0.10246481746435165
McCulloch,NNP,I-NP,I-PER,I-ORG,0.3076467514038086,B-ORG,0.3076467514038086,B-LOC,0.19914065301418304,I-ORG,0.13430237770080566
",",",",O,O,O,0.9972967505455017,O,0.9972967505455017,I-ORG,0.0017852174350991845,I-MISC,0.000691124121658504
New,NNP,B-NP,B-ORG,B-ORG,0.45391160249710083,B-ORG,0.45391160249710083,I-ORG,0.27218014001846313,B-LOC,0.11135721951723099
York,NNP,I-NP,I-ORG,I-ORG,0.5329158306121826,B-ORG,0.5329158306121826,I-ORG,0.3396259546279907,I-LOC,0.0421719066798687
Power,NNP,I-NP,I-ORG,I-ORG,0.5528921484947205,B-ORG,0.5528921484947205,I-ORG,0.38845813274383545,I-MISC,0.02353958785533905
Desk,NNP,I-NP,I-ORG,I-ORG,0.49044451117515564,B-ORG,0.49044451117515564,I-ORG,0.3646983504295349,I-MISC,0.06357677280902863
+212-859-1628,CD,I-NP,O,O,0.9970075488090515,O,0.9970075488090515,I-ORG,0.0017180287977680564,I-MISC,0.0010858033783733845
