0,1,2,3,predictions,confidence,pred_1,pred_1_confidence,pred_2,pred_2_confidence,pred_3,pred_3_confidence
ST.,NNP,B-NP,B-LOC,B-LOC,0.25414302945137024,B-LOC,0.25414302945137024,B-ORG,0.2154354453086853,B-PER,0.1757892668247223
LOUIS,NNPS,I-NP,I-LOC,I-LOC,0.41101935505867004,B-LOC,0.41101935505867004,B-ORG,0.2894577383995056,I-LOC,0.0977175384759903
1996-12-06,CD,I-NP,O,O,0.9980552196502686,O,0.9980552196502686,I-ORG,0.0011319768382236362,I-MISC,0.0005804277025163174
