0,1,2,3,predictions,confidence,pred_1,pred_1_confidence,pred_2,pred_2_confidence,pred_3,pred_3_confidence
No,DT,B-NP,O,O,0.8294850587844849,O,0.8294850587844849,B-ORG,0.06245194375514984,I-MISC,0.03883901238441467
barges,NNS,I-NP,O,O,0.9997199177742004,O,0.9997199177742004,I-ORG,0.00020193758246023208,I-MISC,7.079413626343012e-05
traded,VBD,B-VP,O,O,0.9983674883842468,O,0.9983674883842468,I-ORG,0.0012216753093525767,I-MISC,0.00034038201556541026
versus,IN,B-PP,O,O,0.9990869760513306,O,0.9990869760513306,I-ORG,0.000674394890666008,I-MISC,0.00017069661407731473
no,DT,B-NP,O,O,0.9983692765235901,O,0.9983692765235901,I-MISC,0.0009079290321096778,I-ORG,0.0006079781451262534
trades,VBZ,B-VP,O,O,0.9996927976608276,O,0.9996927976608276,I-ORG,0.00015920199803076684,I-MISC,0.00012859342677984387
Thursday,NNP,B-NP,O,O,0.929874062538147,O,0.929874062538147,I-ORG,0.028058670461177826,I-MISC,0.0161280520260334
.,.,O,O,O,0.9997915625572205,O,0.9997915625572205,I-MISC,0.00011723878560587764,I-ORG,7.594053022330627e-05
