0,1,2,3,predictions,confidence,pred_1,pred_1_confidence,pred_2,pred_2_confidence,pred_3,pred_3_confidence
--,:,B-NP,O,O,0.9999421834945679,O,0.9999421834945679,I-MISC,2.9587617973447777e-05,I-ORG,1.8954649931401946e-05
Chicago,NNP,I-NP,B-LOC,B-LOC,0.32458826899528503,B-LOC,0.32458826899528503,B-PER,0.2900124192237854,I-PER,0.18975867331027985
newsdesk,NN,I-NP,O,O,0.9925866723060608,O,0.9925866723060608,I-ORG,0.0035333759151399136,I-MISC,0.001959657995030284
312-408,CD,B-NP,O,O,0.9998383522033691,O,0.9998383522033691,I-ORG,9.768279414856806e-05,I-MISC,5.4794556490378454e-05
8720,CD,I-NP,O,O,0.9995087385177612,O,0.9995087385177612,I-ORG,0.0002353849558858201,I-MISC,0.0002193024702137336
