0,1,2,3,predictions,confidence,pred_1,pred_1_confidence,pred_2,pred_2_confidence,pred_3,pred_3_confidence
CBOT,NNP,B-NP,B-ORG,O,0.46834176778793335,O,0.46834176778793335,B-ORG,0.18314363062381744,I-MISC,0.1216905415058136
grain,NN,I-NP,O,O,0.9998904466629028,O,0.9998904466629028,I-MISC,6.623416265938431e-05,I-ORG,2.706768827920314e-05
/,SYM,O,O,O,0.9928834438323975,O,0.9928834438323975,I-MISC,0.0026821098290383816,I-ORG,0.0016367544885724783
oilseed,VBN,B-NP,O,O,0.9992584586143494,O,0.9992584586143494,I-ORG,0.00037792729563079774,I-MISC,0.00019997358322143555
receipts,NNS,I-NP,O,O,0.9999231100082397,O,0.9999231100082397,I-ORG,4.272860678611323e-05,I-MISC,2.8403568649082445e-05
and,CC,I-NP,O,O,0.9990822076797485,O,0.9990822076797485,I-MISC,0.00046767370076850057,I-ORG,0.00039213726995512843
shipments,NNS,I-NP,O,O,0.9998202919960022,O,0.9998202919960022,I-ORG,9.643708472140133e-05,I-MISC,7.204587745945901e-05
.,.,O,O,O,0.9998002648353577,O,0.9998002648353577,I-MISC,0.00010973506141453981,I-ORG,7.324327452806756e-05
