0,1,2,3,predictions,confidence,pred_1,pred_1_confidence,pred_2,pred_2_confidence,pred_3,pred_3_confidence
Receipts,NNPS,B-NP,O,O,0.30473724007606506,O,0.30473724007606506,B-ORG,0.189958855509758,B-PER,0.16562646627426147
Shipments,NNS,I-NP,O,O,0.4071481227874756,O,0.4071481227874756,B-ORG,0.17177151143550873,I-ORG,0.12039857357740402
Wheat,NN,B-NP,O,B-PER,0.2903728187084198,B-PER,0.2903728187084198,O,0.1316407024860382,B-ORG,0.12062061578035355
