0,1,2,3,predictions,confidence,pred_1,pred_1_confidence,pred_2,pred_2_confidence,pred_3,pred_3_confidence
Toledo,NNP,B-NP,B-LOC,B-ORG,0.6305626630783081,B-ORG,0.6305626630783081,I-ORG,0.18717628717422485,O,0.10339399427175522
"61,514",CD,I-NP,O,O,0.9998984336853027,O,0.9998984336853027,I-ORG,9.107625373871997e-05,I-MISC,5.932894509896869e-06
0,CD,I-NP,O,O,0.9999353885650635,O,0.9999353885650635,I-ORG,4.141014869674109e-05,I-MISC,1.918180896609556e-05
