0,1,2,3,predictions,confidence,pred_1,pred_1_confidence,pred_2,pred_2_confidence,pred_3,pred_3_confidence
Chicago,NNP,B-NP,B-LOC,B-ORG,0.8830617666244507,B-ORG,0.8830617666244507,I-ORG,0.10690554231405258,O,0.004264567047357559
0,CD,I-NP,O,O,0.9998911619186401,O,0.9998911619186401,I-ORG,8.721087942831218e-05,B-ORG,1.1012356480932795e-05
0,CD,I-NP,O,O,0.9998741149902344,O,0.9998741149902344,I-ORG,7.807288784533739e-05,I-MISC,4.133422771701589e-05
