0,1,2,3,predictions,confidence,pred_1,pred_1_confidence,pred_2,pred_2_confidence,pred_3,pred_3_confidence
Corn,NN,B-NP,O,B-ORG,0.5847423672676086,B-ORG,0.5847423672676086,I-ORG,0.14096586406230927,B-PER,0.08315078914165497
Chicago,NNP,B-NP,B-LOC,I-ORG,0.7194139361381531,B-ORG,0.7194139361381531,I-ORG,0.16555890440940857,B-PER,0.026771305128932
"78,056",CD,I-NP,O,O,0.999822199344635,O,0.999822199344635,I-ORG,0.0001609124446986243,I-MISC,1.111450546886772e-05
0,CD,I-NP,O,O,0.9999232292175293,O,0.9999232292175293,I-ORG,4.964453910361044e-05,I-MISC,2.2648846424999647e-05
