0,1,2,3,predictions,confidence,pred_1,pred_1_confidence,pred_2,pred_2_confidence,pred_3,pred_3_confidence
St.,NNP,B-NP,B-LOC,B-ORG,0.5316614508628845,B-ORG,0.5316614508628845,I-ORG,0.23516923189163208,B-LOC,0.05472191795706749
Louis,NNP,I-NP,I-LOC,I-ORG,0.3468475043773651,B-ORG,0.3468475043773651,I-ORG,0.3407333195209503,I-MISC,0.09949573129415512
"217,092",NNS,I-NP,O,O,0.9993576407432556,O,0.9993576407432556,I-ORG,0.00042539232526905835,I-MISC,0.0001930711296154186
"75,810",RB,I-NP,O,O,0.9995824694633484,O,0.9995824694633484,I-ORG,0.00024863510043360293,I-MISC,0.00015392500790767372
