0,1,2,3,predictions,confidence,pred_1,pred_1_confidence,pred_2,pred_2_confidence,pred_3,pred_3_confidence
Toledo,NNP,B-NP,B-LOC,O,0.25469085574150085,O,0.25469085574150085,B-PER,0.19551552832126617,B-ORG,0.1822015345096588
"285,505",CD,I-NP,O,O,0.9999462366104126,O,0.9999462366104126,I-ORG,3.1839237635722384e-05,I-MISC,1.8579386960482225e-05
"561,287",CD,I-NP,O,O,0.9999570846557617,O,0.9999570846557617,I-ORG,2.5301998903159983e-05,I-MISC,1.53430737555027e-05
