0,1,2,3,predictions,confidence,pred_1,pred_1_confidence,pred_2,pred_2_confidence,pred_3,pred_3_confidence
Minneapolis,NNS,B-NP,B-LOC,O,0.2521049380302429,B-ORG,0.2521049380302429,B-PER,0.228335902094841,I-ORG,0.12790684401988983
"306,364",CD,I-NP,O,O,0.9999765157699585,O,0.9999765157699585,I-ORG,1.429368512617657e-05,I-MISC,7.974608706717845e-06
"153,231",CD,I-NP,O,O,0.9994781613349915,O,0.9994781613349915,I-ORG,0.00029508990701287985,I-MISC,0.000158721100888215
