0,1,2,3,predictions,confidence,pred_1,pred_1_confidence,pred_2,pred_2_confidence,pred_3,pred_3_confidence
Oats,NNP,B-NP,O,B-ORG,0.7582470774650574,B-ORG,0.7582470774650574,I-ORG,0.18318521976470947,O,0.026926614344120026
Chicago,NNP,B-NP,B-LOC,I-ORG,0.864758312702179,B-ORG,0.864758312702179,I-ORG,0.12444045394659042,O,0.004701219033449888
0,CD,I-NP,O,O,0.9998719692230225,O,0.9998719692230225,I-ORG,0.00010359945008531213,I-MISC,1.211490871355636e-05
0,CD,I-NP,O,O,0.9998492002487183,O,0.9998492002487183,I-ORG,9.43105696933344e-05,I-MISC,4.905411333311349e-05
