0,1,2,3,predictions,confidence,pred_1,pred_1_confidence,pred_2,pred_2_confidence,pred_3,pred_3_confidence
Soybeans,NNS,B-NP,O,B-PER,0.2330395132303238,B-ORG,0.2330395132303238,B-PER,0.14625565707683563,B-MISC,0.14312760531902313
Chicago,NNP,B-NP,B-LOC,I-PER,0.30091392993927,B-PER,0.30091392993927,B-ORG,0.22071422636508942,I-PER,0.11679372936487198
"8,674",CD,I-NP,O,O,0.9999141693115234,O,0.9999141693115234,I-ORG,4.7380166506627575e-05,I-MISC,3.3690423151711e-05
"484,018",CD,I-NP,O,O,0.9999185800552368,O,0.9999185800552368,I-ORG,5.0071717851096764e-05,I-MISC,2.686802326934412e-05
