0,1,2,3,predictions,confidence,pred_1,pred_1_confidence,pred_2,pred_2_confidence,pred_3,pred_3_confidence
Toledo,NNP,B-NP,B-LOC,O,0.25469085574150085,O,0.25469085574150085,B-PER,0.19551552832126617,B-ORG,0.1822015345096588
"64,334",CD,I-NP,O,O,0.9999762773513794,O,0.9999762773513794,I-ORG,1.3639686585520394e-05,I-MISC,8.789964340394363e-06
"160,476",CD,I-NP,O,O,0.9995668530464172,O,0.9995668530464172,I-ORG,0.00024171193945221603,I-MISC,0.00014303583884611726
