0,1,2,3,predictions,confidence,pred_1,pred_1_confidence,pred_2,pred_2_confidence,pred_3,pred_3_confidence
St.,NNP,B-NP,B-LOC,B-ORG,0.5316614508628845,B-ORG,0.5316614508628845,I-ORG,0.23516923189163208,B-LOC,0.05472191795706749
Louis,NNP,I-NP,I-LOC,I-ORG,0.3468475043773651,B-ORG,0.3468475043773651,I-ORG,0.3407333195209503,I-MISC,0.09949573129415512
"253,821",CD,I-NP,O,O,0.9993578791618347,O,0.9993578791618347,I-ORG,0.00041787634836509824,I-MISC,0.00020163992303423584
"223,172",CD,I-NP,O,O,0.9996034502983093,O,0.9996034502983093,I-ORG,0.0002533818769734353,I-MISC,0.00012876502296421677
