0,1,2,3,predictions,confidence,pred_1,pred_1_confidence,pred_2,pred_2_confidence,pred_3,pred_3_confidence
(,(,O,O,O,0.9993045330047607,O,0.9993045330047607,I-ORG,0.00038077207864262164,I-MISC,0.00023250438971444964
(,(,O,O,O,0.9981369972229004,O,0.9981369972229004,I-ORG,0.0012682288652285933,I-MISC,0.00048192738904617727
Chicago,NNP,B-NP,B-ORG,B-ORG,0.5297103524208069,B-ORG,0.5297103524208069,I-ORG,0.25861239433288574,I-PER,0.044859036803245544
Newsdesk,NNP,I-NP,I-ORG,I-ORG,0.3122726380825043,B-ORG,0.3122726380825043,I-ORG,0.3115047514438629,B-MISC,0.07203840464353561
312-408-8720,CD,I-NP,O,O,0.9983585476875305,O,0.9983585476875305,I-ORG,0.0008675014250911772,I-MISC,0.0005484340945258737
),),O,O,O,0.9977914094924927,O,0.9977914094924927,I-MISC,0.0008240544120781124,I-ORG,0.0007681240676902235
),),O,O,O,0.9992916584014893,O,0.9992916584014893,I-MISC,0.0002933123323600739,I-ORG,0.00026730188983492553
