0,1,2,3,predictions,confidence,pred_1,pred_1_confidence,pred_2,pred_2_confidence,pred_3,pred_3_confidence
Action,NNP,B-NP,O,B-ORG,0.42522576451301575,B-ORG,0.42522576451301575,I-ORG,0.2054707258939743,B-MISC,0.10526229441165924
Performance,NNP,I-NP,O,I-ORG,0.28388890624046326,B-ORG,0.28388890624046326,I-ORG,0.23699510097503662,O,0.16684545576572418
to,TO,B-VP,O,O,0.9972696900367737,O,0.9972696900367737,I-ORG,0.0013399332528933883,I-MISC,0.0012293756008148193
acquire,VB,I-VP,O,O,0.9992830157279968,O,0.9992830157279968,I-ORG,0.000406433071475476,I-MISC,0.000280365435173735
firms,NNS,B-NP,O,O,0.9986473917961121,O,0.9986473917961121,I-ORG,0.0006911650416441262,I-MISC,0.0005587041960097849
.,.,O,O,O,0.9995762705802917,O,0.9995762705802917,I-MISC,0.0002298530744155869,I-ORG,0.00016419278108514845
