0,1,2,3,predictions,confidence,pred_1,pred_1_confidence,pred_2,pred_2_confidence,pred_3,pred_3_confidence
TEMPE,NNP,B-NP,B-LOC,B-LOC,0.2786303162574768,B-ORG,0.2786303162574768,B-LOC,0.25682851672172546,O,0.13974735140800476
",",",",O,O,O,0.9997057318687439,O,0.9997057318687439,I-MISC,0.00014686105714645237,I-ORG,0.00010654799552867189
Ariz,NNP,B-NP,B-LOC,B-LOC,0.414235919713974,B-PER,0.414235919713974,B-ORG,0.14662310481071472,B-LOC,0.1280655711889267
.,.,O,O,O,0.9998806715011597,O,0.9998806715011597,I-MISC,6.066860805731267e-05,I-ORG,4.281698420527391e-05
