0,1,2,3,predictions,confidence,pred_1,pred_1_confidence,pred_2,pred_2_confidence,pred_3,pred_3_confidence
Reported,VBN,B-NP,O,O,0.3303908705711365,B-ORG,0.3303908705711365,O,0.26262766122817993,I-ORG,0.1251714527606964
sales,NNS,I-NP,O,O,0.999666690826416,O,0.999666690826416,I-ORG,0.00017557665705680847,I-MISC,0.0001275137037737295
for,IN,B-PP,O,O,0.9993964433670044,O,0.9993964433670044,I-ORG,0.0002956313837785274,I-MISC,0.0002730034466367215
Fri-,NNP,B-NP,O,O,0.3019886314868927,O,0.3019886314868927,I-ORG,0.19485683739185333,I-MISC,0.13823269307613373
None,NN,I-NP,O,B-LOC,0.17957697808742523,I-ORG,0.17957697808742523,I-MISC,0.16529569029808044,B-ORG,0.15623795986175537
.,.,O,O,O,0.9996175765991211,O,0.9996175765991211,I-MISC,0.00020746083464473486,I-ORG,0.00014813242887612432
