0,1,2,3,predictions,confidence,pred_1,pred_1_confidence,pred_2,pred_2_confidence,pred_3,pred_3_confidence
Nebraska,NN,B-NP,B-LOC,B-LOC,0.5022066831588745,B-LOC,0.5022066831588745,B-PER,0.20215760171413422,B-ORG,0.0883893296122551
fed,VBN,B-VP,O,O,0.9991963505744934,O,0.9991963505744934,I-ORG,0.00040063081542029977,I-MISC,0.00033853662898764014
cattle,NNS,B-NP,O,O,0.9999254941940308,O,0.9999254941940308,I-ORG,5.938061440247111e-05,I-MISC,9.901810699375346e-06
roundup,VBP,B-VP,O,O,0.9997133612632751,O,0.9997133612632751,I-ORG,0.0002036190708167851,I-MISC,5.5474458349635825e-05
-,:,O,O,O,0.9980263113975525,O,0.9980263113975525,I-ORG,0.0014313629362732172,I-MISC,0.00038529938319697976
USDA,NNP,B-NP,B-ORG,B-ORG,0.7951558828353882,B-ORG,0.7951558828353882,I-ORG,0.07728511095046997,B-MISC,0.03858218342065811
.,.,O,O,O,0.999859094619751,O,0.999859094619751,I-MISC,6.504010525532067e-05,I-ORG,4.910257121082395e-05
