0,1,2,3,predictions,confidence,pred_1,pred_1_confidence,pred_2,pred_2_confidence,pred_3,pred_3_confidence
Demand,NN,B-NP,O,I-PER,0.3782307505607605,B-PER,0.3782307505607605,B-ORG,0.1423826366662979,I-PER,0.10167006403207779
limited,JJ,I-NP,O,O,0.9997251629829407,O,0.9997251629829407,I-ORG,0.00014213444956112653,I-MISC,9.974488784791902e-05
.,.,O,O,O,0.9998317956924438,O,0.9998317956924438,I-MISC,9.228677663486451e-05,I-ORG,6.043339817551896e-05
