0,1,2,3,predictions,confidence,pred_1,pred_1_confidence,pred_2,pred_2_confidence,pred_3,pred_3_confidence
Seller,JJR,B-NP,O,O,0.27726349234580994,O,0.27726349234580994,B-ORG,0.23596100509166718,B-PER,0.17628885805606842
interest,NN,I-NP,O,O,0.9998880624771118,O,0.9998880624771118,I-ORG,6.401571590686217e-05,I-MISC,3.70331690646708e-05
light,NN,I-NP,O,O,0.9997003078460693,O,0.9997003078460693,I-ORG,0.00013702726573683321,I-MISC,0.00013041308557149023
.,.,O,O,O,0.9998194575309753,O,0.9998194575309753,I-MISC,9.945915371645242e-05,I-ORG,6.527556979563087e-05
