0,1,2,3,predictions,confidence,pred_1,pred_1_confidence,pred_2,pred_2_confidence,pred_3,pred_3_confidence
Evelyn,NNP,B-NP,B-PER,B-PER,0.29991114139556885,B-PER,0.29991114139556885,B-ORG,0.18781678378582,I-PER,0.18405747413635254
Leopold,NNP,I-NP,I-PER,I-PER,0.3002583980560303,B-PER,0.3002583980560303,I-PER,0.18139709532260895,B-LOC,0.1632399559020996
UNITED,NNP,B-NP,B-ORG,B-LOC,0.49544334411621094,B-LOC,0.49544334411621094,B-ORG,0.21790894865989685,I-LOC,0.06383886188268661
NATIONS,NNS,I-NP,I-ORG,I-LOC,0.4464557468891144,B-ORG,0.4464557468891144,B-LOC,0.19246381521224976,I-ORG,0.13408906757831573
1996-12-06,CD,I-NP,O,O,0.9978818297386169,O,0.9978818297386169,I-ORG,0.001250788220204413,I-MISC,0.0006404889863915741
