0,1,2,3,predictions,confidence,pred_1,pred_1_confidence,pred_2,pred_2_confidence,pred_3,pred_3_confidence
Mussolini,NNP,B-NP,B-PER,B-ORG,0.35864076018333435,B-ORG,0.35864076018333435,B-MISC,0.15164683759212494,B-PER,0.146212637424469
's,POS,B-NP,O,O,0.9968771934509277,O,0.9968771934509277,I-ORG,0.00145412003621459,I-MISC,0.0013041733764111996
granddaughter,NN,I-NP,O,O,0.9995965361595154,O,0.9995965361595154,I-ORG,0.0002444530255161226,I-MISC,0.00013835456047672778
rejoins,NNS,I-NP,O,O,0.9989668130874634,O,0.9989668130874634,I-ORG,0.0007058201008476317,I-MISC,0.000264531874563545
far-right,JJ,I-NP,O,O,0.9991773962974548,O,0.9991773962974548,I-ORG,0.0005908911116421223,I-MISC,0.00017419281357433647
party,NN,I-NP,O,O,0.9996861219406128,O,0.9996861219406128,I-ORG,0.0002239752939203754,I-MISC,7.339208241319284e-05
.,.,O,O,O,0.9997923970222473,O,0.9997923970222473,I-MISC,0.00011272431584075093,I-ORG,7.760702283121645e-05
