0,1,2,3,predictions,confidence,pred_1,pred_1_confidence,pred_2,pred_2_confidence,pred_3,pred_3_confidence
German,NNP,B-NP,B-MISC,B-MISC,0.6559284925460815,B-MISC,0.6559284925460815,B-PER,0.09556786715984344,I-MISC,0.09270304441452026
Santa,NNP,I-NP,B-PER,I-MISC,0.2707865536212921,B-PER,0.2707865536212921,B-LOC,0.2000151425600052,B-ORG,0.13589459657669067
in,IN,B-PP,O,O,0.9982624650001526,O,0.9982624650001526,I-MISC,0.00110986502841115,I-ORG,0.0004791126411873847
bank,NN,B-NP,O,O,0.999427080154419,O,0.999427080154419,I-MISC,0.0003415742248762399,I-ORG,0.00021062238374724984
nearly,RB,B-ADVP,O,O,0.9966488480567932,O,0.9966488480567932,I-ORG,0.0017973585054278374,I-MISC,0.0011394082102924585
gets,VBZ,B-VP,O,O,0.9985357522964478,O,0.9985357522964478,I-MISC,0.0007882226491346955,I-ORG,0.0005054951761849225
arrested,VBN,I-VP,O,O,0.999264657497406,O,0.999264657497406,I-ORG,0.0003161321219522506,I-MISC,0.0003064720949623734
.,.,O,O,O,0.9996720552444458,O,0.9996720552444458,I-MISC,0.00017400551587343216,I-ORG,0.00012459118443075567
