0,1,2,3,predictions,confidence,pred_1,pred_1_confidence,pred_2,pred_2_confidence,pred_3,pred_3_confidence
HANOVER,NNP,B-NP,B-LOC,B-LOC,0.6324874758720398,B-LOC,0.6324874758720398,B-PER,0.2180355191230774,I-PER,0.0530037060379982
",",",",O,O,O,0.9990278482437134,O,0.9990278482437134,I-MISC,0.00023938427329994738,I-ORG,0.00021825266594532877
Germany,NNP,B-NP,B-LOC,B-LOC,0.5694746971130371,B-LOC,0.5694746971130371,B-PER,0.171615332365036,I-PER,0.12484584748744965
1996-12-06,CD,I-NP,O,O,0.9982572197914124,O,0.9982572197914124,I-ORG,0.0009732167818583548,I-MISC,0.00044479037751443684
