0,1,2,3,predictions,confidence,pred_1,pred_1_confidence,pred_2,pred_2_confidence,pred_3,pred_3_confidence
Italy,NN,B-NP,B-LOC,O,0.5854189991950989,O,0.5854189991950989,B-PER,0.12068019807338715,B-MISC,0.09519526362419128
commission,NN,I-NP,O,O,0.9999713897705078,O,0.9999713897705078,I-MISC,1.7955448129214346e-05,I-ORG,6.1894443206256256e-06
concludes,VBZ,B-VP,O,O,0.9999769926071167,O,0.9999769926071167,I-MISC,1.2708575013675727e-05,I-ORG,8.740225894143805e-06
1997,CD,B-NP,O,O,0.9999743700027466,O,0.9999743700027466,I-MISC,1.7340791600872763e-05,I-ORG,6.233017757040216e-06
budget,NN,I-NP,O,O,0.9999983310699463,O,0.9999983310699463,I-MISC,8.202752042052452e-07,I-ORG,6.999758284109703e-07
examination,NN,I-NP,O,O,0.9972374439239502,O,0.9972374439239502,I-ORG,0.0010730891954153776,I-MISC,0.000943527149502188
.,.,O,O,O,0.9999431371688843,O,0.9999431371688843,I-MISC,3.5714951081899926e-05,I-ORG,1.643831819819752e-05
