0,1,2,3,predictions,confidence,pred_1,pred_1_confidence,pred_2,pred_2_confidence,pred_3,pred_3_confidence
--,:,B-NP,O,O,0.9999567270278931,O,0.9999567270278931,I-ORG,2.436905197100714e-05,I-MISC,1.7580799976713024e-05
Milan,NNP,I-NP,B-LOC,B-ORG,0.5539548993110657,B-ORG,0.5539548993110657,I-ORG,0.2720454931259155,B-MISC,0.07978533208370209
newsroom,NN,I-NP,O,O,0.9929653406143188,O,0.9929653406143188,I-ORG,0.004666040651500225,I-MISC,0.0015942463651299477
+392,CD,B-NP,O,O,0.9992527365684509,O,0.9992527365684509,I-ORG,0.00040463771438226104,I-MISC,0.00030004221480339766
66129502,CD,I-NP,O,O,0.9999173879623413,O,0.9999173879623413,I-ORG,5.054866778664291e-05,I-MISC,2.9153166906326078e-05
