0,1,2,3,predictions,confidence,pred_1,pred_1_confidence,pred_2,pred_2_confidence,pred_3,pred_3_confidence
EU,RB,B-ADVP,B-ORG,B-ORG,0.6658713221549988,B-ORG,0.6658713221549988,I-ORG,0.07612517476081848,B-MISC,0.06789269298315048
",",",",O,O,O,0.999319314956665,O,0.999319314956665,I-MISC,0.00021827014279551804,I-ORG,0.000177900365088135
Poland,NNP,B-NP,B-LOC,B-LOC,0.3923289179801941,B-LOC,0.3923289179801941,B-PER,0.3657161295413971,I-PER,0.16384398937225342
agree,VBP,B-VP,O,O,0.9997628331184387,O,0.9997628331184387,I-MISC,9.30463065742515e-05,I-ORG,7.243213622132316e-05
on,IN,B-PP,O,O,0.9995960593223572,O,0.9995960593223572,B-PER,0.00018096734129358083,I-MISC,0.00011107633326901123
oil,NN,B-NP,O,O,0.9999145269393921,O,0.9999145269393921,I-MISC,3.916255082003772e-05,B-PER,2.9462515158229508e-05
import,NN,I-NP,O,O,0.9999834299087524,O,0.9999834299087524,I-MISC,9.639401469030418e-06,I-ORG,5.207933554629562e-06
tariffs,NNS,I-NP,O,O,0.9999374151229858,O,0.9999374151229858,I-ORG,2.9525268473662436e-05,I-MISC,2.80661006399896e-05
.,.,O,O,O,0.9999116659164429,O,0.9999116659164429,I-MISC,5.1449194870656356e-05,I-ORG,2.92656768579036e-05
