0,1,2,3,predictions,confidence,pred_1,pred_1_confidence,pred_2,pred_2_confidence,pred_3,pred_3_confidence
Hindu,NNP,B-NP,B-MISC,B-ORG,0.5170618891716003,B-ORG,0.5170618891716003,I-ORG,0.17926670610904694,O,0.10190190374851227
party,NN,I-NP,O,O,0.9998687505722046,O,0.9998687505722046,I-ORG,0.00010111532174050808,I-MISC,1.9340921426191926e-05
forces,VBZ,B-VP,O,O,0.9999175071716309,O,0.9999175071716309,I-ORG,4.988259024685249e-05,I-MISC,2.6220404834020883e-05
India,NNP,B-NP,B-LOC,B-LOC,0.47803130745887756,B-LOC,0.47803130745887756,B-ORG,0.13259083032608032,I-ORG,0.10364591330289841
parliament,NN,I-NP,O,O,0.9999595880508423,O,0.9999595880508423,I-ORG,2.4376628061872907e-05,I-MISC,1.2920773770019878e-05
to,TO,B-VP,O,O,0.9990624785423279,O,0.9990624785423279,I-MISC,0.00047869040281511843,I-ORG,0.0004064497770741582
adjourn,VB,I-VP,O,O,0.9991158843040466,O,0.9991158843040466,I-ORG,0.00044118909863755107,I-MISC,0.00035630958154797554
.,.,O,O,O,0.9997730851173401,O,0.9997730851173401,I-MISC,0.00012838539259973913,I-ORG,8.266179065685719e-05
