0,1,2,3,predictions,confidence,pred_1,pred_1_confidence,pred_2,pred_2_confidence,pred_3,pred_3_confidence
NEW,JJ,B-NP,B-LOC,O,0.4243299663066864,B-ORG,0.4243299663066864,O,0.14384019374847412,B-LOC,0.14087486267089844
DELHI,NNPS,I-NP,I-LOC,B-LOC,0.40974414348602295,B-ORG,0.40974414348602295,B-LOC,0.16750073432922363,O,0.10357874631881714
1996-12-06,CD,I-NP,O,O,0.9995133876800537,O,0.9995133876800537,I-ORG,0.0002675321011338383,I-MISC,0.00015464547323063016
