0,1,2,3,predictions,confidence,pred_1,pred_1_confidence,pred_2,pred_2_confidence,pred_3,pred_3_confidence
STEEL,NNP,B-NP,O,O,0.7552116513252258,O,0.7552116513252258,B-ORG,0.10805352032184601,I-MISC,0.05021302402019501
OUTPUT,NNP,I-NP,O,O,0.3930414319038391,O,0.3930414319038391,B-ORG,0.2368791401386261,B-LOC,0.1421375423669815
Sept,NNP,I-NP,O,O,0.46273544430732727,O,0.46273544430732727,B-PER,0.15095125138759613,B-ORG,0.1085716038942337
Sept,NNP,I-NP,O,O,0.37519070506095886,O,0.37519070506095886,B-PER,0.14951524138450623,B-ORG,0.12059777975082397
Apr-Sept,NN,I-NP,O,B-ORG,0.2173043191432953,B-ORG,0.2173043191432953,O,0.21156664192676544,I-ORG,0.15897957980632782
Apr-Sept,JJ,B-ADVP,O,I-ORG,0.21305833756923676,B-ORG,0.21305833756923676,O,0.17532244324684143,I-ORG,0.1648474782705307
