0,1,2,3,predictions,confidence,pred_1,pred_1_confidence,pred_2,pred_2_confidence,pred_3,pred_3_confidence
1996,CD,B-NP,O,O,0.9999805688858032,O,0.9999805688858032,I-MISC,1.4071467376197688e-05,I-ORG,2.893660393965547e-06
1995,CD,I-NP,O,O,0.9999895095825195,O,0.9999895095825195,I-MISC,8.291036465379875e-06,I-ORG,1.179255605165963e-06
1996,CD,I-NP,O,O,0.9999141693115234,O,0.9999141693115234,I-MISC,5.8852980146184564e-05,I-ORG,2.11166752706049e-05
1995,CD,I-NP,O,O,0.9999440908432007,O,0.9999440908432007,I-MISC,3.767863745451905e-05,I-ORG,1.5345200154115446e-05
