0,1,2,3,predictions,confidence,pred_1,pred_1_confidence,pred_2,pred_2_confidence,pred_3,pred_3_confidence
Crude,JJ,B-NP,O,B-LOC,0.2538771331310272,B-ORG,0.2538771331310272,B-PER,0.2385111153125763,B-LOC,0.10329267382621765
petroleum,NN,I-NP,O,O,0.9991907477378845,O,0.9991907477378845,I-ORG,0.00048264808719977736,I-MISC,0.00019665691070258617
"2,557",CD,I-NP,O,O,0.9999425411224365,O,0.9999425411224365,I-ORG,3.3214750146726146e-05,I-MISC,2.209087870141957e-05
"2,832",CD,I-NP,O,O,0.9999339580535889,O,0.9999339580535889,I-ORG,3.876145274261944e-05,I-MISC,2.454552668496035e-05
"15,838",CD,I-NP,O,O,0.9993896484375,O,0.9993896484375,I-ORG,0.00034935688017867506,I-MISC,0.00020236258569639176
"17,648",CD,I-NP,O,O,0.999431312084198,O,0.999431312084198,I-ORG,0.0003283781697973609,I-MISC,0.0001886762329377234
