0,1,2,3,predictions,confidence,pred_1,pred_1_confidence,pred_2,pred_2_confidence,pred_3,pred_3_confidence
Petroleum,NNP,B-NP,O,O,0.3305429220199585,O,0.3305429220199585,B-ORG,0.32372480630874634,I-ORG,0.1231754794716835
products,NNS,I-NP,O,O,0.9998014569282532,O,0.9998014569282532,I-ORG,0.00011116072710137814,I-MISC,6.520091847050935e-05
"4,605",CD,I-NP,O,O,0.9999369382858276,O,0.9999369382858276,I-ORG,3.7103876820765436e-05,I-MISC,2.3742970370221883e-05
"5,110",CD,I-NP,O,O,0.9998772144317627,O,0.9998772144317627,I-ORG,6.863108137622476e-05,I-MISC,4.885063026449643e-05
"30,589",CD,I-NP,O,O,0.9999127388000488,O,0.9999127388000488,I-ORG,5.496114317793399e-05,I-MISC,2.8667898732237518e-05
"29,328",CD,I-NP,O,O,0.999817430973053,O,0.999817430973053,I-ORG,0.00011005838314304128,I-MISC,5.99840896029491e-05
