0,1,2,3,predictions,confidence,pred_1,pred_1_confidence,pred_2,pred_2_confidence,pred_3,pred_3_confidence
London,NNP,B-NP,B-LOC,B-LOC,0.23722442984580994,B-LOC,0.23722442984580994,B-PER,0.18526791036128998,B-ORG,0.158829927444458
coal,NN,I-NP,O,O,0.9993904829025269,O,0.9993904829025269,I-ORG,0.0003127981908619404,I-MISC,0.00026666882331483066
/,SYM,O,O,O,0.9615905284881592,O,0.9615905284881592,I-MISC,0.016199758276343346,I-ORG,0.010185955092310905
ore,NN,B-NP,O,O,0.9981598258018494,O,0.9981598258018494,I-MISC,0.0008663312764838338,I-ORG,0.0007729324861429632
fixtures,NNS,I-NP,O,O,0.9996850490570068,O,0.9996850490570068,I-ORG,0.0001746268681017682,I-MISC,0.00011358062329236418
.,.,O,O,O,0.9997963309288025,O,0.9997963309288025,I-MISC,0.00011445613927207887,I-ORG,7.422149064950645e-05
