0,1,2,3,predictions,confidence,pred_1,pred_1_confidence,pred_2,pred_2_confidence,pred_3,pred_3_confidence
UK,NNP,B-NP,B-LOC,B-LOC,0.5325291752815247,B-LOC,0.5325291752815247,B-ORG,0.1387305110692978,I-LOC,0.10788365453481674
bookmakers,NNS,I-NP,O,O,0.9997825026512146,O,0.9997825026512146,I-ORG,0.00014939779066480696,I-MISC,5.108541517984122e-05
lengthen,VBP,B-VP,O,O,0.9986730813980103,O,0.9986730813980103,I-ORG,0.0007183888810686767,I-MISC,0.0003965054638683796
Conservative,JJ,B-NP,B-MISC,O,0.2333962321281433,B-ORG,0.2333962321281433,I-ORG,0.1952812224626541,O,0.1287650167942047
victory,NN,I-NP,O,O,0.9994699358940125,O,0.9994699358940125,I-ORG,0.00029592335340566933,I-MISC,0.00017048948211595416
odds,NNS,I-NP,O,O,0.9595927000045776,O,0.9595927000045776,I-MISC,0.014161493629217148,I-ORG,0.013440323993563652
.,.,O,O,O,0.9994865655899048,O,0.9994865655899048,I-MISC,0.0002544588642194867,I-ORG,0.0002080408448819071
