0,1,2,3,predictions,confidence,pred_1,pred_1_confidence,pred_2,pred_2_confidence,pred_3,pred_3_confidence
The,DT,B-NP,O,O,0.9663903117179871,O,0.9663903117179871,I-MISC,0.016186220571398735,B-MISC,0.008383089676499367
election,NN,I-NP,O,O,0.999893069267273,O,0.999893069267273,I-MISC,5.8643490774556994e-05,B-MISC,3.420983921387233e-05
must,MD,B-VP,O,O,0.9999904632568359,O,0.9999904632568359,I-MISC,7.367846137640299e-06,I-ORG,8.67008850491402e-07
be,VB,I-VP,O,O,0.999991774559021,O,0.999991774559021,I-MISC,6.9417073973454535e-06,I-ORG,7.913141644166899e-07
held,VBN,I-VP,O,O,0.9999972581863403,O,0.9999972581863403,I-MISC,2.043264885287499e-06,I-ORG,6.118638680163713e-07
by,IN,B-PP,O,O,0.9999951124191284,O,0.9999951124191284,I-MISC,3.572901505322079e-06,I-ORG,1.160820033874188e-06
May,NNP,B-NP,O,O,0.9865236878395081,O,0.9865236878395081,B-PER,0.0057953400537371635,I-MISC,0.0037009650841355324
.,.,O,O,O,0.9999521970748901,O,0.9999521970748901,I-MISC,3.192036456312053e-05,I-ORG,1.2465705367503688e-05
