0,1,2,3,predictions,confidence,pred_1,pred_1_confidence,pred_2,pred_2_confidence,pred_3,pred_3_confidence
--,:,B-NP,O,O,0.9999295473098755,O,0.9999295473098755,I-MISC,3.5187531466363e-05,I-ORG,2.6746371077024378e-05
London,NNP,I-NP,B-ORG,B-ORG,0.27197203040122986,B-LOC,0.27197203040122986,B-ORG,0.14583253860473633,I-ORG,0.1377250850200653
Newsroom,NNP,I-NP,I-ORG,I-ORG,0.3279944658279419,B-ORG,0.3279944658279419,I-ORG,0.29597705602645874,B-MISC,0.09621676802635193
+44,CD,I-NP,O,O,0.9988409876823425,O,0.9988409876823425,I-ORG,0.000603285850957036,I-MISC,0.0005078636459074914
171,CD,I-NP,O,O,0.9971089959144592,O,0.9971089959144592,I-ORG,0.0014036662178114057,I-MISC,0.001310198102146387
542-7768,JJ,I-NP,O,O,0.9998220801353455,O,0.9998220801353455,I-ORG,0.00011235769488848746,I-MISC,5.8896635891869664e-05
