0,1,2,3,predictions,confidence,pred_1,pred_1_confidence,pred_2,pred_2_confidence,pred_3,pred_3_confidence
GOLF,NN,B-NP,O,O,0.3487516939640045,O,0.3487516939640045,B-PER,0.18596762418746948,B-LOC,0.1460646390914917
-,:,O,O,O,0.9997573494911194,O,0.9997573494911194,I-MISC,0.00015857719699852169,I-ORG,5.700025940313935e-05
ZIMBABWE,NNP,B-NP,B-MISC,O,0.3566187620162964,O,0.3566187620162964,B-MISC,0.22309093177318573,I-MISC,0.13255617022514343
OPEN,NNP,O,I-MISC,O,0.33637407422065735,B-MISC,0.33637407422065735,O,0.3302805721759796,B-ORG,0.14407221972942352
SECOND,NNP,B-NP,O,O,0.8832635283470154,O,0.8832635283470154,B-ORG,0.05089157447218895,B-MISC,0.022191649302840233
ROUND,NNP,I-NP,O,O,0.3718096911907196,O,0.3718096911907196,B-ORG,0.26274362206459045,B-LOC,0.09597165882587433
SCORES,NNP,I-NP,O,O,0.5339217185974121,O,0.5339217185974121,B-ORG,0.13864119350910187,I-MISC,0.09100524336099625
.,.,O,O,O,0.9999200105667114,O,0.9999200105667114,I-MISC,4.615381476469338e-05,I-ORG,2.555230094003491e-05
