0,1,2,3,predictions,confidence,pred_1,pred_1_confidence,pred_2,pred_2_confidence,pred_3,pred_3_confidence
Canada,NNP,B-NP,B-LOC,B-LOC,0.6883274912834167,B-LOC,0.6883274912834167,B-PER,0.1569107472896576,I-PER,0.07200327515602112
's,POS,I-NP,O,O,0.9959944486618042,O,0.9959944486618042,I-MISC,0.002056082943454385,I-ORG,0.0013725020689889789
were,VBD,B-VP,O,O,0.9999517202377319,O,0.9999517202377319,I-MISC,2.8581711376318708e-05,I-ORG,1.7077798474929295e-05
the,DT,B-NP,O,O,0.999365508556366,O,0.999365508556366,I-MISC,0.00035327483783476055,I-ORG,0.0002627887006383389
worst,JJS,I-NP,O,O,0.9971762895584106,O,0.9971762895584106,I-ORG,0.0017591288778930902,I-MISC,0.000968392298091203
performing,VBG,I-NP,O,O,0.9969373941421509,O,0.9969373941421509,I-ORG,0.0019144845427945256,I-MISC,0.0009669509599916637
bonds,NNS,I-NP,O,O,0.9995525479316711,O,0.9995525479316711,I-ORG,0.00023367212270386517,I-MISC,0.00019809455261565745
.,.,O,O,O,0.9993415474891663,O,0.9993415474891663,I-MISC,0.00036304700188338757,I-ORG,0.0002563073649071157
