0,1,2,3,predictions,confidence,pred_1,pred_1_confidence,pred_2,pred_2_confidence,pred_3,pred_3_confidence
--,:,B-NP,O,O,0.9999620914459229,O,0.9999620914459229,I-MISC,2.254056016681716e-05,I-ORG,1.2432205949153285e-05
Stephen,NNP,I-NP,B-PER,B-PER,0.2084685117006302,B-ORG,0.2084685117006302,B-PER,0.1585811823606491,B-MISC,0.1474878042936325
Nisbet,NNP,I-NP,I-PER,I-PER,0.22106745839118958,B-LOC,0.22106745839118958,B-ORG,0.19748643040657043,I-ORG,0.16755500435829163
",",",",O,O,O,0.9988594055175781,O,0.9988594055175781,I-ORG,0.0006981802289374173,I-MISC,0.0003818480181507766
International,NNP,B-NP,B-ORG,B-ORG,0.3405694365501404,B-ORG,0.3405694365501404,I-ORG,0.30011245608329773,B-MISC,0.12962141633033752
Bonds,NNP,I-NP,I-ORG,I-ORG,0.26945140957832336,B-PER,0.26945140957832336,B-LOC,0.1949208378791809,I-PER,0.12198486179113388
+44,CD,I-NP,O,O,0.99959796667099,O,0.99959796667099,I-ORG,0.00020870970911346376,I-MISC,0.00017277809092774987
171,CD,I-NP,O,O,0.9987794756889343,O,0.9987794756889343,I-ORG,0.0005864349659532309,I-MISC,0.0005419205990619957
6320,CD,I-NP,O,O,0.999849796295166,O,0.999849796295166,I-ORG,7.605193241033703e-05,I-MISC,6.7438195401337e-05
