0,1,2,3,predictions,confidence,pred_1,pred_1_confidence,pred_2,pred_2_confidence,pred_3,pred_3_confidence
OPEC,NNP,B-NP,B-ORG,O,0.5218619108200073,B-ORG,0.5218619108200073,O,0.18245933949947357,I-MISC,0.075077123939991
basket,NN,I-NP,O,O,0.9999665021896362,O,0.9999665021896362,I-ORG,2.0033630789839663e-05,I-MISC,1.2046703886881005e-05
price,NN,I-NP,O,O,0.9995513558387756,O,0.9995513558387756,I-ORG,0.00024067197227850556,I-MISC,0.00017572693468537182
$,$,I-NP,O,O,0.9996861219406128,O,0.9996861219406128,I-MISC,0.00015114499547053128,I-ORG,0.00012010185309918597
24.20,CD,I-NP,O,O,0.9999556541442871,O,0.9999556541442871,I-MISC,2.174386645492632e-05,I-ORG,2.0092937120352872e-05
on,IN,B-PP,O,O,0.999798595905304,O,0.999798595905304,I-MISC,9.869025234365836e-05,I-ORG,4.384359999676235e-05
Thursday,NNP,B-NP,O,O,0.9901264905929565,O,0.9901264905929565,I-ORG,0.002713982481509447,B-PER,0.002428896725177765
.,.,O,O,O,0.999954342842102,O,0.999954342842102,I-MISC,2.895938087021932e-05,I-ORG,1.3017450328334235e-05
