0,1,2,3,predictions,confidence,pred_1,pred_1_confidence,pred_2,pred_2_confidence,pred_3,pred_3_confidence
--,:,B-NP,O,O,0.999929666519165,O,0.999929666519165,I-MISC,3.494944758131169e-05,I-ORG,2.7218398827244528e-05
London,NNP,I-NP,B-ORG,B-ORG,0.2662491500377655,B-LOC,0.2662491500377655,B-ORG,0.1539594978094101,I-ORG,0.14340123534202576
Newsroom,NNP,I-NP,I-ORG,I-ORG,0.3404969573020935,B-ORG,0.3404969573020935,I-ORG,0.30163243412971497,B-MISC,0.09303181618452072
+44,CD,I-NP,O,O,0.9988301396369934,O,0.9988301396369934,I-ORG,0.0006243563257157803,I-MISC,0.0004989527515135705
171,CD,I-NP,O,O,0.9971185922622681,O,0.9971185922622681,I-ORG,0.0014403942041099072,I-MISC,0.0012741255341097713
542,CD,I-NP,O,O,0.9998071789741516,O,0.9998071789741516,I-ORG,0.00010031670535681769,I-MISC,8.665284258313477e-05
7630,CD,I-NP,O,O,0.9997710585594177,O,0.9997710585594177,I-ORG,0.00011645336053334177,I-MISC,0.00010366271453676745
