0,1,2,3,predictions,confidence,pred_1,pred_1_confidence,pred_2,pred_2_confidence,pred_3,pred_3_confidence
Relations,NNS,B-NP,O,O,0.7847872972488403,O,0.7847872972488403,B-ORG,0.1201925203204155,I-ORG,0.04764149338006973
between,IN,B-PP,O,O,0.9999079704284668,O,0.9999079704284668,I-ORG,4.514099782682024e-05,I-MISC,4.1569855966372415e-05
Clarke,NNP,B-NP,B-PER,B-PER,0.3916887640953064,B-PER,0.3916887640953064,B-ORG,0.13318030536174774,B-MISC,0.09712610393762589
",",",",O,O,O,0.9996077418327332,O,0.9996077418327332,I-MISC,0.00027368529117666185,I-ORG,9.472673264099285e-05
Major,JJ,B-NP,B-PER,O,0.23956310749053955,I-MISC,0.23956310749053955,I-ORG,0.18291130661964417,B-MISC,0.15768200159072876
good,JJ,I-NP,O,O,0.9957641363143921,O,0.9957641363143921,I-ORG,0.0024298096541315317,I-MISC,0.0016396320424973965
-,:,I-NP,O,O,0.9918952584266663,O,0.9918952584266663,I-ORG,0.005547269247472286,I-MISC,0.002096523530781269
spokesman,NN,I-NP,O,O,0.99552321434021,O,0.99552321434021,I-ORG,0.0032171327620744705,I-MISC,0.000790450198110193
.,.,O,O,O,0.9994951486587524,O,0.9994951486587524,I-MISC,0.0002155298861907795,I-ORG,0.00019650925241876394
