0,1,2,3,predictions,confidence,pred_1,pred_1_confidence,pred_2,pred_2_confidence,pred_3,pred_3_confidence
He,PRP,B-NP,O,O,0.9942060112953186,O,0.9942060112953186,B-ORG,0.0017147533362731338,I-MISC,0.0016033515566959977
is,VBZ,B-VP,O,O,0.99968421459198,O,0.99968421459198,I-MISC,0.00020140589913353324,I-ORG,8.108244219329208e-05
getting,VBG,I-VP,O,O,0.9998466968536377,O,0.9998466968536377,I-ORG,7.907590043032542e-05,I-MISC,6.386220775311813e-05
on,RP,B-PRT,O,O,0.999707043170929,O,0.999707043170929,I-MISC,0.00016022066120058298,I-ORG,6.38442870695144e-05
with,IN,B-PP,O,O,0.999941349029541,O,0.999941349029541,I-MISC,3.930690945708193e-05,I-ORG,1.5425386663991958e-05
the,DT,B-NP,O,O,0.9998966455459595,O,0.9998966455459595,I-MISC,7.366618228843436e-05,I-ORG,2.6324389182263985e-05
job,NN,I-NP,O,O,0.9973827004432678,O,0.9973827004432678,I-MISC,0.0015219339402392507,I-ORG,0.0009655151516199112
.,.,O,O,O,0.9993687272071838,O,0.9993687272071838,I-MISC,0.000414548470871523,I-ORG,0.0001818352029658854
 ,O,O,<UNK>,<UNK>,0.9992457628250122,<UNK>,0.9992457628250122,<PAD>,0.0006916402489878237,I-MISC,1.4092003766563721e-05
