0,1,2,3,predictions,confidence,pred_1,pred_1_confidence,pred_2,pred_2_confidence,pred_3,pred_3_confidence
STEPHENVILLE,RB,B-ADVP,B-LOC,B-LOC,0.44208070635795593,B-LOC,0.44208070635795593,B-ORG,0.16236819326877594,O,0.11330781877040863
",",",",O,O,O,0.9996380805969238,O,0.9996380805969238,I-MISC,0.00016294947999995202,I-ORG,0.00014525142614729702
Newfoundland,NNP,B-NP,B-LOC,B-LOC,0.30072230100631714,B-ORG,0.30072230100631714,B-PER,0.13320833444595337,I-ORG,0.1285441517829895
1996-12-06,CD,I-NP,O,O,0.9996662139892578,O,0.9996662139892578,I-ORG,0.00017803478112909943,I-MISC,9.580900223227218e-05
