0,1,2,3,predictions,confidence,pred_1,pred_1_confidence,pred_2,pred_2_confidence,pred_3,pred_3_confidence
PLO,NNP,B-NP,B-ORG,B-ORG,0.5402318835258484,B-ORG,0.5402318835258484,B-MISC,0.14406892657279968,O,0.11723004281520844
says,VBZ,B-VP,O,O,0.9995818734169006,O,0.9995818734169006,I-MISC,0.00017713404668029398,B-PER,8.362633525393903e-05
Arafat,NNP,B-NP,B-PER,B-PER,0.9047853350639343,B-PER,0.9047853350639343,I-PER,0.061609476804733276,B-LOC,0.01924070157110691
",",",",O,O,O,0.9998663663864136,O,0.9998663663864136,I-MISC,5.671771214110777e-05,B-PER,3.36433804477565e-05
Netanyahu,NNP,B-NP,B-PER,B-PER,0.7338147163391113,B-PER,0.7338147163391113,I-PER,0.11207874119281769,B-LOC,0.06226165220141411
could,MD,B-VP,O,O,0.9999799728393555,O,0.9999799728393555,I-MISC,6.500706604128936e-06,B-PER,4.52237736681127e-06
meet,VB,I-VP,O,O,0.9999552965164185,O,0.9999552965164185,I-MISC,1.933828207256738e-05,I-ORG,1.789993439160753e-05
Saturday,NNP,B-NP,O,O,0.7808390259742737,O,0.7808390259742737,B-PER,0.08649535477161407,B-ORG,0.03375532478094101
.,.,O,O,O,0.9999052286148071,O,0.9999052286148071,I-MISC,5.008337029721588e-05,I-ORG,3.300810567452572e-05
