0,1,2,3,predictions,confidence,pred_1,pred_1_confidence,pred_2,pred_2_confidence,pred_3,pred_3_confidence
Arafat,NNP,B-NP,B-PER,B-PER,0.8106958270072937,B-PER,0.8106958270072937,B-LOC,0.06576428562402725,I-PER,0.055020954459905624
's,POS,B-NP,O,O,0.9994527697563171,O,0.9994527697563171,I-MISC,0.0003117443702649325,I-ORG,0.00017274427227675915
adviser,NN,I-NP,O,O,0.9998881816864014,O,0.9998881816864014,I-MISC,5.649895319947973e-05,I-ORG,4.8618781875120476e-05
Nabil,NNP,I-NP,B-PER,B-MISC,0.2433379590511322,B-MISC,0.2433379590511322,B-PER,0.23960994184017181,I-MISC,0.12302695214748383
Abu,NNP,I-NP,I-PER,I-MISC,0.2726093828678131,O,0.2726093828678131,I-MISC,0.16344410181045532,B-PER,0.15563467144966125
Rdainah,NNP,I-NP,I-PER,B-MISC,0.6319246292114258,B-MISC,0.6319246292114258,B-PER,0.12238087505102158,I-MISC,0.07084871083498001
said,VBD,B-VP,O,O,0.9997536540031433,O,0.9997536540031433,I-MISC,0.00017686518549453467,I-ORG,5.003090700483881e-05
:,:,O,O,O,0.9991534948348999,O,0.9991534948348999,I-MISC,0.0005537369288504124,I-ORG,0.00019109525601379573
