0,1,2,3,predictions,confidence,pred_1,pred_1_confidence,pred_2,pred_2_confidence,pred_3,pred_3_confidence
Turkey,NNP,B-NP,B-LOC,B-LOC,0.3614000976085663,B-LOC,0.3614000976085663,B-PER,0.2572866976261139,I-PER,0.1680411845445633
hindered,VBD,B-VP,O,O,0.9994331002235413,O,0.9994331002235413,I-ORG,0.0003839405835606158,I-MISC,0.00012622973008546978
by,IN,B-PP,O,O,0.9999010562896729,O,0.9999010562896729,I-ORG,5.906480873818509e-05,I-MISC,3.6434608773561195e-05
own,JJ,B-NP,O,O,0.9897457361221313,O,0.9897457361221313,I-ORG,0.004492566920816898,I-MISC,0.003371627302840352
landmines,NNS,I-NP,O,O,0.9995399713516235,O,0.9995399713516235,I-ORG,0.000273974088486284,I-MISC,0.0001287791965296492
on,IN,B-PP,O,O,0.9995293617248535,O,0.9995293617248535,I-MISC,0.0001820820471039042,I-ORG,0.0001306939375353977
Syrian,JJ,B-NP,B-MISC,B-MISC,0.2864886522293091,B-MISC,0.2864886522293091,B-PER,0.24052883684635162,B-ORG,0.14382049441337585
border,NN,I-NP,O,O,0.9999747276306152,O,0.9999747276306152,I-ORG,1.3635502000397537e-05,I-MISC,1.0076440048578661e-05
.,.,O,O,O,0.9998676776885986,O,0.9998676776885986,I-MISC,7.55813525756821e-05,I-ORG,4.640220868168399e-05
