0,1,2,3,predictions,confidence,pred_1,pred_1_confidence,pred_2,pred_2_confidence,pred_3,pred_3_confidence
Damascus,NNP,B-NP,B-LOC,B-LOC,0.3740595281124115,B-PER,0.3740595281124115,B-LOC,0.2790834307670593,I-PER,0.18422085046768188
denies,VBZ,B-VP,O,O,0.9960221648216248,O,0.9960221648216248,I-ORG,0.0017438962822780013,I-MISC,0.001378110027872026
aiding,VBG,I-VP,O,O,0.999863862991333,O,0.999863862991333,I-ORG,6.477109127445146e-05,I-MISC,6.1232756706886e-05
the,DT,B-NP,O,O,0.999742329120636,O,0.999742329120636,I-MISC,0.0001631807826925069,I-ORG,8.665326458867639e-05
rebels,NNS,I-NP,O,O,0.998674750328064,O,0.998674750328064,I-ORG,0.0007839034660719335,I-MISC,0.0004850160039495677
.,.,O,O,O,0.9978432655334473,O,0.9978432655334473,I-MISC,0.0011971149360761046,I-ORG,0.0008579513523727655
