0,1,2,3,predictions,confidence,pred_1,pred_1_confidence,pred_2,pred_2_confidence,pred_3,pred_3_confidence
DIYARBAKIR,NN,B-NP,B-LOC,B-LOC,0.5189644694328308,B-LOC,0.5189644694328308,B-PER,0.2850431799888611,B-ORG,0.05340457707643509
",",",",O,O,O,0.9994340538978577,O,0.9994340538978577,I-MISC,0.0001825781655497849,I-ORG,0.00013330584624782205
Turkey,NNP,B-NP,B-LOC,B-LOC,0.3454328179359436,B-LOC,0.3454328179359436,B-PER,0.267986923456192,I-PER,0.2206019163131714
1996-12-06,CD,I-NP,O,O,0.9986218214035034,O,0.9986218214035034,I-ORG,0.000754362961743027,I-MISC,0.0003487299254629761
