0,1,2,3,predictions,confidence,pred_1,pred_1_confidence,pred_2,pred_2_confidence,pred_3,pred_3_confidence
One,CD,B-NP,O,O,0.9596307277679443,O,0.9596307277679443,I-MISC,0.017752327024936676,B-MISC,0.008198408409953117
of,IN,B-PP,O,O,0.9871713519096375,O,0.9871713519096375,I-MISC,0.008110474795103073,I-ORG,0.0036501626018434763
the,DT,B-NP,O,O,0.9989435076713562,O,0.9989435076713562,I-MISC,0.0008390718139708042,I-ORG,0.0001826943625928834
dead,NN,I-NP,O,O,0.9258121252059937,O,0.9258121252059937,I-MISC,0.05053776875138283,I-ORG,0.015063398517668247
was,VBD,B-VP,O,O,0.9979362487792969,O,0.9979362487792969,I-MISC,0.001585963647812605,I-ORG,0.0003662738890852779
a,DT,B-NP,O,O,0.9981011748313904,O,0.9981011748313904,I-MISC,0.0013518822379410267,I-ORG,0.0003887165221385658
civilian,JJ,I-NP,O,O,0.9999332427978516,O,0.9999332427978516,I-MISC,3.622222357080318e-05,I-ORG,2.7109796064905822e-05
passer-by,NNS,I-NP,O,O,0.9991944432258606,O,0.9991944432258606,I-ORG,0.00047546171117573977,I-MISC,0.0002911085612140596
.,.,O,O,O,0.9994983673095703,O,0.9994983673095703,I-MISC,0.00029598118271678686,I-ORG,0.00018131347314920276
