0,1,2,3,predictions,confidence,pred_1,pred_1_confidence,pred_2,pred_2_confidence,pred_3,pred_3_confidence
Slaughter,NNP,B-NP,O,O,0.42885279655456543,B-ORG,0.42885279655456543,O,0.14832112193107605,B-PER,0.12849001586437225
steers,VBZ,B-VP,O,O,0.9996693134307861,O,0.9996693134307861,I-ORG,0.00021638968610204756,I-MISC,7.692834333283827e-05
and,CC,I-VP,O,O,0.9974932670593262,O,0.9974932670593262,I-ORG,0.001472136820666492,I-MISC,0.0008401572704315186
heifers,VBZ,I-VP,O,O,0.9993614554405212,O,0.9993614554405212,I-ORG,0.00043300213292241096,I-MISC,0.00015267881099134684
not,RB,I-VP,O,O,0.9987727999687195,O,0.9987727999687195,I-ORG,0.0007135861087590456,I-MISC,0.00039587815990671515
well,RB,I-VP,O,O,0.9997511506080627,O,0.9997511506080627,I-ORG,0.00016853488341439515,I-MISC,6.774066423531622e-05
tested,VBN,I-VP,O,O,0.9996092915534973,O,0.9996092915534973,I-ORG,0.00020669012155849487,I-MISC,0.00014307409583125263
.,.,O,O,O,0.999782383441925,O,0.999782383441925,I-MISC,0.00011474787606857717,I-ORG,8.392980817006901e-05
