0,1,2,3,predictions,confidence,pred_1,pred_1_confidence,pred_2,pred_2_confidence,pred_3,pred_3_confidence
Feedlots,NNS,B-NP,O,O,0.7040728330612183,O,0.7040728330612183,B-ORG,0.17712537944316864,I-ORG,0.08114362508058548
reporting,VBG,B-VP,O,O,0.9999635219573975,O,0.9999635219573975,I-ORG,2.6122148483409546e-05,I-MISC,7.484598882001592e-06
light,JJ,B-NP,O,O,0.9996762275695801,O,0.9996762275695801,I-ORG,0.00017369072884321213,I-MISC,0.0001260530116269365
inquiry,NN,I-NP,O,O,0.9998185038566589,O,0.9998185038566589,I-ORG,0.00011812959564849734,I-MISC,5.2903680625604466e-05
from,IN,B-PP,O,O,0.9989036321640015,O,0.9989036321640015,I-ORG,0.0005430519231595099,I-MISC,0.0004661964485421777
buyers,NNS,B-NP,O,O,0.9998914003372192,O,0.9998914003372192,I-ORG,5.898655581404455e-05,I-MISC,4.2890882468782365e-05
.,.,O,O,O,0.9997742772102356,O,0.9997742772102356,I-MISC,0.00012441346189007163,I-ORG,8.41803484945558e-05
