0,1,2,3,predictions,confidence,pred_1,pred_1_confidence,pred_2,pred_2_confidence,pred_3,pred_3_confidence
Kansas,NNP,B-NP,B-LOC,B-ORG,0.47108420729637146,B-ORG,0.47108420729637146,B-PER,0.1562241017818451,I-ORG,0.13376617431640625
feedlot,NN,I-NP,O,O,0.9993892908096313,O,0.9993892908096313,I-ORG,0.0004459571500774473,I-MISC,9.109918028116226e-05
cattle,NNS,I-NP,O,O,0.9998229146003723,O,0.9998229146003723,I-ORG,0.00014469961752183735,I-MISC,2.4595074137323536e-05
roundup,VBP,B-VP,O,O,0.9991220831871033,O,0.9991220831871033,I-ORG,0.0006483083707280457,I-MISC,0.00017095105431508273
-,:,O,O,O,0.9957427382469177,O,0.9957427382469177,I-ORG,0.003170392941683531,I-MISC,0.000821435998659581
USDA,NNP,B-NP,B-ORG,B-ORG,0.7821316719055176,B-ORG,0.7821316719055176,I-ORG,0.09477723389863968,B-MISC,0.0404580719769001
.,.,O,O,O,0.9997740387916565,O,0.9997740387916565,I-MISC,0.00010705171007430181,I-ORG,8.436098869424313e-05
