0,1,2,3,predictions,confidence,pred_1,pred_1_confidence,pred_2,pred_2_confidence,pred_3,pred_3_confidence
DODGE,NN,B-NP,B-LOC,O,0.4096018671989441,B-ORG,0.4096018671989441,O,0.16975657641887665,B-LOC,0.12737317383289337
CITY,VBZ,B-VP,I-LOC,O,0.2871095836162567,B-ORG,0.2871095836162567,O,0.27263951301574707,B-LOC,0.11447468400001526
1996-12-06,CD,B-NP,O,O,0.9995133876800537,O,0.9995133876800537,I-ORG,0.0002675321011338383,I-MISC,0.00015464547323063016
