0,1,2,3,predictions,confidence,pred_1,pred_1_confidence,pred_2,pred_2_confidence,pred_3,pred_3_confidence
Trade,NNP,B-NP,O,O,0.2433129996061325,B-PER,0.2433129996061325,O,0.2322883903980255,B-ORG,0.13183793425559998
slow,VB,B-VP,O,O,0.9995515942573547,O,0.9995515942573547,I-ORG,0.00020552753994707018,I-MISC,0.00018642905342858285
.,.,O,O,O,0.9998317956924438,O,0.9998317956924438,I-MISC,9.228677663486451e-05,I-ORG,6.043339817551896e-05
