0,1,2,3,predictions,confidence,pred_1,pred_1_confidence,pred_2,pred_2_confidence,pred_3,pred_3_confidence
Inquiry,NNP,B-NP,O,O,0.9378133416175842,O,0.9378133416175842,B-ORG,0.018998494371771812,I-ORG,0.014058830216526985
good,NN,I-NP,O,O,0.9992648959159851,O,0.9992648959159851,I-ORG,0.0003406460746191442,I-MISC,0.00030777728534303606
",",",",O,O,O,0.999642014503479,O,0.999642014503479,I-MISC,0.00017399547505192459,I-ORG,0.00014073676720727235
demand,NN,B-NP,O,O,0.9949725866317749,O,0.9949725866317749,I-ORG,0.001923413248732686,I-MISC,0.00138238281942904
light,NN,I-NP,O,O,0.9998306035995483,O,0.9998306035995483,I-ORG,7.383481715805829e-05,I-MISC,6.411883805412799e-05
.,.,O,O,O,0.9999035596847534,O,0.9999035596847534,I-MISC,4.7983576223487034e-05,I-ORG,3.443480818532407e-05
