0,1,2,3,predictions,confidence,pred_1,pred_1_confidence,pred_2,pred_2_confidence,pred_3,pred_3_confidence
Aaa,JJ,B-ADJP,O,B-ORG,0.25002819299697876,B-PER,0.25002819299697876,B-ORG,0.21586671471595764,B-LOC,0.16775697469711304
Aa,NNP,B-NP,O,I-ORG,0.29474857449531555,B-ORG,0.29474857449531555,O,0.20382098853588104,I-ORG,0.17666830122470856
A,NNP,I-NP,O,O,0.9774312376976013,O,0.9774312376976013,I-MISC,0.0075035784393548965,B-MISC,0.0071495696902275085
Baa,NNP,I-NP,O,B-LOC,0.23864531517028809,B-LOC,0.23864531517028809,B-ORG,0.14682401716709137,I-ORG,0.14204034209251404
