0,1,2,3,predictions,confidence,pred_1,pred_1_confidence,pred_2,pred_2_confidence,pred_3,pred_3_confidence
1997,CD,B-NP,O,O,0.999953031539917,O,0.999953031539917,I-MISC,2.5454102797084488e-05,I-ORG,1.68087881320389e-05
3.50,CD,I-NP,O,O,0.9999771118164062,O,0.9999771118164062,I-MISC,1.249897923116805e-05,I-ORG,9.285139640269335e-06
3.60*,CD,I-NP,O,O,0.999971866607666,O,0.999971866607666,I-MISC,1.4646934687334578e-05,I-ORG,1.2219592463225126e-05
3.70,CD,I-NP,O,O,0.999940037727356,O,0.999940037727356,I-MISC,3.412890146137215e-05,I-ORG,2.298258914379403e-05
3.75,CD,I-NP,O,O,0.999919056892395,O,0.999919056892395,I-MISC,3.7606150726787746e-05,I-ORG,3.72051217709668e-05
4.00,CD,I-NP,O,O,0.9998792409896851,O,0.9998792409896851,I-ORG,6.165184458950534e-05,I-MISC,5.3696563554694876e-05
4.00,CD,I-NP,O,O,0.9998762607574463,O,0.9998762607574463,I-ORG,6.241801747819409e-05,I-MISC,5.5621087085455656e-05
4.30,CD,I-NP,O,O,0.9998838901519775,O,0.9998838901519775,I-ORG,5.9293208323651925e-05,I-MISC,5.1114966481691226e-05
4.35,CD,I-NP,O,O,0.9999136924743652,O,0.9999136924743652,I-ORG,4.740061558550224e-05,I-MISC,3.4945624065585434e-05
