0,1,2,3,predictions,confidence,pred_1,pred_1_confidence,pred_2,pred_2_confidence,pred_3,pred_3_confidence
2001.0,CD,B-NP,O,O,0.9999011754989624,O,0.9999011754989624,I-ORG,5.71870623389259e-05,I-MISC,3.3264601370319724e-05
4.2,CD,I-NP,O,O,0.9999446868896484,O,0.9999446868896484,I-ORG,2.9566564990091138e-05,I-MISC,2.1819198082084768e-05
4.2,CD,I-NP,O,O,0.9999125003814697,O,0.9999125003814697,I-ORG,4.651660856325179e-05,I-MISC,3.481924068182707e-05
4.35,CD,I-NP,O,O,0.9998576641082764,O,0.9998576641082764,I-ORG,7.995329360710457e-05,I-MISC,5.102586146676913e-05
4.4,CD,I-NP,O,O,0.9996920824050903,O,0.9996920824050903,I-ORG,0.00016567690181545913,I-MISC,0.00012109985254937783
4.65,CD,I-NP,O,O,0.9998181462287903,O,0.9998181462287903,I-ORG,0.00010990606097038835,I-MISC,6.541264883708209e-05
4.65,CD,I-NP,O,O,0.9998494386672974,O,0.9998494386672974,I-ORG,8.927615999709815e-05,I-MISC,5.5546974181197584e-05
5.0,CD,I-NP,O,O,0.9997413754463196,O,0.9997413754463196,I-ORG,0.00012752835755236447,I-MISC,0.00011975689267273992
5.0,CD,I-NP,O,O,0.9997382760047913,O,0.9997382760047913,I-ORG,0.00012587524543050677,I-MISC,0.00012367342424113303
