0,1,2,3,predictions,confidence,pred_1,pred_1_confidence,pred_2,pred_2_confidence,pred_3,pred_3_confidence
2006.0,CD,B-NP,O,O,0.9998427629470825,O,0.9998427629470825,I-ORG,0.0001227553148055449,I-MISC,2.773998858174309e-05
4.7,CD,I-NP,O,O,0.9999390840530396,O,0.9999390840530396,I-ORG,4.640733459382318e-05,I-MISC,1.3059091543254908e-05
4.7,CD,I-NP,O,O,0.9999092817306519,O,0.9999092817306519,I-ORG,5.553901064558886e-05,I-MISC,3.2312804250977933e-05
4.85,CD,I-NP,O,O,0.9998182654380798,O,0.9998182654380798,I-ORG,9.381214476889e-05,I-MISC,7.012080459389836e-05
4.85,CD,I-NP,O,O,0.999764621257782,O,0.999764621257782,I-ORG,0.00011057395749958232,I-MISC,8.628286013845354e-05
5.15,CD,I-NP,O,O,0.9994155168533325,O,0.9994155168533325,I-ORG,0.0002710696426220238,I-MISC,0.00019720358250197023
5.15,CD,I-NP,O,O,0.9995044469833374,O,0.9995044469833374,I-ORG,0.0002567917399574071,I-MISC,0.00017954209761228412
5.5,CD,I-NP,O,O,0.9998062252998352,O,0.9998062252998352,I-ORG,0.00010626764560583979,I-MISC,7.707012264290825e-05
5.5,CD,I-NP,O,O,0.9998654127120972,O,0.9998654127120972,I-ORG,7.15950081939809e-05,I-MISC,5.4697935411240906e-05
