0,1,2,3,predictions,confidence,pred_1,pred_1_confidence,pred_2,pred_2_confidence,pred_3,pred_3_confidence
2011.0,CD,B-NP,O,O,0.999866247177124,O,0.999866247177124,I-ORG,5.36180377821438e-05,I-MISC,4.130702654947527e-05
5.15,CD,I-NP,O,O,0.9997738003730774,O,0.9997738003730774,I-ORG,9.314268390880898e-05,I-MISC,7.239716069307178e-05
5.15,CD,I-NP,O,O,0.9997348189353943,O,0.9997348189353943,I-ORG,0.00013204202696215361,I-MISC,9.706001583253965e-05
5.3,CD,I-NP,O,O,0.999910831451416,O,0.999910831451416,I-ORG,4.728119893115945e-05,I-MISC,3.7456480640685186e-05
5.3,CD,I-NP,O,O,0.9999294281005859,O,0.9999294281005859,I-ORG,3.676699998322874e-05,I-MISC,3.0285820685094222e-05
5.6,CD,I-NP,O,O,0.9998897314071655,O,0.9998897314071655,I-ORG,5.828023495269008e-05,I-MISC,4.657947283703834e-05
5.6,CD,I-NP,O,O,0.9998825788497925,O,0.9998825788497925,I-ORG,6.163123180158436e-05,I-MISC,5.035152571508661e-05
5.9,CD,I-NP,O,O,0.9997103810310364,O,0.9997103810310364,I-ORG,0.00015766950673423707,I-MISC,0.00011647383507806808
5.9,CD,I-NP,O,O,0.9996988773345947,O,0.9996988773345947,I-ORG,0.0001632530620554462,I-MISC,0.00011712757259374484
