0,1,2,3,predictions,confidence,pred_1,pred_1_confidence,pred_2,pred_2_confidence,pred_3,pred_3_confidence
2016.0,CD,B-NP,O,O,0.999927282333374,O,0.999927282333374,I-ORG,4.2581486923154444e-05,I-MISC,2.6220463041681796e-05
5.35,CD,I-NP,O,O,0.9999747276306152,O,0.9999747276306152,I-ORG,1.4437770914810244e-05,I-MISC,1.0096438018081244e-05
5.3,CD,I-NP,O,O,0.9999427795410156,O,0.9999427795410156,I-ORG,3.397714317543432e-05,I-MISC,2.1800457034260035e-05
5.5,CD,I-NP,O,O,0.9998843669891357,O,0.9998843669891357,I-ORG,7.165619899751619e-05,I-MISC,4.1241768485633656e-05
5.45,CD,I-NP,O,O,0.9998929500579834,O,0.9998929500579834,I-ORG,7.093953900039196e-05,I-MISC,3.354982254677452e-05
5.8,CD,I-NP,O,O,0.9998681545257568,O,0.9998681545257568,I-ORG,8.391659503104165e-05,I-MISC,4.499938222579658e-05
5.75,CD,I-NP,O,O,0.9998929500579834,O,0.9998929500579834,I-ORG,7.414942228933796e-05,I-MISC,3.077465953538194e-05
6.1,CD,I-NP,O,O,0.9999228715896606,O,0.9999228715896606,I-ORG,4.6960551117081195e-05,I-MISC,2.8835174816777e-05
6.05,CD,I-NP,O,O,0.9997168183326721,O,0.9997168183326721,I-ORG,0.0001535812916699797,I-MISC,0.00012275425251573324
