0,1,2,3,predictions,confidence,pred_1,pred_1_confidence,pred_2,pred_2_confidence,pred_3,pred_3_confidence
2021.0,CD,B-NP,O,O,0.9998965263366699,O,0.9998965263366699,I-ORG,6.206034595379606e-05,I-MISC,3.442100569372997e-05
5.45,CD,I-NP,O,O,0.9999504089355469,O,0.9999504089355469,I-ORG,2.8717113309539855e-05,I-MISC,1.8811851987265982e-05
5.4,CD,I-NP,O,O,0.9999357461929321,O,0.9999357461929321,I-ORG,3.4524007787695155e-05,I-MISC,2.770732135104481e-05
5.6,CD,I-NP,O,O,0.9998785257339478,O,0.9998785257339478,I-ORG,6.562173075508326e-05,I-MISC,5.1891016482841223e-05
5.55,CD,I-NP,O,O,0.9998908042907715,O,0.9998908042907715,I-ORG,6.356298399623483e-05,I-MISC,4.231022103340365e-05
5.9,CD,I-NP,O,O,0.9996647834777832,O,0.9996647834777832,I-ORG,0.00018920903676189482,I-MISC,0.00013272739306557924
5.85,CD,I-NP,O,O,0.9998917579650879,O,0.9998917579650879,I-ORG,6.324685091385618e-05,I-MISC,4.048439222970046e-05
6.2,CD,I-NP,O,O,0.9999334812164307,O,0.9999334812164307,I-ORG,3.494771590339951e-05,I-MISC,2.8797061531804502e-05
6.15,CD,I-NP,O,O,0.9999208450317383,O,0.9999208450317383,I-ORG,4.453850124264136e-05,I-MISC,3.0976778361946344e-05
