0,1,2,3,predictions,confidence,pred_1,pred_1_confidence,pred_2,pred_2_confidence,pred_3,pred_3_confidence
2026.0,CD,B-NP,O,O,0.9998929500579834,O,0.9998929500579834,I-ORG,6.360957195283845e-05,I-MISC,3.642715819296427e-05
5.5,CD,I-NP,O,O,0.9999364614486694,O,0.9999364614486694,I-ORG,3.467912392807193e-05,I-MISC,2.631695315358229e-05
5.45,CD,I-NP,O,O,0.9999306201934814,O,0.9999306201934814,I-ORG,4.0182821976486593e-05,I-MISC,2.671063703019172e-05
5.65,CD,I-NP,O,O,0.9999017715454102,O,0.9999017715454102,I-ORG,5.674736894434318e-05,I-MISC,3.837581243715249e-05
5.6,CD,I-NP,O,O,0.9998637437820435,O,0.9998637437820435,I-ORG,7.309662760235369e-05,I-MISC,5.866297578904778e-05
5.95,CD,I-NP,O,O,0.9998693466186523,O,0.9998693466186523,I-ORG,7.689261838095263e-05,I-MISC,4.930879731546156e-05
5.9,CD,I-NP,O,O,0.9996590614318848,O,0.9996590614318848,I-ORG,0.00018910874496214092,I-MISC,0.0001377647859044373
6.25,CD,I-NP,O,O,0.9999126195907593,O,0.9999126195907593,I-ORG,4.969274959876202e-05,I-MISC,3.391395875951275e-05
6.2,CD,I-NP,O,O,0.9999309778213501,O,0.9999309778213501,I-ORG,3.5526354622561485e-05,I-MISC,3.0389357561944053e-05
