0,1,2,3,predictions,confidence,pred_1,pred_1_confidence,pred_2,pred_2_confidence,pred_3,pred_3_confidence
LOS,NNP,B-NP,B-ORG,O,0.4287831783294678,B-ORG,0.4287831783294678,B-LOC,0.2016952633857727,O,0.0665910392999649
ANGELES,NNP,I-NP,I-ORG,B-LOC,0.5036564469337463,B-LOC,0.5036564469337463,B-ORG,0.21139483153820038,I-LOC,0.08802666515111923
1996-12-05,CD,I-NP,O,O,0.9986292123794556,O,0.9986292123794556,I-ORG,0.0007881332421675324,I-MISC,0.00041493086609989405
