0,1,2,3,predictions,confidence,pred_1,pred_1_confidence,pred_2,pred_2_confidence,pred_3,pred_3_confidence
U.S.,NNP,B-NP,B-LOC,B-LOC,0.6594562530517578,B-LOC,0.6594562530517578,B-ORG,0.10193795710802078,B-PER,0.08268485963344574
blasts,NNS,I-NP,O,O,0.99970942735672,O,0.99970942735672,I-ORG,0.0001824310456868261,I-MISC,9.692177263787016e-05
release,NN,I-NP,O,O,0.9986218214035034,O,0.9986218214035034,I-ORG,0.0008732160786166787,I-MISC,0.00040523018105886877
of,IN,B-PP,O,O,0.9553834795951843,O,0.9553834795951843,I-ORG,0.023477137088775635,I-MISC,0.017934083938598633
convicted,VBN,B-NP,O,O,0.9988566637039185,O,0.9988566637039185,I-ORG,0.0007266087341122329,I-MISC,0.00036976553383283317
bomber,NN,I-NP,O,O,0.9996434450149536,O,0.9996434450149536,I-ORG,0.00020791184215340763,I-MISC,0.0001354662817902863
.,.,O,O,O,0.9991926550865173,O,0.9991926550865173,I-MISC,0.0004390604153741151,I-ORG,0.0003181425854563713
