0,1,2,3,predictions,confidence,pred_1,pred_1_confidence,pred_2,pred_2_confidence,pred_3,pred_3_confidence
School,NNP,B-NP,O,B-ORG,0.5653001666069031,B-ORG,0.5653001666069031,I-ORG,0.1552184522151947,B-PER,0.08215097337961197
football,NN,I-NP,O,O,0.9990209341049194,O,0.9990209341049194,I-ORG,0.0007505326066166162,I-MISC,0.00010790736268972978
player,NN,I-NP,O,O,0.9991340041160583,O,0.9991340041160583,I-ORG,0.000653889961540699,I-MISC,0.0001365625357721001
banned,VBN,B-VP,O,O,0.9998044371604919,O,0.9998044371604919,I-ORG,0.00011854594777105376,I-MISC,7.049465057207271e-05
for,IN,B-PP,O,O,0.9988719820976257,O,0.9988719820976257,I-ORG,0.0005779136554338038,I-MISC,0.0004928936832584441
slashing,VBG,B-NP,O,O,0.9991500377655029,O,0.9991500377655029,I-ORG,0.000511162681505084,I-MISC,0.0002809407014865428
opponents,NNS,I-NP,O,O,0.9958356618881226,O,0.9958356618881226,I-ORG,0.002372998744249344,I-MISC,0.0012867647456005216
.,.,O,O,O,0.9995971322059631,O,0.9995971322059631,I-MISC,0.0002153790701413527,I-ORG,0.00015860758139751852
