0,1,2,3,predictions,confidence,pred_1,pred_1_confidence,pred_2,pred_2_confidence,pred_3,pred_3_confidence
ALBUQUERQUE,RB,B-ADVP,B-LOC,B-LOC,0.4806288778781891,B-LOC,0.4806288778781891,B-ORG,0.15367838740348816,B-PER,0.08991241455078125
",",",",O,O,O,0.999683141708374,O,0.999683141708374,I-MISC,0.00015361742407549173,I-ORG,0.00011560660641407594
N.M.,NNP,B-NP,B-LOC,B-LOC,0.34238526225090027,B-PER,0.34238526225090027,B-ORG,0.2173779010772705,B-LOC,0.18202310800552368
1996-12-05,CD,I-NP,O,O,0.9997029900550842,O,0.9997029900550842,I-ORG,0.0001553932233946398,I-MISC,8.366398833459243e-05
