0,1,2,3,predictions,confidence,pred_1,pred_1_confidence,pred_2,pred_2_confidence,pred_3,pred_3_confidence
Cyberspace,NN,B-NP,O,B-ORG,0.34500065445899963,B-ORG,0.34500065445899963,B-PER,0.16335667669773102,I-ORG,0.1264345645904541
squabbles,NNS,I-NP,O,O,0.9997398257255554,O,0.9997398257255554,I-ORG,0.00015674700262025,I-MISC,7.608578016515821e-05
overshadow,NN,I-NP,O,O,0.9950264096260071,O,0.9950264096260071,I-ORG,0.002913760021328926,I-MISC,0.0010377042926847935
copyright,NN,I-NP,O,O,0.9998856782913208,O,0.9998856782913208,I-ORG,6.912992103025317e-05,I-MISC,3.717529398272745e-05
talks,NNS,I-NP,O,O,0.9994974136352539,O,0.9994974136352539,I-ORG,0.00023156973475124687,I-MISC,0.00022607712890021503
.,.,O,O,O,0.999748170375824,O,0.999748170375824,I-MISC,0.00013600087550003082,I-ORG,9.556370787322521e-05
