0,1,2,3,predictions,confidence,pred_1,pred_1_confidence,pred_2,pred_2_confidence,pred_3,pred_3_confidence
It,PRP,B-NP,O,O,0.9977030158042908,O,0.9977030158042908,I-MISC,0.0009513898403383791,B-MISC,0.0004662699648179114
's,VBZ,B-VP,O,O,0.9964205026626587,O,0.9964205026626587,I-MISC,0.002172998618334532,I-ORG,0.0011401589727029204
fair,JJ,B-NP,O,O,0.9998503923416138,O,0.9998503923416138,I-MISC,9.74898284766823e-05,I-ORG,4.729570719064213e-05
use,NN,I-NP,O,O,0.9973984956741333,O,0.9973984956741333,I-MISC,0.0015064510516822338,I-ORG,0.0009005327010527253
.,.,O,O,O,0.9997685551643372,O,0.9997685551643372,I-MISC,0.0001373443374177441,I-ORG,8.10490018920973e-05
