0,1,2,3,predictions,confidence,pred_1,pred_1_confidence,pred_2,pred_2_confidence,pred_3,pred_3_confidence
We,PRP,B-NP,O,O,0.9951914548873901,O,0.9951914548873901,I-MISC,0.0015820775879547,B-ORG,0.0014281889889389277
can,MD,B-VP,O,O,0.9999208450317383,O,0.9999208450317383,I-MISC,4.3024105252698064e-05,I-ORG,3.3767813874874264e-05
read,VB,I-VP,O,O,0.9996713399887085,O,0.9996713399887085,I-ORG,0.00023837284243199974,I-MISC,7.424966315738857e-05
sports,NNS,B-NP,O,O,0.9998738765716553,O,0.9998738765716553,I-ORG,0.00010312255471944809,I-MISC,1.2750784662785009e-05
statistics,NNS,I-NP,O,O,0.9998536109924316,O,0.9998536109924316,I-ORG,0.00010826243669725955,I-MISC,3.055363049497828e-05
or,CC,O,O,O,0.9996002316474915,O,0.9996002316474915,I-MISC,0.00022210580937098712,I-ORG,0.00015233941667247564
stock,NN,B-NP,O,O,0.9999480247497559,O,0.9999480247497559,I-ORG,3.185740206390619e-05,I-MISC,1.7272910554311238e-05
prices,NNS,I-NP,O,O,0.9999675750732422,O,0.9999675750732422,I-MISC,1.6639776731608436e-05,I-ORG,1.3077474250167143e-05
.,.,O,O,O,0.9999116659164429,O,0.9999116659164429,I-MISC,5.558656994253397e-05,I-ORG,2.6953992346534505e-05
