0,1,2,3,predictions,confidence,pred_1,pred_1_confidence,pred_2,pred_2_confidence,pred_3,pred_3_confidence
He,PRP,B-NP,O,O,0.9945705533027649,O,0.9945705533027649,B-ORG,0.001988215371966362,I-MISC,0.001379016786813736
too,RB,B-ADVP,O,O,0.9996660947799683,O,0.9996660947799683,I-MISC,0.0001831414847401902,I-ORG,0.00013325225154403597
had,VBD,B-VP,O,O,0.9998229146003723,O,0.9998229146003723,I-MISC,0.0001112313984776847,I-ORG,5.7046301662921906e-05
never,RB,I-VP,O,O,0.9997281432151794,O,0.9997281432151794,I-ORG,0.00012622785288840532,I-MISC,0.00012471040827222168
browsed,VBD,I-VP,O,O,0.9999579191207886,O,0.9999579191207886,I-MISC,2.0925501303281635e-05,I-ORG,1.94250387721695e-05
the,DT,B-NP,O,O,0.999840497970581,O,0.999840497970581,I-MISC,0.00011403072130633518,I-ORG,4.107279164600186e-05
Net,NN,I-NP,O,O,0.9149555563926697,O,0.9149555563926697,I-MISC,0.034536611288785934,I-ORG,0.021514270454645157
.,.,O,O,O,0.9996556043624878,O,0.9996556043624878,I-MISC,0.0002062316343653947,I-ORG,0.00012197015166748315
