0,1,2,3,predictions,confidence,pred_1,pred_1_confidence,pred_2,pred_2_confidence,pred_3,pred_3_confidence
People,NNS,B-NP,O,O,0.35742685198783875,O,0.35742685198783875,B-PER,0.2218659520149231,B-MISC,0.10775672644376755
here,RB,B-ADVP,O,O,0.9999467134475708,O,0.9999467134475708,I-MISC,3.897390342899598e-05,I-ORG,1.0613817721605301e-05
do,VBP,B-VP,O,O,0.999567449092865,O,0.999567449092865,I-MISC,0.0003123694332316518,I-ORG,5.913469794904813e-05
n't,RB,I-VP,O,O,0.9998224377632141,O,0.9998224377632141,I-MISC,0.000139284718898125,I-ORG,2.8070500775356777e-05
understand,VB,I-VP,O,O,0.9964642524719238,O,0.9964642524719238,I-ORG,0.0016650602919980884,I-MISC,0.0013670873595401645
Internet,NN,B-NP,B-MISC,O,0.30937379598617554,B-ORG,0.30937379598617554,O,0.24437139928340912,I-ORG,0.23938323557376862
technology,NN,I-NP,O,O,0.9996172189712524,O,0.9996172189712524,I-ORG,0.00020463236432988197,I-MISC,0.00013239833060652018
.,.,O,O,O,0.9997840523719788,O,0.9997840523719788,I-MISC,0.00011544375593075529,I-ORG,7.92787250247784e-05
