0,1,2,3,predictions,confidence,pred_1,pred_1_confidence,pred_2,pred_2_confidence,pred_3,pred_3_confidence
How,WRB,B-ADVP,O,O,0.9149094223976135,O,0.9149094223976135,B-MISC,0.030302297323942184,I-MISC,0.025147607550024986
can,MD,O,O,O,0.9999747276306152,O,0.9999747276306152,I-MISC,2.0930861865053885e-05,I-ORG,2.6719724246504484e-06
we,PRP,B-NP,O,O,0.9999544620513916,O,0.9999544620513916,I-MISC,3.601050775614567e-05,I-ORG,6.8297790676297154e-06
control,VBD,B-VP,O,O,0.9999754428863525,O,0.9999754428863525,I-ORG,1.3227959243522491e-05,I-MISC,1.0056497558252886e-05
them,PRP,B-NP,O,O,0.9999926090240479,O,0.9999926090240479,I-MISC,4.080753114976687e-06,I-ORG,3.1011827559268568e-06
all,DT,B-NP,O,O,0.9996777772903442,O,0.9996777772903442,I-ORG,0.00018469803035259247,I-MISC,0.00012921501183882356
?,.,O,O,O,0.9989045858383179,O,0.9989045858383179,I-MISC,0.0006396116223186255,I-ORG,0.0002926748711615801
 ,O,O,<UNK>,<UNK>,0.9991403818130493,<UNK>,0.9991403818130493,<PAD>,0.0007908513653092086,I-MISC,1.2981635336473119e-05
