0,1,2,3,predictions,confidence,pred_1,pred_1_confidence,pred_2,pred_2_confidence,pred_3,pred_3_confidence
Italy,NNP,B-NP,B-LOC,O,0.28374868631362915,B-PER,0.28374868631362915,O,0.24181506037712097,B-ORG,0.15299861133098602
evacuates,VBZ,B-VP,O,O,0.9993597865104675,O,0.9993597865104675,I-ORG,0.000284171081148088,I-MISC,0.00024716867483220994
17,CD,B-NP,O,O,0.9996542930603027,O,0.9996542930603027,I-MISC,0.00022747283219359815,I-ORG,9.708607831271365e-05
nuns,NNS,I-NP,O,O,0.9997102618217468,O,0.9997102618217468,I-MISC,0.00014790560817345977,I-ORG,0.00011986846948275343
and,CC,I-NP,O,O,0.9972671270370483,O,0.9972671270370483,I-ORG,0.0014269667444750667,I-MISC,0.001147170434705913
priests,NNS,I-NP,O,O,0.9990310668945312,O,0.9990310668945312,I-ORG,0.0005921168485656381,I-MISC,0.0002949244517367333
from,IN,B-PP,O,O,0.9980385899543762,O,0.9980385899543762,I-ORG,0.001016017165966332,I-MISC,0.0007778274011798203
Zaire,NNP,B-NP,B-LOC,B-PER,0.3727060854434967,B-PER,0.3727060854434967,B-ORG,0.13745194673538208,I-PER,0.12251697480678558
.,.,O,O,O,0.9997009038925171,O,0.9997009038925171,I-MISC,0.00015771869220770895,I-ORG,0.00011605348845478147
