0,1,2,3,predictions,confidence,pred_1,pred_1_confidence,pred_2,pred_2_confidence,pred_3,pred_3_confidence
Third,JJ,B-NP,O,O,0.8616507053375244,O,0.8616507053375244,B-ORG,0.04175610467791557,I-ORG,0.036765653640031815
Paris,NNP,I-NP,B-LOC,B-MISC,0.2021215558052063,B-PER,0.2021215558052063,I-ORG,0.1726626455783844,B-ORG,0.15099187195301056
blast,NN,I-NP,O,O,0.9998446702957153,O,0.9998446702957153,I-MISC,7.8454970207531e-05,I-ORG,7.159489177865908e-05
victim,NN,I-NP,O,O,0.9982492923736572,O,0.9982492923736572,I-MISC,0.0008062702254392207,I-ORG,0.0007629683241248131
was,VBD,B-VP,O,O,0.9996505975723267,O,0.9996505975723267,I-MISC,0.0002383288083365187,I-ORG,8.347885159309953e-05
Moroccan,NNP,B-NP,B-MISC,B-MISC,0.3983035683631897,B-MISC,0.3983035683631897,B-ORG,0.18372897803783417,I-ORG,0.13256336748600006
student,NN,I-NP,O,O,0.9997962117195129,O,0.9997962117195129,I-ORG,0.00010693612421164289,I-MISC,7.80383707024157e-05
.,.,O,O,O,0.999806821346283,O,0.999806821346283,I-MISC,0.00010553065658314154,I-ORG,7.139635999919847e-05
