0,1,2,3,predictions,confidence,pred_1,pred_1_confidence,pred_2,pred_2_confidence,pred_3,pred_3_confidence
Bitar,NN,B-NP,B-PER,B-PER,0.6884574890136719,B-PER,0.6884574890136719,I-PER,0.07922449707984924,O,0.0619388110935688
pulled,VBD,B-VP,O,O,0.9995094537734985,O,0.9995094537734985,I-MISC,0.00020006408158224076,I-ORG,8.13659280538559e-05
off,RP,B-PRT,O,O,0.9977400302886963,O,0.9977400302886963,I-MISC,0.0013486988609656692,I-ORG,0.0005484608700498939
fine,JJ,B-NP,O,O,0.9998014569282532,O,0.9998014569282532,I-MISC,0.00012013575906166807,I-ORG,5.740549022448249e-05
saves,VBZ,B-VP,O,O,0.9998875856399536,O,0.9998875856399536,I-MISC,6.194644083734602e-05,I-ORG,3.787797686527483e-05
whenever,WRB,B-ADVP,O,O,0.9999854564666748,O,0.9999854564666748,I-MISC,7.944749086163938e-06,I-ORG,5.659939688484883e-06
they,PRP,B-NP,O,O,0.9999825954437256,O,0.9999825954437256,I-MISC,1.1180932233401109e-05,I-ORG,5.385990334616508e-06
did,VBD,B-VP,O,O,0.9979592561721802,O,0.9979592561721802,I-MISC,0.0008926613954827189,B-PER,0.0005444067646749318
.,.,O,O,O,0.9999017715454102,O,0.9999017715454102,I-MISC,5.420415254775435e-05,I-ORG,3.4179971407866105e-05
