0,1,2,3,predictions,confidence,pred_1,pred_1_confidence,pred_2,pred_2_confidence,pred_3,pred_3_confidence
Italian,NNP,B-NP,B-MISC,B-MISC,0.8214306235313416,B-MISC,0.8214306235313416,I-MISC,0.06461315602064133,B-ORG,0.04599500447511673
President,NNP,I-NP,O,O,0.9578977823257446,O,0.9578977823257446,B-ORG,0.01678287610411644,I-ORG,0.010648542083799839
urges,VBZ,B-VP,O,O,0.9986825585365295,O,0.9986825585365295,I-ORG,0.0007295658579096198,I-MISC,0.00033732334850355983
separatists,NNS,B-NP,O,O,0.999911904335022,O,0.999911904335022,I-ORG,4.670969065045938e-05,I-MISC,3.2899901270866394e-05
to,TO,B-VP,O,O,0.9990098476409912,O,0.9990098476409912,I-MISC,0.0004733377427328378,I-ORG,0.00045078565017320216
turn,VB,I-VP,O,O,0.9993323683738708,O,0.9993323683738708,I-MISC,0.0003285364364273846,I-ORG,0.0002860313979908824
back,RB,B-ADVP,O,O,0.9998157620429993,O,0.9998157620429993,I-MISC,0.00010197121446253732,I-ORG,7.340523734455928e-05
.,.,O,O,O,0.9997757077217102,O,0.9997757077217102,I-MISC,0.00012308714212849736,I-ORG,8.20852437755093e-05
