0,1,2,3,predictions,confidence,pred_1,pred_1_confidence,pred_2,pred_2_confidence,pred_3,pred_3_confidence
MANTUA,NNP,B-NP,O,B-LOC,0.4931507110595703,B-LOC,0.4931507110595703,B-ORG,0.23695965111255646,B-PER,0.11528268456459045
",",",",O,O,O,0.9996380805969238,O,0.9996380805969238,I-MISC,0.00016294947999995202,I-ORG,0.00014525142614729702
Italy,NNP,B-NP,B-LOC,B-LOC,0.3251114785671234,B-PER,0.3251114785671234,B-ORG,0.1735495775938034,O,0.11552120745182037
1996-12-06,CD,I-NP,O,O,0.9996662139892578,O,0.9996662139892578,I-ORG,0.00017803478112909943,I-MISC,9.580900223227218e-05
