0,1,2,3,predictions,confidence,pred_1,pred_1_confidence,pred_2,pred_2_confidence,pred_3,pred_3_confidence
Denmark,NNP,B-NP,B-LOC,B-LOC,0.31262341141700745,B-LOC,0.31262341141700745,I-PER,0.17673930525779724,B-PER,0.1760030835866928
's,POS,B-NP,O,O,0.9870085120201111,O,0.9870085120201111,I-ORG,0.008506630547344685,I-MISC,0.002681618556380272
Radiometer,NNP,I-NP,O,B-ORG,0.6803013682365417,B-ORG,0.6803013682365417,I-ORG,0.18214701116085052,O,0.09339545667171478
H1,NNP,I-NP,O,O,0.8286274075508118,O,0.8286274075508118,B-ORG,0.09108281880617142,I-ORG,0.04632501304149628
result,NN,I-NP,O,O,0.9998164772987366,O,0.9998164772987366,I-ORG,0.00010680437117116526,I-MISC,6.195526657393202e-05
seen,VBN,B-VP,O,O,0.9994537234306335,O,0.9994537234306335,I-MISC,0.00027006948948837817,I-ORG,0.00023406383115798235
flat,JJ,B-ADJP,O,O,0.999278724193573,O,0.999278724193573,I-MISC,0.00035659284912981093,I-ORG,0.00030733924359083176
.,.,O,O,O,0.99981290102005,O,0.99981290102005,I-MISC,0.00010419316095067188,I-ORG,6.860382563900203e-05
