0,1,2,3,predictions,confidence,pred_1,pred_1_confidence,pred_2,pred_2_confidence,pred_3,pred_3_confidence
--,:,O,O,O,0.9999616146087646,O,0.9999616146087646,I-MISC,2.30168407142628e-05,I-ORG,1.2474338291212916e-05
Soeren,NNP,B-NP,B-PER,B-PER,0.23486332595348358,B-ORG,0.23486332595348358,B-PER,0.17431190609931946,I-ORG,0.13705453276634216
Linding,NNP,I-NP,I-PER,I-PER,0.19141261279582977,I-ORG,0.19141261279582977,O,0.1704602986574173,B-PER,0.1677037626504898
Jakobsen,NNP,I-NP,I-PER,I-PER,0.37843555212020874,B-PER,0.37843555212020874,I-PER,0.20883864164352417,B-ORG,0.13528943061828613
",",",",O,O,O,0.9989503026008606,O,0.9989503026008606,I-MISC,0.0004842911730520427,I-ORG,0.0004465274978429079
Copenhagen,NNP,B-NP,B-LOC,B-LOC,0.2852056622505188,B-ORG,0.2852056622505188,B-PER,0.17669151723384857,I-PER,0.1374080777168274
newsroom,NN,I-NP,O,O,0.997849702835083,O,0.997849702835083,I-ORG,0.0012730282032862306,I-MISC,0.00044392835116013885
+45,CD,I-NP,O,O,0.9996722936630249,O,0.9996722936630249,I-ORG,0.0001574037451064214,I-MISC,0.00013779327855445445
33969650,CD,I-NP,O,O,0.9998528957366943,O,0.9998528957366943,I-ORG,8.450799941783771e-05,I-MISC,5.3572239266941324e-05
