0,1,2,3,predictions,confidence,pred_1,pred_1_confidence,pred_2,pred_2_confidence,pred_3,pred_3_confidence
Moslem,NNP,B-NP,B-MISC,B-MISC,0.4094705879688263,B-MISC,0.4094705879688263,B-PER,0.15590275824069977,O,0.14770182967185974
fundamentalists,NNS,I-NP,O,O,0.99931800365448,O,0.99931800365448,I-MISC,0.00037402170710265636,I-ORG,0.000172231302713044
kill,VBP,B-VP,O,O,0.9996771812438965,O,0.9996771812438965,I-MISC,0.0001663650618866086,I-ORG,0.00011209848162252456
19,CD,B-NP,O,O,0.9990686774253845,O,0.9990686774253845,I-ORG,0.0004400565812829882,I-MISC,0.00040735138463787735
Algerians,NNPS,I-NP,B-MISC,O,0.2316875159740448,B-ORG,0.2316875159740448,O,0.21435551345348358,B-MISC,0.20776379108428955
-,:,O,O,O,0.9985902905464172,O,0.9985902905464172,I-MISC,0.0006634428864344954,I-ORG,0.0006416125106625259
agency,NN,B-NP,O,O,0.99988853931427,O,0.99988853931427,I-ORG,5.99139129917603e-05,I-MISC,3.994470534962602e-05
.,.,O,O,O,0.9999170303344727,O,0.9999170303344727,I-MISC,4.158518277108669e-05,I-ORG,2.738312105066143e-05
