0,1,2,3,predictions,confidence,pred_1,pred_1_confidence,pred_2,pred_2_confidence,pred_3,pred_3_confidence
REUTER,NNP,B-NP,B-ORG,O,0.4991854727268219,O,0.4991854727268219,B-ORG,0.18022003769874573,I-MISC,0.11147750914096832
SOCCER,NN,B-NP,O,O,0.6339548826217651,O,0.6339548826217651,B-ORG,0.12098333239555359,I-MISC,0.10783547908067703
-,:,O,O,O,0.9994183778762817,O,0.9994183778762817,I-MISC,0.0003557413292583078,I-ORG,0.00017069363093469292
BRAZILIAN,NNP,B-NP,B-MISC,B-MISC,0.4430810809135437,B-MISC,0.4430810809135437,B-LOC,0.14524014294147491,B-ORG,0.14025859534740448
CHAMPIONSHIP,NNP,I-NP,O,O,0.3395606577396393,B-MISC,0.3395606577396393,O,0.32061511278152466,I-MISC,0.15618881583213806
RESULTS,NNS,I-NP,O,O,0.9918266534805298,O,0.9918266534805298,I-MISC,0.0032053887844085693,B-MISC,0.0024535057600587606
.,.,O,O,O,0.9999514818191528,O,0.9999514818191528,I-MISC,3.0302493541967124e-05,I-ORG,1.40237143568811e-05
