0,1,2,3,predictions,confidence,pred_1,pred_1_confidence,pred_2,pred_2_confidence,pred_3,pred_3_confidence
RIO,NNP,B-NP,B-LOC,B-LOC,0.47977688908576965,B-LOC,0.47977688908576965,B-ORG,0.23370502889156342,I-LOC,0.11787675321102142
DE,NNP,I-NP,I-LOC,I-LOC,0.49770069122314453,B-ORG,0.49770069122314453,I-ORG,0.12869800627231598,I-LOC,0.10531865805387497
JANEIRO,NNP,I-NP,I-LOC,B-LOC,0.3912672996520996,B-LOC,0.3912672996520996,B-ORG,0.24238364398479462,I-LOC,0.0910642221570015
1996-12-05,CD,I-NP,O,O,0.9972907900810242,O,0.9972907900810242,I-ORG,0.0015999195165932178,I-MISC,0.0008021067478694022
