0,1,2,3,predictions,confidence,pred_1,pred_1_confidence,pred_2,pred_2_confidence,pred_3,pred_3_confidence
Results,NNS,B-NP,O,O,0.3099045157432556,B-ORG,0.3099045157432556,O,0.274062842130661,I-ORG,0.12230442464351654
of,IN,B-PP,O,O,0.986003041267395,O,0.986003041267395,I-ORG,0.0069251349195837975,I-MISC,0.0056062014773488045
Brazilian,JJ,B-NP,B-MISC,B-MISC,0.3193574547767639,B-MISC,0.3193574547767639,B-ORG,0.15812599658966064,B-LOC,0.15199457108974457
