0,1,2,3,predictions,confidence,pred_1,pred_1_confidence,pred_2,pred_2_confidence,pred_3,pred_3_confidence
The,DT,B-NP,O,O,0.9420568346977234,O,0.9420568346977234,I-MISC,0.019301515072584152,B-PER,0.015980049967765808
woman,NN,I-NP,O,O,0.9997015595436096,O,0.9997015595436096,I-MISC,0.00015693560999352485,I-ORG,7.081816147547215e-05
was,VBD,B-VP,O,O,0.9998642206192017,O,0.9998642206192017,I-MISC,6.176754686748609e-05,I-ORG,2.370902438997291e-05
later,RB,I-VP,O,O,0.9998505115509033,O,0.9998505115509033,I-MISC,5.556918040383607e-05,I-ORG,3.69737645087298e-05
arrested,VBN,I-VP,O,O,0.9999055862426758,O,0.9999055862426758,I-MISC,3.8569094613194466e-05,I-ORG,3.415009632590227e-05
in,IN,B-PP,O,O,0.9991787075996399,O,0.9991787075996399,I-MISC,0.00046625788672827184,I-ORG,0.00028561268118210137
Belgium,NNP,B-NP,B-LOC,B-LOC,0.18231827020645142,B-ORG,0.18231827020645142,B-PER,0.16787788271903992,I-ORG,0.16121791303157806
.,.,O,O,O,0.999620795249939,O,0.999620795249939,I-MISC,0.0002064507716568187,I-ORG,0.0001456356403650716
