0,1,2,3,predictions,confidence,pred_1,pred_1_confidence,pred_2,pred_2_confidence,pred_3,pred_3_confidence
(,(,O,O,O,0.999825656414032,O,0.999825656414032,I-MISC,0.00012571598927024752,I-ORG,3.676630512927659e-05
$,$,B-NP,O,O,0.9997527003288269,O,0.9997527003288269,I-MISC,0.0001477511686971411,I-ORG,5.998775304760784e-05
1=32.14,CD,I-NP,O,O,0.9999275207519531,O,0.9999275207519531,I-MISC,3.649935752036981e-05,I-ORG,2.7776515707955696e-05
Belgian,NNP,I-NP,B-MISC,B-PER,0.4294597804546356,B-MISC,0.4294597804546356,B-PER,0.14477473497390747,I-MISC,0.10811351984739304
Franc,NNP,I-NP,O,I-PER,0.32731592655181885,B-LOC,0.32731592655181885,B-PER,0.270162969827652,I-PER,0.1487187296152115
),),O,O,O,0.9995552897453308,O,0.9995552897453308,I-MISC,0.00021518136782106012,I-ORG,0.00016383333422709256
