0,1,2,3,predictions,confidence,pred_1,pred_1_confidence,pred_2,pred_2_confidence,pred_3,pred_3_confidence
Port,NN,B-NP,O,O,0.45565491914749146,O,0.45565491914749146,B-ORG,0.23744122684001923,I-ORG,0.18103232979774475
conditions,NNS,I-NP,O,O,0.9998152852058411,O,0.9998152852058411,I-ORG,9.409364429302514e-05,I-MISC,8.10061173979193e-05
update,VBP,B-VP,O,O,0.9869056344032288,O,0.9869056344032288,I-ORG,0.006533198524266481,I-MISC,0.005133064463734627
-,:,O,O,O,0.9954379200935364,O,0.9954379200935364,I-ORG,0.002427053404971957,I-MISC,0.0019099176861345768
Lloyds,NNP,B-NP,B-ORG,B-ORG,0.35664102435112,B-ORG,0.35664102435112,I-ORG,0.24115458130836487,B-MISC,0.11028575152158737
Shipping,NNP,I-NP,I-ORG,I-ORG,0.35958003997802734,O,0.35958003997802734,I-ORG,0.16711431741714478,B-ORG,0.11085472255945206
.,.,O,O,O,0.9997380375862122,O,0.9997380375862122,I-MISC,0.00013831452815793455,I-ORG,9.88813626463525e-05
