0,1,2,3,predictions,confidence,pred_1,pred_1_confidence,pred_2,pred_2_confidence,pred_3,pred_3_confidence
German,NNP,B-NP,B-MISC,B-MISC,0.7316985726356506,B-MISC,0.7316985726356506,I-MISC,0.09837199002504349,B-ORG,0.047078877687454224
Jan-August,NNP,I-NP,O,O,0.26183629035949707,O,0.26183629035949707,B-ORG,0.2192160040140152,I-ORG,0.14759214222431183
coffee,NN,I-NP,O,O,0.9999703168869019,O,0.9999703168869019,I-MISC,1.595328103576321e-05,I-ORG,1.23561885629897e-05
imports,NNS,I-NP,O,O,0.9997835755348206,O,0.9997835755348206,I-ORG,0.00010547720012255013,I-MISC,9.52222035266459e-05
detailed,VBN,B-VP,O,O,0.9990289211273193,O,0.9990289211273193,I-ORG,0.0004306863702367991,I-MISC,0.0003944251511711627
.,.,O,O,O,0.9998602867126465,O,0.9998602867126465,I-MISC,7.997393549885601e-05,I-ORG,4.7994319174904376e-05
