0,1,2,3,predictions,confidence,pred_1,pred_1_confidence,pred_2,pred_2_confidence,pred_3,pred_3_confidence
Goias,FW,B-INTJ,B-ORG,B-ORG,0.8182844519615173,B-ORG,0.8182844519615173,I-ORG,0.16047926247119904,I-MISC,0.0062134419567883015
1,CD,B-NP,O,O,0.9992448091506958,O,0.9992448091506958,I-ORG,0.0005063000717200339,B-ORG,0.00015995393914636225
Gremio,NNP,I-NP,B-ORG,B-ORG,0.6189253926277161,B-ORG,0.6189253926277161,I-ORG,0.23132261633872986,B-MISC,0.04077300429344177
3,CD,I-NP,O,O,0.9999390840530396,O,0.9999390840530396,I-ORG,3.403623486519791e-05,I-MISC,2.4048800696618855e-05
