0,1,2,3,predictions,confidence,pred_1,pred_1_confidence,pred_2,pred_2_confidence,pred_3,pred_3_confidence
Portuguesa,NNP,B-NP,B-ORG,B-ORG,0.8648229837417603,B-ORG,0.8648229837417603,I-ORG,0.11565583944320679,O,0.01310634519904852
1,CD,I-NP,O,O,0.9989506006240845,O,0.9989506006240845,I-ORG,0.000716063950676471,B-ORG,0.00025484294747002423
Atletico,NNP,I-NP,B-ORG,B-ORG,0.6770697236061096,B-ORG,0.6770697236061096,I-ORG,0.28230395913124084,O,0.01524287834763527
Mineiro,NNP,I-NP,I-ORG,I-ORG,0.7004748582839966,B-ORG,0.7004748582839966,I-ORG,0.2745039165019989,O,0.012002125382423401
0,CD,I-NP,O,O,0.9998651742935181,O,0.9998651742935181,I-ORG,8.811777661321685e-05,I-MISC,4.0437127609038725e-05
