0,1,2,3,predictions,confidence,pred_1,pred_1_confidence,pred_2,pred_2_confidence,pred_3,pred_3_confidence
--,:,B-NP,O,O,0.9999616146087646,O,0.9999616146087646,I-MISC,2.3888074792921543e-05,I-ORG,1.1965214980591554e-05
Hamburg,NNP,I-NP,B-LOC,B-ORG,0.26467716693878174,B-PER,0.26467716693878174,B-ORG,0.26237329840660095,I-ORG,0.14226071536540985
newsroom,NN,I-NP,O,O,0.9959105253219604,O,0.9959105253219604,I-ORG,0.0026207473129034042,I-MISC,0.0009921544697135687
+49-40-41903275,CD,I-NP,O,O,0.9991877675056458,O,0.9991877675056458,I-ORG,0.00045433128252625465,I-MISC,0.000299516977975145
