0,1,2,3,predictions,confidence,pred_1,pred_1_confidence,pred_2,pred_2_confidence,pred_3,pred_3_confidence
Munich,NNP,B-NP,B-ORG,B-ORG,0.5163336992263794,B-ORG,0.5163336992263794,I-ORG,0.1507159322500229,B-MISC,0.14257581532001495
Re,NNP,I-NP,I-ORG,I-ORG,0.34788835048675537,O,0.34788835048675537,B-ORG,0.3216050863265991,I-ORG,0.1913055181503296
says,VBZ,B-VP,O,O,0.9990459084510803,O,0.9990459084510803,I-ORG,0.0006178510957397521,I-MISC,0.00027998178848065436
to,TO,I-VP,O,O,0.9970436692237854,O,0.9970436692237854,I-ORG,0.0018771440954878926,I-MISC,0.0009260825463570654
split,VB,I-VP,O,O,0.998891294002533,O,0.998891294002533,I-ORG,0.0008027513977140188,I-MISC,0.0002657424774952233
stock,NN,B-NP,O,O,0.9995075464248657,O,0.9995075464248657,I-ORG,0.00031423146720044315,I-MISC,0.00015215181338135153
.,.,O,O,O,0.9996155500411987,O,0.9996155500411987,I-MISC,0.00021347959409467876,I-ORG,0.00014752254355698824
