0,1,2,3,predictions,confidence,pred_1,pred_1_confidence,pred_2,pred_2_confidence,pred_3,pred_3_confidence
CRICKET,NNP,B-NP,O,O,0.42792025208473206,O,0.42792025208473206,B-ORG,0.2574869394302368,I-MISC,0.11996717751026154
-,:,O,O,O,0.9992402791976929,O,0.9992402791976929,I-MISC,0.00036413135239854455,I-ORG,0.000326957437209785
LARA,NNP,B-NP,B-PER,B-LOC,0.3897577226161957,B-ORG,0.3897577226161957,B-LOC,0.11681089550256729,B-MISC,0.11176526546478271
ENDURES,NNP,I-NP,O,O,0.4988113343715668,O,0.4988113343715668,B-ORG,0.14536282420158386,B-LOC,0.09520255029201508
ANOTHER,NNP,I-NP,O,O,0.5819157958030701,O,0.5819157958030701,B-ORG,0.10862085223197937,I-MISC,0.08418566733598709
MISERABLE,NNP,I-NP,O,B-LOC,0.24814410507678986,B-ORG,0.24814410507678986,B-LOC,0.2152489572763443,O,0.15335775911808014
DAY,NNP,I-NP,O,O,0.2889707684516907,B-ORG,0.2889707684516907,O,0.1419116109609604,I-MISC,0.13942453265190125
.,.,O,O,O,0.9998089671134949,O,0.9998089671134949,I-MISC,0.00010396584548288956,I-ORG,7.013761205598712e-05
