0,1,2,3,predictions,confidence,pred_1,pred_1_confidence,pred_2,pred_2_confidence,pred_3,pred_3_confidence
Robert,NNP,B-NP,B-PER,B-PER,0.33412641286849976,B-PER,0.33412641286849976,B-ORG,0.22577913105487823,I-PER,0.13149848580360413
Galvin,NNP,I-NP,I-PER,I-PER,0.44240689277648926,B-PER,0.44240689277648926,B-ORG,0.14205917716026306,I-PER,0.13431943953037262
MELBOURNE,NNP,B-NP,B-LOC,B-LOC,0.35036906599998474,B-LOC,0.35036906599998474,B-ORG,0.2850286662578583,I-MISC,0.0931577980518341
1996-12-06,CD,I-NP,O,O,0.9993744492530823,O,0.9993744492530823,I-ORG,0.00035139365354552865,I-MISC,0.00019830458040814847
