0,1,2,3,predictions,confidence,pred_1,pred_1_confidence,pred_2,pred_2_confidence,pred_3,pred_3_confidence
--,:,B-NP,O,O,0.999955415725708,O,0.999955415725708,I-MISC,2.5199658921337686e-05,I-ORG,1.6305477402056567e-05
Frankfurt,NNP,I-NP,B-ORG,B-ORG,0.3577800393104553,B-ORG,0.3577800393104553,I-ORG,0.1995062381029129,B-PER,0.10680507123470306
Newsroom,NNP,I-NP,I-ORG,I-ORG,0.33479705452919006,B-ORG,0.33479705452919006,I-ORG,0.22012588381767273,B-LOC,0.15528951585292816
",",",",O,O,O,0.9986394047737122,O,0.9986394047737122,I-ORG,0.000728598446585238,I-MISC,0.0005321215139701962
+49,CD,B-NP,O,O,0.9990307092666626,O,0.9990307092666626,I-ORG,0.000598956597968936,I-MISC,0.00030776593484915793
69,CD,I-NP,O,O,0.9987260699272156,O,0.9987260699272156,I-ORG,0.0007357460563071072,I-MISC,0.00044677098048850894
756525,CD,I-NP,O,O,0.9999310970306396,O,0.9999310970306396,I-ORG,4.291606819606386e-05,I-MISC,2.1741754608228803e-05
