0,1,2,3,predictions,confidence,pred_1,pred_1_confidence,pred_2,pred_2_confidence,pred_3,pred_3_confidence
EU,NN,B-NP,B-ORG,B-ORG,0.890052080154419,B-ORG,0.890052080154419,I-ORG,0.06084812432527542,O,0.019430380314588547
experts,NNS,I-NP,O,O,0.9975959658622742,O,0.9975959658622742,I-ORG,0.0014313047286123037,I-MISC,0.00041486654663458467
postpone,VBP,B-VP,O,O,0.9987805485725403,O,0.9987805485725403,I-ORG,0.0007188915042206645,I-MISC,0.000307723501464352
talks,NNS,B-NP,O,O,0.9993426203727722,O,0.9993426203727722,I-ORG,0.0003468272043392062,I-MISC,0.00023984252766240388
on,IN,B-PP,O,O,0.9995132684707642,O,0.9995132684707642,I-MISC,0.0002063958818325773,I-ORG,0.00015253563469741493
rice,NN,B-NP,O,O,0.9999070167541504,O,0.9999070167541504,I-MISC,4.6678422222612426e-05,I-ORG,4.145449202042073e-05
area,NN,I-NP,O,O,0.9995869994163513,O,0.9995869994163513,I-MISC,0.0001935125474119559,I-ORG,0.0001888078695628792
aid,NN,I-NP,O,O,0.9995915293693542,O,0.9995915293693542,I-MISC,0.000229039738769643,I-ORG,0.0001568865991430357
.,.,O,O,O,0.9998339414596558,O,0.9998339414596558,I-MISC,9.446729382034391e-05,I-ORG,5.940411938354373e-05
