0,1,2,3,predictions,confidence,pred_1,pred_1_confidence,pred_2,pred_2_confidence,pred_3,pred_3_confidence
Its,PRP$,B-NP,O,O,0.41444218158721924,O,0.41444218158721924,B-ORG,0.1697717308998108,I-ORG,0.09890864044427872
previous,JJ,I-NP,O,O,0.9997110962867737,O,0.9997110962867737,I-ORG,0.000168724000104703,I-MISC,8.759440970607102e-05
close,NN,I-NP,O,O,0.99983811378479,O,0.99983811378479,I-ORG,8.659059676574543e-05,I-MISC,6.553321873070672e-05
on,IN,B-PP,O,O,0.9997010231018066,O,0.9997010231018066,I-MISC,0.00014827736595179886,I-ORG,7.633036148035899e-05
Thursday,NNP,B-NP,O,O,0.9878195524215698,O,0.9878195524215698,I-ORG,0.0035963724367320538,I-MISC,0.0032528075389564037
was,VBD,B-VP,O,O,0.9999339580535889,O,0.9999339580535889,I-MISC,4.862865534960292e-05,I-ORG,1.3755444342677947e-05
$,$,B-NP,O,O,0.9998586177825928,O,0.9998586177825928,I-MISC,7.968617865117267e-05,I-ORG,4.366921348264441e-05
15.80,CD,I-NP,O,O,0.9998691082000732,O,0.9998691082000732,I-MISC,7.014497532509267e-05,I-ORG,4.648691901820712e-05
.,.,O,O,O,0.9999533891677856,O,0.9999533891677856,I-MISC,2.95214031211799e-05,I-ORG,1.3282794498081785e-05
