0,1,2,3,predictions,confidence,pred_1,pred_1_confidence,pred_2,pred_2_confidence,pred_3,pred_3_confidence
One,CD,B-NP,O,O,0.9564135670661926,O,0.9564135670661926,I-MISC,0.015557805076241493,I-ORG,0.011757873930037022
Global,NNP,I-NP,O,B-ORG,0.3625620901584625,B-ORG,0.3625620901584625,I-ORG,0.17403219640254974,B-MISC,0.14760997891426086
Depository,NNP,I-NP,O,I-ORG,0.46157053112983704,O,0.46157053112983704,I-ORG,0.2314959317445755,B-ORG,0.20877473056316376
Receipt,NNP,I-NP,O,I-ORG,0.310416579246521,I-ORG,0.310416579246521,O,0.2372928410768509,B-ORG,0.22072702646255493
represents,VBZ,B-VP,O,O,0.99962317943573,O,0.99962317943573,I-ORG,0.0002247625234303996,I-MISC,0.00013034709263592958
10,CD,B-NP,O,O,0.9998683929443359,O,0.9998683929443359,I-ORG,6.451099034165964e-05,I-MISC,6.229164137039334e-05
common,JJ,I-NP,O,O,0.9999730587005615,O,0.9999730587005615,I-ORG,1.3444182513921987e-05,I-MISC,1.1801919754361734e-05
shares,NNS,I-NP,O,O,0.9999903440475464,O,0.9999903440475464,I-ORG,5.133367722010007e-06,I-MISC,4.12967301599565e-06
.,.,O,O,O,0.9998542070388794,O,0.9998542070388794,I-MISC,9.256190242012963e-05,I-ORG,4.540313966572285e-05
