0,1,2,3,predictions,confidence,pred_1,pred_1_confidence,pred_2,pred_2_confidence,pred_3,pred_3_confidence
--,:,B-NP,O,O,0.9999617338180542,O,0.9999617338180542,I-MISC,2.3680400772718713e-05,I-ORG,1.2218921256135218e-05
Jakarta,NNP,I-NP,B-LOC,B-LOC,0.30058780312538147,B-PER,0.30058780312538147,B-ORG,0.2296777218580246,B-LOC,0.1730731874704361
newsroom,NN,I-NP,O,O,0.9958792924880981,O,0.9958792924880981,I-ORG,0.002689213724806905,I-MISC,0.0009647997794672847
+6221,CD,I-NP,O,O,0.9992613196372986,O,0.9992613196372986,I-ORG,0.00042302001384086907,I-MISC,0.00026574230287224054
384-6364,CD,I-NP,O,O,0.999907374382019,O,0.999907374382019,I-ORG,5.8498211728874594e-05,I-MISC,3.0591836548410356e-05
