0,1,2,3,predictions,confidence,pred_1,pred_1_confidence,pred_2,pred_2_confidence,pred_3,pred_3_confidence
 ,O,O,<UNK>,<UNK>,0.9994897842407227,<UNK>,0.9994897842407227,<PAD>,0.00045139185385778546,B-MISC,1.448876992071746e-05
We,PRP,B-NP,O,O,0.9981427192687988,O,0.9981427192687988,I-MISC,0.0007142992108128965,B-ORG,0.0003946770739275962
have,VBP,B-VP,O,O,0.9999682903289795,O,0.9999682903289795,I-MISC,1.8709526557358913e-05,I-ORG,1.2083719411748461e-05
a,DT,B-NP,O,O,0.9989895224571228,O,0.9989895224571228,I-MISC,0.0005195607664063573,I-ORG,0.00023830137797631323
divided,VBN,I-NP,O,O,0.9868124127388,O,0.9868124127388,I-ORG,0.006085032597184181,I-MISC,0.004873944446444511
and,CC,I-NP,O,O,0.9953129291534424,O,0.9953129291534424,I-ORG,0.002275057602673769,I-MISC,0.0021758736111223698
split,NN,I-NP,O,O,0.9989204406738281,O,0.9989204406738281,I-ORG,0.0005808284040540457,I-MISC,0.0004459211486391723
Cabinet,NNP,I-NP,B-ORG,B-PER,0.25105786323547363,B-PER,0.25105786323547363,I-ORG,0.17967474460601807,B-ORG,0.16608211398124695
.,.,O,O,O,0.9996067881584167,O,0.9996067881584167,I-MISC,0.00021057590493001044,I-ORG,0.00015421380521729589
