0,1,2,3,predictions,confidence,pred_1,pred_1_confidence,pred_2,pred_2_confidence,pred_3,pred_3_confidence
It,PRP,B-NP,O,O,0.9964300990104675,O,0.9964300990104675,I-MISC,0.0012358911335468292,B-ORG,0.0006832478102296591
is,VBZ,B-VP,O,O,0.9992709755897522,O,0.9992709755897522,I-MISC,0.0004416141309775412,I-ORG,0.00019256729865446687
not,RB,O,O,O,0.9992592930793762,O,0.9992592930793762,I-MISC,0.0003938990121241659,I-ORG,0.0002633279946167022
sustainable,JJ,B-ADJP,O,O,0.9992623925209045,O,0.9992623925209045,I-ORG,0.00035607084282673895,I-MISC,0.000315371056785807
.,.,O,O,O,0.9997573494911194,O,0.9997573494911194,I-MISC,0.0001399998291162774,I-ORG,8.770795830059797e-05
