0,1,2,3,predictions,confidence,pred_1,pred_1_confidence,pred_2,pred_2_confidence,pred_3,pred_3_confidence
Court,NNP,B-NP,O,B-ORG,0.39441701769828796,B-ORG,0.39441701769828796,I-ORG,0.19154594838619232,B-PER,0.11151459813117981
ejects,VBZ,B-VP,O,O,0.997296154499054,O,0.997296154499054,I-MISC,0.0009329023887403309,I-ORG,0.0007146386778913438
head,NN,B-NP,O,O,0.9990456700325012,O,0.9990456700325012,I-MISC,0.0005615749978460371,I-ORG,0.0001886032405309379
of,IN,B-PP,O,O,0.9837506413459778,O,0.9837506413459778,I-MISC,0.009328532963991165,I-ORG,0.005687994882464409
Australian,JJ,B-NP,B-MISC,B-MISC,0.6172372698783875,B-MISC,0.6172372698783875,I-MISC,0.13150730729103088,I-ORG,0.1283845603466034
child-sex,NN,I-NP,O,O,0.998451828956604,O,0.998451828956604,I-ORG,0.0009091505198739469,I-MISC,0.0005597274866886437
inquiry,NN,I-NP,O,O,0.9992245435714722,O,0.9992245435714722,I-ORG,0.0004908536211587489,I-MISC,0.00023865177354309708
.,.,O,O,O,0.9993946552276611,O,0.9993946552276611,I-MISC,0.00032308787922374904,I-ORG,0.00023583148140460253
