0,1,2,3,predictions,confidence,pred_1,pred_1_confidence,pred_2,pred_2_confidence,pred_3,pred_3_confidence
A,DT,B-NP,O,O,0.9847486615180969,O,0.9847486615180969,B-MISC,0.006619421299546957,I-MISC,0.004819894675165415
report,NN,I-NP,O,O,0.999578058719635,O,0.999578058719635,I-MISC,0.00020433281315490603,I-ORG,0.00018903247837442905
is,VBZ,B-VP,O,O,0.9991369843482971,O,0.9991369843482971,I-MISC,0.0006134049617685378,I-ORG,0.00018169388931710273
due,JJ,B-ADJP,O,O,0.9922467470169067,O,0.9922467470169067,I-MISC,0.005363878794014454,I-ORG,0.0017729942919686437
in,IN,B-PP,O,O,0.9972180128097534,O,0.9972180128097534,I-MISC,0.002110803499817848,I-ORG,0.0004917615442536771
May,NNP,B-NP,O,O,0.9590446352958679,O,0.9590446352958679,I-MISC,0.01906796731054783,I-ORG,0.006959865335375071
next,JJ,B-NP,O,O,0.9992521405220032,O,0.9992521405220032,I-MISC,0.0004818797460757196,I-ORG,0.00023003046226222068
year,NN,I-NP,O,O,0.9999500513076782,O,0.9999500513076782,I-MISC,3.3578977308934554e-05,I-ORG,1.4334710613184143e-05
.,.,O,O,O,0.9997474551200867,O,0.9997474551200867,I-MISC,0.00015383711433969438,I-ORG,8.604063623351976e-05
