0,1,2,3,predictions,confidence,pred_1,pred_1_confidence,pred_2,pred_2_confidence,pred_3,pred_3_confidence
Australian,JJ,B-NP,B-MISC,B-MISC,0.696514904499054,B-MISC,0.696514904499054,I-MISC,0.07391015440225601,B-ORG,0.06480859220027924
hitman,NN,I-NP,O,O,0.99941086769104,O,0.99941086769104,I-MISC,0.0002828008437063545,I-ORG,0.00019678016542457044
killed,VBN,B-VP,O,O,0.9996223449707031,O,0.9996223449707031,I-MISC,0.00013993127504363656,I-ORG,0.00013088896230328828
wrong,JJ,B-NP,O,O,0.9998714923858643,O,0.9998714923858643,I-MISC,6.29390706308186e-05,I-ORG,4.3256233766442165e-05
victim,NN,I-NP,O,O,0.99858558177948,O,0.99858558177948,I-ORG,0.0007260687416419387,I-MISC,0.0005327993421815336
.,.,O,O,O,0.9997063279151917,O,0.9997063279151917,I-MISC,0.00015837399405427277,I-ORG,0.00011029264715034515
