0,1,2,3,predictions,confidence,pred_1,pred_1_confidence,pred_2,pred_2_confidence,pred_3,pred_3_confidence
RTRS,NNS,B-NP,B-ORG,O,0.5642150044441223,O,0.5642150044441223,B-ORG,0.13735799491405487,B-MISC,0.11477934569120407
-,:,O,O,O,0.9995879530906677,O,0.9995879530906677,I-MISC,0.00025635442580096424,I-ORG,0.00011152504885103554
Australian,JJ,B-NP,B-MISC,B-MISC,0.6639845967292786,B-MISC,0.6639845967292786,B-ORG,0.07473612576723099,I-MISC,0.06671313941478729
MP,NNP,I-NP,O,I-MISC,0.25916051864624023,B-PER,0.25916051864624023,B-ORG,0.14304032921791077,B-LOC,0.1113211140036583
John,NNP,I-NP,B-PER,B-PER,0.6908268928527832,B-PER,0.6908268928527832,I-PER,0.16303712129592896,B-LOC,0.053846899420022964
Langmore,NNP,I-NP,I-PER,I-PER,0.43224766850471497,B-PER,0.43224766850471497,B-ORG,0.22236013412475586,I-PER,0.18089181184768677
formally,RB,B-ADVP,O,O,0.9996658563613892,O,0.9996658563613892,I-ORG,0.00019569126015994698,I-MISC,5.615231566480361e-05
resigns,VBZ,B-VP,O,O,0.9998220801353455,O,0.9998220801353455,I-ORG,8.700125181348994e-05,I-MISC,5.784290624433197e-05
.,.,O,O,O,0.9998879432678223,O,0.9998879432678223,I-MISC,5.284916187520139e-05,I-ORG,3.9991180528886616e-05
