0,1,2,3,predictions,confidence,pred_1,pred_1_confidence,pred_2,pred_2_confidence,pred_3,pred_3_confidence
--,:,B-NP,O,O,0.9999617338180542,O,0.9999617338180542,I-MISC,2.3680400772718713e-05,I-ORG,1.2218921256135218e-05
Canberra,NNP,I-NP,B-LOC,B-ORG,0.32794687151908875,B-ORG,0.32794687151908875,B-PER,0.2039741426706314,B-LOC,0.132966086268425
Bureau,NNP,I-NP,O,I-ORG,0.22055354714393616,B-ORG,0.22055354714393616,B-LOC,0.18434719741344452,B-MISC,0.18270070850849152
61-6,CD,I-NP,O,O,0.999796450138092,O,0.999796450138092,I-ORG,0.00011265265493420884,I-MISC,8.359986532013863e-05
273-2730,CD,I-NP,O,O,0.9997738003730774,O,0.9997738003730774,I-ORG,0.00013113758177496493,I-MISC,8.469211752526462e-05
