0,1,2,3,predictions,confidence,pred_1,pred_1_confidence,pred_2,pred_2_confidence,pred_3,pred_3_confidence
Burmese,NN,B-NP,B-MISC,O,0.3299260139465332,B-PER,0.3299260139465332,B-ORG,0.15145133435726166,O,0.14114217460155487
students,NNS,I-NP,O,O,0.9999003410339355,O,0.9999003410339355,I-MISC,4.5226101065054536e-05,I-ORG,3.768076203414239e-05
march,VBP,B-VP,O,O,0.999201238155365,O,0.999201238155365,I-MISC,0.00042192189721390605,I-ORG,0.00015833898214623332
out,IN,B-PP,O,O,0.9990567564964294,O,0.9990567564964294,I-MISC,0.00038994962233118713,B-PER,0.0002607421774882823
of,IN,B-PP,O,O,0.9948893785476685,O,0.9948893785476685,I-MISC,0.002818221226334572,I-ORG,0.0018978780135512352
campus,NN,B-NP,O,O,0.9998138546943665,O,0.9998138546943665,I-MISC,0.00010088380076922476,I-ORG,7.769088551867753e-05
again,RB,B-ADVP,O,O,0.9969314336776733,O,0.9969314336776733,I-MISC,0.0016660680994391441,I-ORG,0.0011534761870279908
.,.,O,O,O,0.9996395111083984,O,0.9996395111083984,I-MISC,0.00019901865744031966,I-ORG,0.00013690658670384437
