0,1,2,3,predictions,confidence,pred_1,pred_1_confidence,pred_2,pred_2_confidence,pred_3,pred_3_confidence
Vessel,NNP,B-NP,O,B-ORG,0.3476949632167816,B-ORG,0.3476949632167816,B-PER,0.21640363335609436,I-ORG,0.10226119309663773
Date,NNP,I-NP,O,I-ORG,0.20603415369987488,B-PER,0.20603415369987488,B-ORG,0.19829808175563812,O,0.19168013334274292
of,IN,B-PP,O,O,0.979953408241272,O,0.979953408241272,I-ORG,0.010748464614152908,I-MISC,0.007596948184072971
Arrival,NNP,B-NP,O,B-ORG,0.2533435523509979,I-ORG,0.2533435523509979,B-ORG,0.2235955446958542,B-MISC,0.12570016086101532
Quantity,NNP,I-NP,O,I-ORG,0.3723423480987549,O,0.3723423480987549,I-ORG,0.2660808861255646,B-ORG,0.12143757939338684
Destination,NNP,I-NP,O,I-ORG,0.2401195764541626,B-ORG,0.2401195764541626,I-ORG,0.22524400055408478,B-MISC,0.16597145795822144
