0,1,2,3,predictions,confidence,pred_1,pred_1_confidence,pred_2,pred_2_confidence,pred_3,pred_3_confidence
Iran,NNP,B-NP,B-MISC,B-PER,0.5756625533103943,B-LOC,0.5756625533103943,B-PER,0.24676023423671722,I-PER,0.09835421293973923
Sabr,NNP,I-NP,I-MISC,I-PER,0.4851893186569214,B-PER,0.4851893186569214,I-PER,0.11108506470918655,B-ORG,0.0862993374466896
19/11/96,CD,I-NP,O,O,0.9997691512107849,O,0.9997691512107849,I-ORG,9.409209451405331e-05,I-MISC,8.243922638939694e-05
"9,000",CD,I-NP,O,O,0.997901439666748,O,0.997901439666748,I-MISC,0.0006676321499980986,I-ORG,0.0005058340611867607
Iran,NNP,I-NP,B-LOC,B-LOC,0.5739925503730774,B-LOC,0.5739925503730774,B-PER,0.18196730315685272,I-PER,0.1214374378323555
