0,1,2,3,predictions,confidence,pred_1,pred_1_confidence,pred_2,pred_2_confidence,pred_3,pred_3_confidence
Princess,NNP,B-NP,B-MISC,O,0.31372934579849243,B-ORG,0.31372934579849243,O,0.2922399640083313,I-ORG,0.14989355206489563
of,IN,B-PP,I-MISC,O,0.9858506321907043,O,0.9858506321907043,I-ORG,0.007624051533639431,I-MISC,0.005188740324229002
Loine,NNP,B-NP,I-MISC,B-LOC,0.22976283729076385,I-ORG,0.22976283729076385,B-ORG,0.19935303926467896,I-MISC,0.13141421973705292
19/11/96,CD,I-NP,O,O,0.9972687363624573,O,0.9972687363624573,I-ORG,0.0016889636171981692,I-MISC,0.0007988251745700836
"10,000",CD,I-NP,O,O,0.9976115226745605,O,0.9976115226745605,I-ORG,0.0012713747564703226,I-MISC,0.0009372943313792348
Philippines,NNP,I-NP,B-LOC,B-ORG,0.25485435128211975,I-ORG,0.25485435128211975,O,0.1941414326429367,B-ORG,0.1910385638475418
