0,1,2,3,predictions,confidence,pred_1,pred_1_confidence,pred_2,pred_2_confidence,pred_3,pred_3_confidence
Deligst,NN,B-NP,B-MISC,O,0.2475832849740982,B-PER,0.2475832849740982,B-ORG,0.2251998335123062,O,0.19824807345867157
20/11/96,CD,I-NP,O,O,0.9999440908432007,O,0.9999440908432007,I-ORG,3.435098915360868e-05,I-MISC,1.8356204236624762e-05
"5,500",CD,I-NP,O,O,0.999907374382019,O,0.999907374382019,I-ORG,4.660677950596437e-05,I-MISC,4.183135024504736e-05
Indonesia,NNP,I-NP,B-LOC,B-LOC,0.23677024245262146,B-ORG,0.23677024245262146,B-LOC,0.18739742040634155,I-ORG,0.15605498850345612
