0,1,2,3,predictions,confidence,pred_1,pred_1_confidence,pred_2,pred_2_confidence,pred_3,pred_3_confidence
Lucky,JJ,B-ADJP,B-MISC,B-PER,0.5662078857421875,B-PER,0.5662078857421875,I-PER,0.1738843321800232,B-ORG,0.07642188668251038
Emdldm,NNP,B-NP,I-MISC,I-PER,0.401650995016098,B-PER,0.401650995016098,I-PER,0.20315587520599365,B-LOC,0.1546040177345276
20/11/96,CD,I-NP,O,O,0.9998899698257446,O,0.9998899698257446,I-ORG,5.910720210522413e-05,I-MISC,3.4049789974233136e-05
"5,000",CD,I-NP,O,O,0.999765932559967,O,0.999765932559967,I-ORG,9.894524555420503e-05,I-MISC,9.481004963163286e-05
Japan,NNP,I-NP,B-LOC,B-LOC,0.4960872530937195,B-LOC,0.4960872530937195,B-PER,0.19366617500782013,I-PER,0.13035045564174652
