0,1,2,3,predictions,confidence,pred_1,pred_1_confidence,pred_2,pred_2_confidence,pred_3,pred_3_confidence
Algoa,NNP,B-NP,B-MISC,B-LOC,0.3169246315956116,B-PER,0.3169246315956116,B-ORG,0.229460209608078,B-LOC,0.19035828113555908
Day,NNP,I-NP,I-MISC,O,0.3078140318393707,O,0.3078140318393707,B-PER,0.2496112585067749,B-ORG,0.11743923276662827
21/11/96,CD,I-NP,O,O,0.9999300241470337,O,0.9999300241470337,I-ORG,4.118237484362908e-05,I-MISC,2.547090480220504e-05
"6,000",CD,I-NP,O,O,0.999901533126831,O,0.999901533126831,I-ORG,4.844831346417777e-05,I-MISC,4.7276203986257315e-05
Africa,NNP,I-NP,B-LOC,B-PER,0.2091788649559021,B-PER,0.2091788649559021,B-LOC,0.2032887190580368,B-ORG,0.14954838156700134
