0,1,2,3,predictions,confidence,pred_1,pred_1_confidence,pred_2,pred_2_confidence,pred_3,pred_3_confidence
Myos,NNP,B-NP,B-MISC,B-ORG,0.3987065255641937,B-ORG,0.3987065255641937,B-PER,0.21384039521217346,I-ORG,0.1255589872598648
Yang,NNP,I-NP,I-MISC,I-ORG,0.3850356638431549,B-ORG,0.3850356638431549,I-ORG,0.20763996243476868,O,0.17979545891284943
5,CD,I-NP,O,O,0.9998831748962402,O,0.9998831748962402,I-ORG,7.04072808730416e-05,I-MISC,3.993451173300855e-05
22/11/96,CD,I-NP,O,O,0.9999127388000488,O,0.9999127388000488,I-ORG,5.2922045142622665e-05,I-MISC,3.069744343520142e-05
"4,000",CD,I-NP,O,O,0.999891996383667,O,0.999891996383667,I-ORG,5.300064367474988e-05,I-MISC,5.086295641376637e-05
Indonesia,NNP,I-NP,B-LOC,B-LOC,0.2303767204284668,B-ORG,0.2303767204284668,B-LOC,0.1693730354309082,I-ORG,0.16577942669391632
