0,1,2,3,predictions,confidence,pred_1,pred_1_confidence,pred_2,pred_2_confidence,pred_3,pred_3_confidence
Budisuryana,NNP,B-NP,B-MISC,B-LOC,0.22587724030017853,B-PER,0.22587724030017853,B-LOC,0.20734338462352753,B-ORG,0.20342744886875153
22/11/96,CD,I-NP,O,O,0.9999071359634399,O,0.9999071359634399,I-ORG,5.25825671502389e-05,I-MISC,2.9001181246712804e-05
"3,800",CD,I-NP,O,O,0.9998781681060791,O,0.9998781681060791,I-ORG,5.7373501476831734e-05,I-MISC,4.716778494184837e-05
Malaysia,NNP,I-NP,B-LOC,B-LOC,0.6152079701423645,B-LOC,0.6152079701423645,B-PER,0.15377621352672577,I-PER,0.11199074238538742
