0,1,2,3,predictions,confidence,pred_1,pred_1_confidence,pred_2,pred_2_confidence,pred_3,pred_3_confidence
King,NNP,B-NP,B-MISC,B-PER,0.6023630499839783,B-PER,0.6023630499839783,O,0.28758305311203003,I-PER,0.05307244136929512
Ace,NN,I-NP,I-MISC,I-PER,0.3129669725894928,B-PER,0.3129669725894928,O,0.25652989745140076,I-PER,0.12147089838981628
22/11/96,CD,I-NP,O,O,0.9998144507408142,O,0.9998144507408142,I-ORG,0.00010258636029902846,I-MISC,6.460663280449808e-05
"5,000",CD,I-NP,O,O,0.9997182488441467,O,0.9997182488441467,I-MISC,0.00012385861191432923,I-ORG,0.0001216015953104943
Japan,NNP,I-NP,B-LOC,B-LOC,0.5031720995903015,B-LOC,0.5031720995903015,B-PER,0.17507396638393402,I-PER,0.11881576478481293
