0,1,2,3,predictions,confidence,pred_1,pred_1_confidence,pred_2,pred_2_confidence,pred_3,pred_3_confidence
Tong,NNP,B-NP,B-MISC,O,0.5009422302246094,O,0.5009422302246094,B-ORG,0.16673287749290466,I-ORG,0.11712309718132019
Shun,NNP,I-NP,I-MISC,O,0.3387916684150696,B-ORG,0.3387916684150696,O,0.1780659258365631,I-ORG,0.14807462692260742
25/11/96,CD,I-NP,O,O,0.9999250173568726,O,0.9999250173568726,I-ORG,5.479669198393822e-05,I-MISC,1.7508147720946e-05
"3,000",CD,I-NP,O,O,0.9999771118164062,O,0.9999771118164062,I-ORG,1.3959106581751257e-05,I-MISC,8.339473424712196e-06
Vietnam,NNP,B-NP,B-LOC,B-PER,0.2953445613384247,B-PER,0.2953445613384247,B-ORG,0.17127381265163422,B-LOC,0.11731177568435669
