0,1,2,3,predictions,confidence,pred_1,pred_1_confidence,pred_2,pred_2_confidence,pred_3,pred_3_confidence
--,:,B-NP,O,O,0.9999351501464844,O,0.9999351501464844,I-MISC,3.041398485947866e-05,I-ORG,1.7296079022344202e-05
Bangkok,NNP,I-NP,B-MISC,B-LOC,0.4485790729522705,B-LOC,0.4485790729522705,B-PER,0.23349682986736298,I-PER,0.18539072573184967
newsroom,NN,I-NP,O,O,0.9903731346130371,O,0.9903731346130371,I-ORG,0.006241901777684689,I-MISC,0.0021019361447542906
(,(,O,O,O,0.9980307221412659,O,0.9980307221412659,I-MISC,0.0009571065893396735,I-ORG,0.0008745372178964317
662,CD,B-NP,O,O,0.9997172951698303,O,0.9997172951698303,I-ORG,0.00015487939526792616,I-MISC,0.00011991390056209639
),),O,O,O,0.9984514713287354,O,0.9984514713287354,I-MISC,0.0007048302213661373,I-ORG,0.0006170039996504784
652-0642,CD,B-NP,O,O,0.9999140501022339,O,0.9999140501022339,I-ORG,5.375720138545148e-05,I-MISC,2.8227115763002075e-05
