0,1,2,3,predictions,confidence,pred_1,pred_1_confidence,pred_2,pred_2_confidence,pred_3,pred_3_confidence
Chinese,JJ,B-NP,B-MISC,B-ORG,0.3186832666397095,B-ORG,0.3186832666397095,B-PER,0.20941293239593506,I-ORG,0.12169495224952698
girl,NN,I-NP,O,O,0.9997290968894958,O,0.9997290968894958,I-ORG,0.00015078794967848808,I-MISC,9.782481356523931e-05
nearly,RB,B-ADVP,O,O,0.9994100332260132,O,0.9994100332260132,I-ORG,0.00038861262146383524,I-MISC,0.00013416529691312462
dies,VBZ,B-VP,O,O,0.9949658513069153,O,0.9949658513069153,I-ORG,0.002353409770876169,I-MISC,0.0020534275099635124
from,IN,B-PP,O,O,0.9986099004745483,O,0.9986099004745483,I-ORG,0.0007484632660634816,I-MISC,0.0005286990199238062
cigarette,NN,B-NP,O,O,0.9997915625572205,O,0.9997915625572205,I-ORG,0.00012800717377103865,I-MISC,6.711488822475076e-05
smoke,NN,I-NP,O,O,0.9992368221282959,O,0.9992368221282959,I-ORG,0.00037847404018975794,I-MISC,0.0003106778021901846
.,.,O,O,O,0.9997391104698181,O,0.9997391104698181,I-MISC,0.00013930778368376195,I-ORG,0.00010040319466497749
