0,1,2,3,predictions,confidence,pred_1,pred_1_confidence,pred_2,pred_2_confidence,pred_3,pred_3_confidence
It,PRP,B-NP,O,O,0.9961115717887878,O,0.9961115717887878,B-ORG,0.001219661207869649,I-MISC,0.0012021568836644292
ranged,VBD,B-VP,O,O,0.9994118213653564,O,0.9994118213653564,I-ORG,0.00035169278271496296,I-MISC,0.00020732438133563846
between,IN,B-PP,O,O,0.999757707118988,O,0.999757707118988,I-ORG,0.00014636894047725946,I-MISC,8.537534449715167e-05
830.20,CD,B-NP,O,O,0.9996100068092346,O,0.9996100068092346,I-ORG,0.00022163674293551594,I-MISC,0.00015131550026126206
and,CC,I-NP,O,O,0.9970959424972534,O,0.9970959424972534,I-MISC,0.0013688256731256843,I-ORG,0.0013631959445774555
831.40,CD,I-NP,O,O,0.9994660019874573,O,0.9994660019874573,I-ORG,0.0002789702557493001,I-MISC,0.00022295239614322782
.,.,O,O,O,0.999632716178894,O,0.999632716178894,I-MISC,0.00019770710787270218,I-ORG,0.0001425737573299557
