0,1,2,3,predictions,confidence,pred_1,pred_1_confidence,pred_2,pred_2_confidence,pred_3,pred_3_confidence
EPA,NNP,B-NP,B-ORG,B-ORG,0.7279090881347656,B-ORG,0.7279090881347656,O,0.1446208357810974,I-ORG,0.06660925596952438
says,VBZ,B-VP,O,O,0.9996888637542725,O,0.9996888637542725,I-ORG,0.0001606467558303848,I-MISC,0.00012992473784834146
economic,JJ,B-NP,O,O,0.9995800852775574,O,0.9995800852775574,I-ORG,0.00023338146274909377,I-MISC,0.00013463689538184553
assessment,NN,I-NP,O,O,0.9999104738235474,O,0.9999104738235474,I-ORG,5.298671385389753e-05,I-MISC,3.1545838282909244e-05
unchanged,JJ,B-ADJP,O,O,0.998029887676239,O,0.998029887676239,I-ORG,0.0011815147008746862,I-MISC,0.0005291910492815077
by,IN,B-PP,O,O,0.9999567270278931,O,0.9999567270278931,I-ORG,2.1836134692421183e-05,I-MISC,2.056327139143832e-05
GDP,NNP,B-NP,O,O,0.3004690408706665,B-ORG,0.3004690408706665,O,0.17008711397647858,I-MISC,0.1417171210050583
data,NNS,I-NP,O,O,0.9828459620475769,O,0.9828459620475769,I-MISC,0.0069845388643443584,I-ORG,0.005846334155648947
.,.,O,O,O,0.9998329877853394,O,0.9998329877853394,I-MISC,9.156861779047176e-05,I-ORG,6.115937867434695e-05
