0,1,2,3,predictions,confidence,pred_1,pred_1_confidence,pred_2,pred_2_confidence,pred_3,pred_3_confidence
Sangetsu,NNP,B-NP,B-ORG,B-ORG,0.8175285458564758,B-ORG,0.8175285458564758,I-ORG,0.1237650141119957,O,0.030031492933630943
-,:,O,O,O,0.9942268133163452,O,0.9942268133163452,I-ORG,0.004552900325506926,B-ORG,0.0006629520794376731
96/97,CD,B-NP,O,O,0.9776777625083923,O,0.9776777625083923,I-ORG,0.014387744478881359,B-ORG,0.0069192093797028065
parent,NN,I-NP,O,O,0.9993694424629211,O,0.9993694424629211,I-ORG,0.0004969236324541271,B-ORG,9.79608012130484e-05
forecast,NN,I-NP,O,O,0.9997016787528992,O,0.9997016787528992,I-ORG,0.00022507704852614552,I-MISC,4.746365812025033e-05
.,.,O,O,O,0.9998290538787842,O,0.9998290538787842,I-MISC,9.233749005943537e-05,I-ORG,6.331983604468405e-05
