0,1,2,3,predictions,confidence,pred_1,pred_1_confidence,pred_2,pred_2_confidence,pred_3,pred_3_confidence
TOKYO,TO,B-VP,B-LOC,B-LOC,0.7506645917892456,B-LOC,0.7506645917892456,B-PER,0.1374197155237198,I-LOC,0.037331558763980865
1996-12-06,CD,B-NP,O,O,0.9999406337738037,O,0.9999406337738037,I-MISC,3.3427215385017917e-05,I-ORG,1.2074560800101608e-05
Year,NN,B-NP,O,O,0.9719991087913513,O,0.9719991087913513,B-PER,0.011230613104999065,B-MISC,0.007120797410607338
to,TO,B-PP,O,O,0.9999744892120361,O,0.9999744892120361,I-MISC,2.0651288650697097e-05,I-ORG,2.629410573717905e-06
March,NNP,B-NP,O,O,0.966385543346405,O,0.966385543346405,B-MISC,0.01523625385016203,B-PER,0.00857152882963419
31,CD,I-NP,O,O,0.9999932050704956,O,0.9999932050704956,I-MISC,5.428399617812829e-06,I-ORG,9.966815923689865e-07
",",",",I-NP,O,O,0.999954342842102,O,0.999954342842102,I-MISC,3.324449062347412e-05,I-ORG,1.0320695764676202e-05
1997,CD,I-NP,O,O,0.999975323677063,O,0.999975323677063,I-MISC,1.4981978893047199e-05,I-ORG,7.67454821470892e-06
