0,1,2,3,predictions,confidence,pred_1,pred_1_confidence,pred_2,pred_2_confidence,pred_3,pred_3_confidence
LATEST,NNS,B-NP,O,O,0.22442574799060822,B-LOC,0.22442574799060822,B-ORG,0.22399193048477173,O,0.20501573383808136
ACTUAL,NNP,I-NP,O,B-LOC,0.38153594732284546,B-LOC,0.38153594732284546,B-ORG,0.21134056150913239,B-PER,0.15303201973438263
(,(,O,O,O,0.9992102384567261,O,0.9992102384567261,I-MISC,0.00038227770710363984,I-ORG,0.0002950215130113065
Parent,NNP,B-NP,O,B-LOC,0.3105027675628662,B-PER,0.3105027675628662,I-PER,0.2100791037082672,B-LOC,0.18809403479099274
),),O,O,O,0.9992258548736572,O,0.9992258548736572,I-MISC,0.00034415803384035826,I-ORG,0.00030898634577170014
FORECAST,NNP,B-NP,O,O,0.2682701349258423,B-LOC,0.2682701349258423,B-ORG,0.2451285570859909,O,0.12223760038614273
YEAR-AGO,NNP,I-NP,O,B-LOC,0.36693015694618225,B-LOC,0.36693015694618225,B-ORG,0.2853896915912628,B-PER,0.09996066242456436
