0,1,2,3,predictions,confidence,pred_1,pred_1_confidence,pred_2,pred_2_confidence,pred_3,pred_3_confidence
Current,JJ,B-NP,O,O,0.27274289727211,B-ORG,0.27274289727211,B-PER,0.24843750894069672,O,0.09701384603977203
12.00,CD,B-NP,O,O,0.9990286827087402,O,0.9990286827087402,I-ORG,0.0004613266501110047,I-MISC,0.00037292379420250654
9.94,CD,I-NP,O,O,0.9920316934585571,O,0.9920316934585571,I-ORG,0.0033808359876275063,I-MISC,0.002715342678129673
