0,1,2,3,predictions,confidence,pred_1,pred_1_confidence,pred_2,pred_2_confidence,pred_3,pred_3_confidence
Sales,NNS,B-NP,O,O,0.8790969848632812,O,0.8790969848632812,B-ORG,0.036846283823251724,B-PER,0.030543681234121323
128.00,CD,B-NP,O,O,0.9991418123245239,O,0.9991418123245239,I-ORG,0.0004144203558098525,I-MISC,0.00034970053820870817
117.56,CD,I-NP,O,O,0.9992320537567139,O,0.9992320537567139,I-ORG,0.0004236608510836959,I-MISC,0.0002729705302044749
