0,1,2,3,predictions,confidence,pred_1,pred_1_confidence,pred_2,pred_2_confidence,pred_3,pred_3_confidence
EPS,NNP,B-NP,O,O,0.8845292925834656,O,0.8845292925834656,B-ORG,0.08882936090230942,I-ORG,0.00927214790135622
143.56,CD,I-NP,O,O,0.9998062252998352,O,0.9998062252998352,I-ORG,0.00010829116217792034,I-MISC,6.741210381733254e-05
yen,NNS,I-NP,O,O,0.9997633099555969,O,0.9997633099555969,I-MISC,0.00012588487879838794,I-ORG,9.706971468403935e-05
127.64,CD,B-NP,O,O,0.9996460676193237,O,0.9996460676193237,I-ORG,0.0001967489515664056,I-MISC,0.00012550690735224634
yen,NNS,I-NP,O,O,0.99960857629776,O,0.99960857629776,I-MISC,0.0002048602036666125,I-ORG,0.00016082482761703432
