0,1,2,3,predictions,confidence,pred_1,pred_1_confidence,pred_2,pred_2_confidence,pred_3,pred_3_confidence
Ord,NNP,B-NP,O,O,0.9619248509407043,O,0.9619248509407043,I-MISC,0.011742375791072845,B-MISC,0.009847977198660374
div,NN,I-NP,O,O,0.9995889067649841,O,0.9995889067649841,I-MISC,0.0002707727544475347,I-ORG,9.719413355924189e-05
30.00,CD,I-NP,O,O,0.9999188184738159,O,0.9999188184738159,I-MISC,5.434898048406467e-05,I-ORG,2.0938437955919653e-05
yen,NNS,I-NP,O,O,0.9996341466903687,O,0.9996341466903687,I-MISC,0.00023138418328016996,I-ORG,0.00010509657295187935
30.00,CD,I-NP,O,O,0.9998581409454346,O,0.9998581409454346,I-MISC,8.116540993796661e-05,I-ORG,5.220072125666775e-05
yen,NNS,I-NP,O,O,0.9994428753852844,O,0.9994428753852844,I-MISC,0.0002829852746799588,I-ORG,0.00023611425422132015
