0,1,2,3,predictions,confidence,pred_1,pred_1_confidence,pred_2,pred_2_confidence,pred_3,pred_3_confidence
Bre-X,NNP,B-NP,B-ORG,B-ORG,0.5661768913269043,B-ORG,0.5661768913269043,B-PER,0.10825518518686295,B-LOC,0.09750709682703018
",",",",O,O,O,0.9995321035385132,O,0.9995321035385132,I-ORG,0.0003252777678426355,I-MISC,0.00011646183702396229
Barrick,NNP,B-NP,B-ORG,B-ORG,0.7529876828193665,B-ORG,0.7529876828193665,I-ORG,0.14549316465854645,B-MISC,0.054276708513498306
said,VBD,B-VP,O,O,0.9992260932922363,O,0.9992260932922363,I-ORG,0.000426381709985435,I-MISC,0.00027476396644487977
to,TO,I-VP,O,O,0.9990567564964294,O,0.9990567564964294,I-ORG,0.0004886136157438159,I-MISC,0.000362719118129462
continue,VB,I-VP,O,O,0.9998000264167786,O,0.9998000264167786,I-ORG,0.00012900448928121477,I-MISC,5.4360090871341527e-05
Busang,NNP,B-NP,B-LOC,B-LOC,0.22023460268974304,B-PER,0.22023460268974304,B-ORG,0.19866317510604858,I-ORG,0.13100039958953857
talks,NNS,I-NP,O,O,0.9995443224906921,O,0.9995443224906921,I-ORG,0.00021502660820260644,I-MISC,0.00018894768436439335
.,.,O,O,O,0.9997901320457458,O,0.9997901320457458,I-MISC,0.00010721221042331308,I-ORG,8.145290485117584e-05
