0,1,2,3,predictions,confidence,pred_1,pred_1_confidence,pred_2,pred_2_confidence,pred_3,pred_3_confidence
K.T.,NNP,B-NP,B-LOC,B-PER,0.4691915810108185,B-PER,0.4691915810108185,B-LOC,0.29115375876426697,I-PER,0.12335345894098282
Arasu,NNP,I-NP,I-LOC,I-PER,0.3273203372955322,B-PER,0.3273203372955322,B-ORG,0.1869451105594635,B-LOC,0.1458347886800766
JAKARTA,NNP,B-NP,B-LOC,B-LOC,0.39270877838134766,B-LOC,0.39270877838134766,B-ORG,0.2842772603034973,B-PER,0.10448496043682098
1996-12-06,CD,I-NP,O,O,0.9995269775390625,O,0.9995269775390625,I-ORG,0.00025949327391572297,I-MISC,0.00013879795733373612
