0,1,2,3,predictions,confidence,pred_1,pred_1_confidence,pred_2,pred_2_confidence,pred_3,pred_3_confidence
 ,O,O,<UNK>,<UNK>,0.9991508722305298,<UNK>,0.9991508722305298,<PAD>,0.0007895792950876057,B-MISC,1.4234075024432968e-05
This,DT,B-NP,O,O,0.7942962050437927,O,0.7942962050437927,B-PER,0.11327183246612549,I-MISC,0.02966633066534996
is,VBZ,B-VP,O,O,0.9998979568481445,O,0.9998979568481445,I-MISC,7.808026566635817e-05,I-ORG,1.0762879355752375e-05
a,DT,B-NP,O,O,0.9997037053108215,O,0.9997037053108215,I-MISC,0.00022140549845062196,I-ORG,3.3711257856339216e-05
huge,JJ,I-NP,O,O,0.9999359846115112,O,0.9999359846115112,I-MISC,5.20300236530602e-05,I-ORG,8.770904059929308e-06
project,NN,I-NP,O,O,0.9997017979621887,O,0.9997017979621887,I-MISC,0.0001548363798065111,I-ORG,0.000120443721243646
...,:,O,O,O,0.9999938011169434,O,0.9999938011169434,I-MISC,3.8827615753689315e-06,I-ORG,2.27616033043887e-06
