0,1,2,3,predictions,confidence,pred_1,pred_1_confidence,pred_2,pred_2_confidence,pred_3,pred_3_confidence
Honda,NNP,B-NP,B-MISC,B-ORG,0.24243152141571045,B-ORG,0.24243152141571045,B-PER,0.2372036725282669,B-LOC,0.14150412380695343
RV,NN,I-NP,I-MISC,I-ORG,0.35728806257247925,B-ORG,0.35728806257247925,O,0.12915359437465668,B-MISC,0.09977596998214722
exceeds,VBZ,B-VP,O,O,0.9977543950080872,O,0.9977543950080872,I-ORG,0.0012611093698069453,I-MISC,0.0006013628444634378
sales,NNS,B-NP,O,O,0.9994515776634216,O,0.9994515776634216,I-ORG,0.000269066309556365,I-MISC,0.00023445072292815894
target,NN,I-NP,O,O,0.9996985197067261,O,0.9996985197067261,I-ORG,0.00016479927580803633,I-MISC,0.00011376025940990075
.,.,O,O,O,0.999748170375824,O,0.999748170375824,I-MISC,0.00013600087550003082,I-ORG,9.556370787322521e-05
