0,1,2,3,predictions,confidence,pred_1,pred_1_confidence,pred_2,pred_2_confidence,pred_3,pred_3_confidence
Ramthan,NNP,B-NP,B-PER,B-PER,0.6234257221221924,B-PER,0.6234257221221924,I-PER,0.18091179430484772,B-LOC,0.06350097060203552
Hussain,NNP,I-NP,I-PER,I-PER,0.4155878722667694,B-PER,0.4155878722667694,B-LOC,0.2409585416316986,I-PER,0.15693135559558868
SINGAPORE,JJR,B-NP,B-LOC,B-LOC,0.7677789926528931,B-LOC,0.7677789926528931,I-LOC,0.05772234499454498,B-PER,0.03886089846491814
1996-12-06,CD,I-NP,O,O,0.9986024498939514,O,0.9986024498939514,I-ORG,0.0008099941769614816,I-MISC,0.00043174438178539276
