0,1,2,3,predictions,confidence,pred_1,pred_1_confidence,pred_2,pred_2_confidence,pred_3,pred_3_confidence
West,NNP,B-NP,B-LOC,B-PER,0.3814895749092102,B-PER,0.3814895749092102,B-LOC,0.3018955588340759,I-PER,0.17837189137935638
Indies,NNP,I-NP,I-LOC,I-PER,0.33886003494262695,B-PER,0.33886003494262695,B-MISC,0.20328882336616516,I-PER,0.13144730031490326
S.,NNP,B-NP,B-PER,B-PER,0.46988633275032043,B-PER,0.46988633275032043,B-LOC,0.18954332172870636,I-PER,0.12515409290790558
Campbell,NNP,I-NP,I-PER,I-PER,0.6048508286476135,B-PER,0.6048508286476135,I-PER,0.2425204962491989,B-LOC,0.04915444552898407
c,SYM,O,O,O,0.9673753380775452,O,0.9673753380775452,B-PER,0.01026097685098648,I-PER,0.00999901257455349
Healy,NNP,B-NP,B-PER,B-PER,0.83702552318573,B-PER,0.83702552318573,I-PER,0.1313917636871338,B-LOC,0.012716313824057579
b,SYM,O,O,O,0.9967886209487915,O,0.9967886209487915,B-PER,0.001416316139511764,I-PER,0.001093297847546637
Gillespie,NNP,B-NP,B-PER,B-PER,0.643644392490387,B-PER,0.643644392490387,I-PER,0.17164842784404755,B-ORG,0.06396277993917465
31,CD,I-NP,O,O,0.9999940395355225,O,0.9999940395355225,I-MISC,2.355874812565162e-06,I-ORG,1.2619412927961093e-06
