0,1,2,3,predictions,confidence,pred_1,pred_1_confidence,pred_2,pred_2_confidence,pred_3,pred_3_confidence
R.,NNP,B-NP,B-PER,B-PER,0.8197603821754456,B-PER,0.8197603821754456,I-PER,0.10844230651855469,B-LOC,0.04157048091292381
Samuels,NNP,I-NP,I-PER,I-PER,0.7857072353363037,B-PER,0.7857072353363037,I-PER,0.15115121006965637,O,0.02368416264653206
c,SYM,O,O,O,0.9923849105834961,O,0.9923849105834961,B-PER,0.004445594735443592,I-PER,0.0021084113977849483
M.,NNP,B-NP,B-PER,B-PER,0.8801815509796143,B-PER,0.8801815509796143,I-PER,0.09191232919692993,B-LOC,0.01651708595454693
Waugh,NNP,I-NP,I-PER,I-PER,0.8653180003166199,B-PER,0.8653180003166199,I-PER,0.1133972555398941,B-LOC,0.007702321279793978
b,SYM,O,O,O,0.9992997646331787,O,0.9992997646331787,B-PER,0.0003434109967201948,I-PER,0.00020587020844686776
Gillespie,NNP,B-NP,B-PER,O,0.40407389402389526,B-PER,0.40407389402389526,B-ORG,0.23863345384597778,O,0.19718314707279205
7,CD,I-NP,O,O,0.9999834299087524,O,0.9999834299087524,I-MISC,5.5108234846557025e-06,I-ORG,5.100908765598433e-06
