0,1,2,3,predictions,confidence,pred_1,pred_1_confidence,pred_2,pred_2_confidence,pred_3,pred_3_confidence
B.,NNP,B-NP,B-PER,B-PER,0.7008734345436096,B-PER,0.7008734345436096,B-LOC,0.12571485340595245,I-PER,0.11824674159288406
Lara,NNP,I-NP,I-PER,I-PER,0.8225911855697632,B-PER,0.8225911855697632,I-PER,0.11504100263118744,B-LOC,0.03854217007756233
c,SYM,O,O,O,0.9923514723777771,O,0.9923514723777771,B-PER,0.0035954967606812716,I-PER,0.0021139122545719147
Warne,NNP,B-NP,B-PER,B-PER,0.8596574664115906,B-PER,0.8596574664115906,I-PER,0.10574869811534882,O,0.01523788645863533
b,SYM,O,O,O,0.9992268085479736,O,0.9992268085479736,B-PER,0.0003279195516370237,I-PER,0.0002080720878439024
Moody,NNP,B-NP,B-PER,O,0.7824049592018127,O,0.7824049592018127,B-ORG,0.08735834062099457,B-PER,0.08443311601877213
5,CD,I-NP,O,O,0.9999895095825195,O,0.9999895095825195,I-ORG,4.749151230498683e-06,I-MISC,3.751650183403399e-06
