0,1,2,3,predictions,confidence,pred_1,pred_1_confidence,pred_2,pred_2_confidence,pred_3,pred_3_confidence
S.,NNP,B-NP,B-PER,B-PER,0.6293758749961853,B-PER,0.6293758749961853,I-PER,0.14219212532043457,B-LOC,0.1330036222934723
Chanderpaul,NNP,I-NP,I-PER,I-PER,0.6244571805000305,B-PER,0.6244571805000305,I-PER,0.2290954440832138,B-LOC,0.06541328132152557
c,SYM,O,O,O,0.9799038767814636,O,0.9799038767814636,B-PER,0.00728200888261199,I-PER,0.007106168195605278
Healy,NNP,B-NP,B-PER,B-PER,0.8086215257644653,B-PER,0.8086215257644653,I-PER,0.14978356659412384,B-LOC,0.021279575303196907
b,SYM,O,O,O,0.9982492923736572,O,0.9982492923736572,I-PER,0.0006255497573874891,B-PER,0.0004974317271262407
Blewett,NNP,B-NP,B-PER,B-PER,0.35827726125717163,B-PER,0.35827726125717163,B-ORG,0.30475813150405884,I-PER,0.17938978970050812
54,CD,I-NP,O,O,0.9999892711639404,O,0.9999892711639404,I-ORG,5.031947239331203e-06,I-MISC,2.9226875994936563e-06
