0,1,2,3,predictions,confidence,pred_1,pred_1_confidence,pred_2,pred_2_confidence,pred_3,pred_3_confidence
C.,NNP,B-NP,B-PER,B-PER,0.5050055980682373,B-PER,0.5050055980682373,I-PER,0.20186208188533783,B-LOC,0.11865756660699844
Hooper,NNP,I-NP,I-PER,I-PER,0.6849554181098938,B-PER,0.6849554181098938,I-PER,0.2473425567150116,B-LOC,0.036098673939704895
run,VBP,B-VP,O,O,0.9991528987884521,O,0.9991528987884521,I-PER,0.00028794663376174867,B-PER,0.00019343495659995824
out,RP,B-PRT,O,O,0.9990046620368958,O,0.9990046620368958,B-PER,0.00034550149575807154,I-PER,0.00022145628463476896
7,CD,B-NP,O,O,0.9998992681503296,O,0.9998992681503296,I-ORG,4.874736623605713e-05,I-MISC,4.1768224036786705e-05
