0,1,2,3,predictions,confidence,pred_1,pred_1_confidence,pred_2,pred_2_confidence,pred_3,pred_3_confidence
ZAANDAM,NNP,B-NP,B-LOC,B-LOC,0.7719810009002686,B-LOC,0.7719810009002686,B-PER,0.12917768955230713,I-PER,0.0372437946498394
",",",",O,O,O,0.9989307522773743,O,0.9989307522773743,I-MISC,0.0002631364914122969,I-ORG,0.0002612474199850112
Netherlands,NNP,B-NP,B-LOC,B-LOC,0.5529597401618958,B-LOC,0.5529597401618958,I-PER,0.13171300292015076,B-PER,0.10224985331296921
1996-12-06,CD,I-NP,O,O,0.9986748695373535,O,0.9986748695373535,I-ORG,0.0007159161032177508,I-MISC,0.0003204395470675081
