0,1,2,3,predictions,confidence,pred_1,pred_1_confidence,pred_2,pred_2_confidence,pred_3,pred_3_confidence
Ahold,NNP,B-NP,B-ORG,B-ORG,0.3551386892795563,B-ORG,0.3551386892795563,B-PER,0.1651703268289566,I-ORG,0.14346730709075928
launches,VBZ,B-VP,O,O,0.9995342493057251,O,0.9995342493057251,I-ORG,0.0003097757580690086,I-MISC,0.00011181394074810669
Asian,JJ,B-NP,B-MISC,B-MISC,0.3321486711502075,B-ORG,0.3321486711502075,B-MISC,0.2819010615348816,I-ORG,0.19915445148944855
food,NN,I-NP,O,O,0.9940974712371826,O,0.9940974712371826,I-ORG,0.0032128915190696716,I-MISC,0.0023125573061406612
discount,NN,I-NP,O,O,0.991717517375946,O,0.991717517375946,I-ORG,0.004677304998040199,I-MISC,0.0026361115742474794
stores,NNS,I-NP,O,O,0.999218225479126,O,0.999218225479126,I-ORG,0.0004325434274505824,I-MISC,0.00029226046171970665
.,.,O,O,O,0.9995843768119812,O,0.9995843768119812,I-MISC,0.00022517172328662127,I-ORG,0.0001614904176676646
