0,1,2,3,predictions,confidence,pred_1,pred_1_confidence,pred_2,pred_2_confidence,pred_3,pred_3_confidence
J.,NNP,B-NP,B-PER,B-PER,0.7848101258277893,B-PER,0.7848101258277893,I-PER,0.11869309097528458,B-LOC,0.04044554382562637
Adams,NNP,I-NP,I-PER,I-PER,0.8170743584632874,B-PER,0.8170743584632874,I-PER,0.13773483037948608,B-LOC,0.01945951208472252
lbw,NN,I-NP,O,O,0.9956724643707275,O,0.9956724643707275,B-PER,0.0020615793764591217,I-PER,0.0015671468572691083
b,SYM,O,O,O,0.9972264170646667,O,0.9972264170646667,I-PER,0.0008196833077818155,B-PER,0.0008158867713063955
Moody,NNP,B-NP,B-PER,O,0.4872693419456482,O,0.4872693419456482,B-ORG,0.24416759610176086,B-PER,0.1453305184841156
5,CD,I-NP,O,O,0.9999773502349854,O,0.9999773502349854,I-ORG,1.0801019925565924e-05,I-MISC,6.583348294952884e-06
