0,1,2,3,predictions,confidence,pred_1,pred_1_confidence,pred_2,pred_2_confidence,pred_3,pred_3_confidence
J.,NNP,B-NP,B-PER,B-PER,0.7989792823791504,B-PER,0.7989792823791504,I-PER,0.13109827041625977,B-LOC,0.04047518968582153
Murray,NNP,I-NP,I-PER,I-PER,0.6940475106239319,B-PER,0.6940475106239319,I-PER,0.17335301637649536,B-LOC,0.11216361820697784
c,SYM,O,O,O,0.9736021757125854,O,0.9736021757125854,B-PER,0.00918800849467516,I-PER,0.008847987279295921
Blewett,NNP,B-NP,B-PER,B-PER,0.7391996383666992,B-PER,0.7391996383666992,I-PER,0.19596649706363678,B-LOC,0.02729158103466034
b,SYM,O,O,O,0.9979915618896484,O,0.9979915618896484,I-PER,0.0006962367333471775,B-PER,0.0006395434029400349
Warne,NNP,B-NP,B-PER,B-ORG,0.3737179934978485,B-PER,0.3737179934978485,B-ORG,0.3473561406135559,I-PER,0.13840049505233765
24,CD,I-NP,O,O,0.999996542930603,O,0.999996542930603,I-ORG,1.8924166624856298e-06,I-MISC,1.0589590146992123e-06
