0,1,2,3,predictions,confidence,pred_1,pred_1_confidence,pred_2,pred_2_confidence,pred_3,pred_3_confidence
N.,NNP,B-NP,B-PER,B-PER,0.7751621007919312,B-PER,0.7751621007919312,I-PER,0.1010642871260643,B-LOC,0.07705111801624298
McLean,NNP,I-NP,I-PER,I-PER,0.8436204195022583,B-PER,0.8436204195022583,I-PER,0.11869382113218307,B-LOC,0.02159029059112072
c,SYM,O,O,O,0.9904541969299316,O,0.9904541969299316,B-PER,0.005516928154975176,I-PER,0.002825108589604497
and,CC,O,O,O,0.9996159076690674,O,0.9996159076690674,B-PER,0.00021700552315451205,I-PER,0.00011711963452398777
b,SYM,O,O,O,0.9978384375572205,O,0.9978384375572205,B-PER,0.0010557913919910789,I-PER,0.0007467486429959536
M.,NNP,B-NP,B-PER,B-PER,0.7009611129760742,B-PER,0.7009611129760742,I-PER,0.16546185314655304,B-LOC,0.05678242817521095
Waugh,NNP,I-NP,I-PER,I-PER,0.5428685545921326,B-PER,0.5428685545921326,B-ORG,0.18602237105369568,I-PER,0.167495995759964
7,CD,I-NP,O,O,0.9999754428863525,O,0.9999754428863525,I-ORG,7.446832114510471e-06,I-MISC,6.891661541885696e-06
