0,1,2,3,predictions,confidence,pred_1,pred_1_confidence,pred_2,pred_2_confidence,pred_3,pred_3_confidence
Name,NN,B-NP,O,O,0.30755773186683655,O,0.30755773186683655,B-MISC,0.24097369611263275,B-PER,0.19609269499778748
:,:,O,O,O,0.9995636343955994,O,0.9995636343955994,I-MISC,0.0003088721714448184,I-ORG,6.338893581414595e-05
Svetlana,NNP,B-NP,B-PER,B-PER,0.35368481278419495,B-LOC,0.35368481278419495,B-PER,0.2638625502586365,I-PER,0.0933569073677063
Gladishiva,NNP,I-NP,I-PER,I-PER,0.3034321963787079,B-PER,0.3034321963787079,B-ORG,0.21442276239395142,B-LOC,0.13168327510356903
