0,1,2,3,predictions,confidence,pred_1,pred_1_confidence,pred_2,pred_2_confidence,pred_3,pred_3_confidence
Age,NNP,B-NP,O,O,0.813126802444458,O,0.813126802444458,I-MISC,0.06618151813745499,B-MISC,0.04961850866675377
:,:,O,O,O,0.9995155334472656,O,0.9995155334472656,I-MISC,0.0003297568764537573,I-ORG,9.196400787914172e-05
25,CD,B-NP,O,O,0.9999463558197021,O,0.9999463558197021,I-MISC,2.95989157166332e-05,I-ORG,2.1885714886593632e-05
