0,1,2,3,predictions,confidence,pred_1,pred_1_confidence,pred_2,pred_2_confidence,pred_3,pred_3_confidence
Previous,JJ,B-NP,O,O,0.9342963695526123,O,0.9342963695526123,B-MISC,0.03702227771282196,I-MISC,0.01241698581725359
World,NNP,I-NP,B-MISC,O,0.5927220582962036,O,0.5927220582962036,B-MISC,0.19076283276081085,I-MISC,0.11641783267259598
Cup,NNP,I-NP,I-MISC,O,0.39443066716194153,I-MISC,0.39443066716194153,B-MISC,0.2631780505180359,O,0.23475366830825806
victories,NNS,I-NP,O,O,0.9996300935745239,O,0.9996300935745239,I-MISC,0.00025695853400975466,I-ORG,7.584229024359956e-05
:,:,O,O,O,0.9981069564819336,O,0.9981069564819336,I-MISC,0.0012965407222509384,I-ORG,0.0004070685536134988
None,NN,B-NP,O,B-PER,0.1763644516468048,B-PER,0.1763644516468048,B-ORG,0.16438844799995422,I-ORG,0.15280579030513763
