0,1,2,3,predictions,confidence,pred_1,pred_1_confidence,pred_2,pred_2_confidence,pred_3,pred_3_confidence
K.,NNP,B-NP,B-PER,B-PER,0.5622777342796326,B-PER,0.5622777342796326,B-ORG,0.09069310128688812,I-PER,0.08629080653190613
Benjamin,NNP,I-NP,I-PER,I-PER,0.6426672339439392,B-PER,0.6426672339439392,I-PER,0.12495055049657822,B-MISC,0.09214295446872711
b,SYM,O,O,O,0.9987646341323853,O,0.9987646341323853,I-MISC,0.0003686760610435158,B-PER,0.0002437876391923055
Warne,NNP,B-NP,B-PER,B-ORG,0.5679832100868225,B-ORG,0.5679832100868225,O,0.13532936573028564,B-PER,0.1305621862411499
8,CD,I-NP,O,O,0.9999134540557861,O,0.9999134540557861,I-ORG,4.385558349895291e-05,I-MISC,2.7577032597037032e-05
