0,1,2,3,predictions,confidence,pred_1,pred_1_confidence,pred_2,pred_2_confidence,pred_3,pred_3_confidence
ALPINE,NNP,B-NP,O,O,0.3490532636642456,O,0.3490532636642456,B-MISC,0.1580369919538498,I-MISC,0.14406956732273102
SKIING-WOMEN,JJ,I-NP,O,B-MISC,0.4747900664806366,B-MISC,0.4747900664806366,I-MISC,0.15765264630317688,O,0.15250363945960999
'S,VBZ,B-VP,O,O,0.9894060492515564,O,0.9894060492515564,I-MISC,0.004849652294069529,B-MISC,0.004429928492754698
WORLD,NN,B-NP,B-MISC,O,0.9282840490341187,O,0.9282840490341187,B-MISC,0.025281967595219612,I-MISC,0.020807821303606033
CUP,RP,B-PRT,I-MISC,O,0.8515806794166565,O,0.8515806794166565,B-MISC,0.04706348851323128,I-MISC,0.04404475912451744
SUPER,NNP,B-NP,O,O,0.890074610710144,O,0.890074610710144,I-MISC,0.04727000743150711,B-MISC,0.03612999618053436
G,NNP,I-NP,O,O,0.9265077710151672,O,0.9265077710151672,B-MISC,0.03725999593734741,I-MISC,0.021826019510626793
RESULTS,NNS,I-NP,O,O,0.9949583411216736,O,0.9949583411216736,I-MISC,0.0023761913180351257,B-MISC,0.0013685229932889342
.,.,O,O,O,0.9999796152114868,O,0.9999796152114868,I-MISC,1.3756951375398785e-05,I-ORG,4.743161298392806e-06
