0,1,2,3,predictions,confidence,pred_1,pred_1_confidence,pred_2,pred_2_confidence,pred_3,pred_3_confidence
2.,CD,B-NP,O,O,0.9999160766601562,O,0.9999160766601562,I-ORG,4.188300954410806e-05,I-MISC,3.5347962693776935e-05
Pernila,NNP,I-NP,B-PER,B-PER,0.3443640172481537,B-PER,0.3443640172481537,B-LOC,0.15375812351703644,B-ORG,0.14630886912345886
Wiberg,NNP,I-NP,I-PER,I-PER,0.4479503333568573,B-PER,0.4479503333568573,I-PER,0.22222615778446198,O,0.09441129863262177
(,(,O,O,O,0.998977541923523,O,0.998977541923523,I-MISC,0.0005003003752790391,I-ORG,0.0003811945207417011
Sweden,NNP,B-NP,B-LOC,B-LOC,0.32828134298324585,B-LOC,0.32828134298324585,B-PER,0.16263261437416077,I-PER,0.15728938579559326
),),O,O,O,0.9991855025291443,O,0.9991855025291443,I-MISC,0.0003635754983406514,I-ORG,0.00032097144867293537
1:17.97,CD,B-NP,O,O,0.9993076324462891,O,0.9993076324462891,I-ORG,0.0004102745733689517,I-MISC,0.000182318952283822
