0,1,2,3,predictions,confidence,pred_1,pred_1_confidence,pred_2,pred_2_confidence,pred_3,pred_3_confidence
7.,CD,B-NP,O,O,0.9999436140060425,O,0.9999436140060425,I-ORG,2.8734641091432422e-05,I-MISC,2.3569369659526274e-05
Madlen,NNP,I-NP,B-PER,B-PER,0.5452810525894165,B-PER,0.5452810525894165,I-PER,0.19317682087421417,B-ORG,0.0982602909207344
Brigger-Summermatter,NNP,I-NP,I-PER,I-PER,0.23776015639305115,B-PER,0.23776015639305115,B-ORG,0.19482167065143585,I-PER,0.15381816029548645
(,(,O,O,O,0.998977541923523,O,0.998977541923523,I-MISC,0.0005003003752790391,I-ORG,0.0003811945207417011
Switzerland,NNP,B-NP,B-LOC,B-LOC,0.37595346570014954,B-LOC,0.37595346570014954,B-PER,0.14897333085536957,I-PER,0.12564460933208466
),),O,O,O,0.9991855025291443,O,0.9991855025291443,I-MISC,0.0003635754983406514,I-ORG,0.00032097144867293537
1:18.23,CD,B-NP,O,O,0.9995189905166626,O,0.9995189905166626,I-ORG,0.0002793311432469636,I-MISC,0.0001311639352934435
