0,1,2,3,predictions,confidence,pred_1,pred_1_confidence,pred_2,pred_2_confidence,pred_3,pred_3_confidence
C.,NNP,B-NP,B-PER,B-PER,0.2507762908935547,B-PER,0.2507762908935547,B-ORG,0.22456195950508118,I-PER,0.11303430050611496
Walsh,NNP,I-NP,I-PER,I-PER,0.6362423300743103,B-PER,0.6362423300743103,I-PER,0.22441326081752777,B-LOC,0.0490996278822422
not,RB,O,O,O,0.9991905093193054,O,0.9991905093193054,B-PER,0.00020568013133015484,I-PER,0.00020351471903268248
out,IN,B-PP,O,O,0.9993605017662048,O,0.9993605017662048,B-PER,0.00018788343004416674,I-MISC,0.00018780084792524576
8,CD,B-NP,O,O,0.9997783303260803,O,0.9997783303260803,I-ORG,0.0001252077636308968,I-MISC,7.373061816906556e-05
