0,1,2,3,predictions,confidence,pred_1,pred_1_confidence,pred_2,pred_2_confidence,pred_3,pred_3_confidence
13.,CD,B-NP,O,O,0.9995991587638855,O,0.9995991587638855,I-ORG,0.00019787832570727915,I-MISC,0.0001428017858415842
Barbara,NNP,I-NP,B-PER,B-PER,0.4750322699546814,B-PER,0.4750322699546814,B-LOC,0.1704527735710144,I-PER,0.139812633395195
Merlin,NNP,I-NP,I-PER,I-PER,0.4915158748626709,B-PER,0.4915158748626709,I-PER,0.21393445134162903,B-LOC,0.10055799782276154
(,(,O,O,O,0.998977541923523,O,0.998977541923523,I-MISC,0.0005003003752790391,I-ORG,0.0003811945207417011
Italy,NNP,B-NP,B-LOC,B-LOC,0.3217920958995819,B-LOC,0.3217920958995819,B-PER,0.23766496777534485,I-PER,0.1403421014547348
),),O,O,O,0.9991855025291443,O,0.9991855025291443,I-MISC,0.0003635754983406514,I-ORG,0.00032097144867293537
1:18.67,CD,B-NP,O,O,0.9994460940361023,O,0.9994460940361023,I-ORG,0.0003241266531404108,I-MISC,0.00015317612269427627
