0,1,2,3,predictions,confidence,pred_1,pred_1_confidence,pred_2,pred_2_confidence,pred_3,pred_3_confidence
14.,CD,B-NP,O,O,0.9994348883628845,O,0.9994348883628845,I-ORG,0.00019569513096939772,I-MISC,0.00014739026664756238
Sybille,NNP,I-NP,B-PER,B-PER,0.5827488303184509,B-PER,0.5827488303184509,I-PER,0.2891853153705597,B-LOC,0.056247562170028687
Brauner,NNP,I-NP,I-PER,I-PER,0.5592508912086487,B-PER,0.5592508912086487,I-PER,0.30374643206596375,B-LOC,0.09098253399133682
(,(,O,O,O,0.9975427389144897,O,0.9975427389144897,I-MISC,0.0007256913813762367,I-ORG,0.0006228045094758272
Germany,NNP,B-NP,B-LOC,B-LOC,0.716142475605011,B-LOC,0.716142475605011,I-LOC,0.08801669627428055,I-PER,0.07736215740442276
),),O,O,O,0.9970887303352356,O,0.9970887303352356,I-MISC,0.001197072328068316,I-ORG,0.0011355075985193253
1:18.81,CD,B-NP,O,O,0.9978058934211731,O,0.9978058934211731,I-ORG,0.0013237796956673265,I-MISC,0.0005165569018572569
