0,1,2,3,predictions,confidence,pred_1,pred_1_confidence,pred_2,pred_2_confidence,pred_3,pred_3_confidence
15.,CD,B-NP,O,O,0.9992663264274597,O,0.9992663264274597,I-ORG,0.00024726131232455373,I-MISC,0.0001888023834908381
Katharina,NNP,I-NP,B-PER,B-PER,0.688082754611969,B-PER,0.688082754611969,I-PER,0.20108406245708466,B-LOC,0.08186891674995422
Gutensohn,NNP,I-NP,I-PER,I-PER,0.46940210461616516,B-PER,0.46940210461616516,I-PER,0.35799095034599304,B-LOC,0.09783048182725906
(,(,O,O,O,0.9975427389144897,O,0.9975427389144897,I-MISC,0.0007256913813762367,I-ORG,0.0006228045094758272
Germany,NNP,B-NP,B-LOC,B-LOC,0.716142475605011,B-LOC,0.716142475605011,I-LOC,0.08801669627428055,I-PER,0.07736215740442276
),),O,O,O,0.9970887303352356,O,0.9970887303352356,I-MISC,0.001197072328068316,I-ORG,0.0011355075985193253
1:18.92,CD,B-NP,O,O,0.9984157085418701,O,0.9984157085418701,I-ORG,0.0009790859185159206,I-MISC,0.00037789822090417147
