0,1,2,3,predictions,confidence,pred_1,pred_1_confidence,pred_2,pred_2_confidence,pred_3,pred_3_confidence
16.,CD,B-NP,O,O,0.9993658661842346,O,0.9993658661842346,I-ORG,0.0002450222964398563,I-MISC,0.00017862643289845437
Leatitia,NNP,I-NP,B-PER,B-PER,0.574442982673645,B-PER,0.574442982673645,I-PER,0.23299673199653625,B-LOC,0.10789716988801956
Dalloz,NNP,I-NP,I-PER,I-PER,0.6319622993469238,B-PER,0.6319622993469238,I-PER,0.2711437940597534,B-LOC,0.07372388988733292
(,(,O,O,O,0.9978499412536621,O,0.9978499412536621,I-MISC,0.0006852318765595555,I-ORG,0.0005657033179886639
France,NNP,B-NP,B-LOC,B-LOC,0.6791214942932129,B-LOC,0.6791214942932129,I-PER,0.09940577298402786,I-LOC,0.09820225834846497
),),O,O,O,0.9971964359283447,O,0.9971964359283447,I-MISC,0.0011453817132860422,I-ORG,0.001090738456696272
1:18.96,CD,B-NP,O,O,0.9979369640350342,O,0.9979369640350342,I-ORG,0.0012627043761312962,I-MISC,0.0004908764967694879
