0,1,2,3,predictions,confidence,pred_1,pred_1_confidence,pred_2,pred_2_confidence,pred_3,pred_3_confidence
17.,CD,B-NP,O,O,0.9995563626289368,O,0.9995563626289368,I-ORG,0.00021864550944883376,I-MISC,0.00015700337826274335
Renate,NNP,I-NP,B-PER,B-PER,0.4327610731124878,B-PER,0.4327610731124878,I-PER,0.16702115535736084,B-ORG,0.11840244382619858
Goetschl,NNP,I-NP,I-PER,I-PER,0.379995733499527,B-PER,0.379995733499527,I-PER,0.21526971459388733,B-ORG,0.10585911571979523
(,(,O,O,O,0.998977541923523,O,0.998977541923523,I-MISC,0.0005003003752790391,I-ORG,0.0003811945207417011
Austria,NNP,B-NP,B-LOC,B-LOC,0.5127555727958679,B-LOC,0.5127555727958679,B-PER,0.12465540319681168,I-PER,0.10368421673774719
),),O,O,O,0.9991855025291443,O,0.9991855025291443,I-MISC,0.0003635754983406514,I-ORG,0.00032097144867293537
1:18.98,CD,B-NP,O,O,0.999334990978241,O,0.999334990978241,I-ORG,0.00039621980977244675,I-MISC,0.0001724396861391142
