0,1,2,3,predictions,confidence,pred_1,pred_1_confidence,pred_2,pred_2_confidence,pred_3,pred_3_confidence
19.,NNP,B-NP,O,O,0.99913090467453,O,0.99913090467453,I-ORG,0.00041355984285473824,I-MISC,0.00028844160260632634
Heidi,NNP,I-NP,B-PER,B-PER,0.4055902063846588,B-PER,0.4055902063846588,I-PER,0.16127274930477142,B-LOC,0.1038162037730217
Zurbriggen,NNP,I-NP,I-PER,I-PER,0.3469236493110657,B-PER,0.3469236493110657,I-PER,0.20337478816509247,B-ORG,0.17837227880954742
(,(,O,O,O,0.998977541923523,O,0.998977541923523,I-MISC,0.0005003003752790391,I-ORG,0.0003811945207417011
Switzerland,NNP,B-NP,B-LOC,B-LOC,0.37595346570014954,B-LOC,0.37595346570014954,B-PER,0.14897333085536957,I-PER,0.12564460933208466
),),O,O,O,0.9991855025291443,O,0.9991855025291443,I-MISC,0.0003635754983406514,I-ORG,0.00032097144867293537
1:19.03,CD,B-NP,O,O,0.9995102882385254,O,0.9995102882385254,I-ORG,0.00028193678008392453,I-MISC,0.00014451648166868836
