0,1,2,3,predictions,confidence,pred_1,pred_1_confidence,pred_2,pred_2_confidence,pred_3,pred_3_confidence
20.,CD,B-NP,O,O,0.9999295473098755,O,0.9999295473098755,I-ORG,3.593853034544736e-05,I-MISC,2.6075911591760814e-05
Spela,NNP,I-NP,B-PER,B-PER,0.4644249975681305,B-PER,0.4644249975681305,I-PER,0.1996113508939743,B-LOC,0.19191837310791016
Bracun,NNP,I-NP,I-PER,I-PER,0.5250917077064514,B-PER,0.5250917077064514,I-PER,0.23991097509860992,B-LOC,0.1531628519296646
(,(,O,O,O,0.9982775449752808,O,0.9982775449752808,I-MISC,0.0006405889871530235,I-ORG,0.0005049966857768595
Slovenia,NNP,B-NP,B-LOC,B-LOC,0.7618854641914368,B-LOC,0.7618854641914368,I-PER,0.07879222184419632,B-PER,0.06052418053150177
),),O,O,O,0.9984360337257385,O,0.9984360337257385,I-MISC,0.0006002493319101632,I-ORG,0.0005946510937064886
1:19.07,CD,B-NP,O,O,0.9993098974227905,O,0.9993098974227905,I-ORG,0.00038457041955552995,I-MISC,0.00017511208716314286
