0,1,2,3,predictions,confidence,pred_1,pred_1_confidence,pred_2,pred_2_confidence,pred_3,pred_3_confidence
21.,NNP,B-NP,O,O,0.9999086856842041,O,0.9999086856842041,I-ORG,4.345992056187242e-05,I-MISC,3.304989149910398e-05
Shannon,NNP,I-NP,B-PER,B-PER,0.5352036356925964,B-PER,0.5352036356925964,I-PER,0.23042920231819153,B-LOC,0.09895412623882294
Nobis,NNP,I-NP,I-PER,I-PER,0.5220831632614136,B-PER,0.5220831632614136,I-PER,0.23328843712806702,B-LOC,0.13523045182228088
(,(,O,O,O,0.9985795021057129,O,0.9985795021057129,I-MISC,0.0005917557864449918,I-ORG,0.0004228289471939206
U.S.,NNP,B-NP,B-LOC,B-LOC,0.8154329061508179,B-LOC,0.8154329061508179,I-LOC,0.06312987208366394,B-PER,0.032988328486680984
),),O,O,O,0.9971930384635925,O,0.9971930384635925,I-MISC,0.0012708522845059633,I-ORG,0.0011247301008552313
1:19.08,CD,B-NP,O,O,0.9979289770126343,O,0.9979289770126343,I-ORG,0.0012523052282631397,I-MISC,0.0006139872712083161
