0,1,2,3,predictions,confidence,pred_1,pred_1_confidence,pred_2,pred_2_confidence,pred_3,pred_3_confidence
22=,NNP,B-NP,O,O,0.9999147653579712,O,0.9999147653579712,I-ORG,4.248826371622272e-05,I-MISC,3.5694662074092776e-05
Anita,NNP,I-NP,B-PER,B-PER,0.3939518332481384,B-PER,0.3939518332481384,B-LOC,0.1631619781255722,I-PER,0.138023242354393
Wachter,NNP,I-NP,I-PER,I-PER,0.513396143913269,B-PER,0.513396143913269,I-PER,0.2298978567123413,B-ORG,0.07070021331310272
(,(,O,O,O,0.998977541923523,O,0.998977541923523,I-MISC,0.0005003003752790391,I-ORG,0.0003811945207417011
Austria,NNP,B-NP,B-LOC,B-LOC,0.5127555727958679,B-LOC,0.5127555727958679,B-PER,0.12465540319681168,I-PER,0.10368421673774719
),),O,O,O,0.9991855025291443,O,0.9991855025291443,I-MISC,0.0003635754983406514,I-ORG,0.00032097144867293537
1:19.21,CD,B-NP,O,O,0.9992662072181702,O,0.9992662072181702,I-ORG,0.00043054079287685454,I-MISC,0.00019335011893417686
