0,1,2,3,predictions,confidence,pred_1,pred_1_confidence,pred_2,pred_2_confidence,pred_3,pred_3_confidence
Extras,NNS,B-NP,O,B-LOC,0.23688359558582306,B-PER,0.23688359558582306,B-LOC,0.17988957464694977,B-ORG,0.17784765362739563
(,(,O,O,O,0.9994128942489624,O,0.9994128942489624,I-ORG,0.0002734996669460088,I-MISC,0.0002572101366240531
lb-10,CD,B-NP,O,O,0.9972936511039734,O,0.9972936511039734,I-ORG,0.0016923402436077595,I-MISC,0.0007707953918725252
w-1,JJ,I-NP,O,O,0.9990979433059692,O,0.9990979433059692,I-ORG,0.0005536958342418075,I-MISC,0.0002974403614643961
nb-3,CD,I-NP,O,O,0.997918426990509,O,0.997918426990509,I-ORG,0.001388592179864645,I-MISC,0.0005280888290144503
),),O,O,O,0.9992782473564148,O,0.9992782473564148,I-ORG,0.00046542976633645594,I-MISC,0.00021331090829335153
14,CD,B-NP,O,O,0.9998030066490173,O,0.9998030066490173,I-ORG,0.00012917561980430037,I-MISC,5.871313624083996e-05
