0,1,2,3,predictions,confidence,pred_1,pred_1_confidence,pred_2,pred_2_confidence,pred_3,pred_3_confidence
22=,CD,B-NP,O,O,0.9999130964279175,O,0.9999130964279175,I-ORG,3.861104414681904e-05,I-MISC,3.267041756771505e-05
Regine,NNP,I-NP,B-PER,B-PER,0.6143331527709961,B-PER,0.6143331527709961,I-PER,0.25055599212646484,B-LOC,0.04968462884426117
Cavagnoud,NNP,I-NP,I-PER,I-PER,0.5477737188339233,B-PER,0.5477737188339233,I-PER,0.3020627796649933,B-LOC,0.09729766845703125
(,(,O,O,O,0.9978499412536621,O,0.9978499412536621,I-MISC,0.0006852318765595555,I-ORG,0.0005657033179886639
France,NNP,B-NP,B-LOC,B-LOC,0.6791214942932129,B-LOC,0.6791214942932129,I-PER,0.09940577298402786,I-LOC,0.09820225834846497
),),O,O,O,0.9971964359283447,O,0.9971964359283447,I-MISC,0.0011453817132860422,I-ORG,0.001090738456696272
1:19.21,CD,B-NP,O,O,0.9980056881904602,O,0.9980056881904602,I-ORG,0.001191208604723215,I-MISC,0.0004859991604462266
