0,1,2,3,predictions,confidence,pred_1,pred_1_confidence,pred_2,pred_2_confidence,pred_3,pred_3_confidence
24.,CD,B-NP,O,O,0.9999374151229858,O,0.9999374151229858,I-ORG,3.0015544325578958e-05,I-MISC,2.367544402659405e-05
Megan,JJ,I-NP,B-PER,B-PER,0.617283284664154,B-PER,0.617283284664154,I-PER,0.20868243277072906,B-LOC,0.07516801357269287
Gerety,NN,I-NP,I-PER,I-PER,0.5611495971679688,B-PER,0.5611495971679688,I-PER,0.25100991129875183,B-LOC,0.07986465841531754
(,(,O,O,O,0.9985795021057129,O,0.9985795021057129,I-MISC,0.0005917557864449918,I-ORG,0.0004228289471939206
U.S.,NNP,B-NP,B-LOC,B-LOC,0.8154329061508179,B-LOC,0.8154329061508179,I-LOC,0.06312987208366394,B-PER,0.032988328486680984
),),O,O,O,0.9971930384635925,O,0.9971930384635925,I-MISC,0.0012708522845059633,I-ORG,0.0011247301008552313
1:19.39,CD,B-NP,O,O,0.9969473481178284,O,0.9969473481178284,I-ORG,0.0018689383286982775,I-MISC,0.0008243402116931975
