0,1,2,3,predictions,confidence,pred_1,pred_1_confidence,pred_2,pred_2_confidence,pred_3,pred_3_confidence
25.,CD,B-NP,O,O,0.9998981952667236,O,0.9998981952667236,I-MISC,3.3072687074309215e-05,I-ORG,3.0831222829874605e-05
Hilary,NNP,I-NP,B-PER,B-PER,0.5780118703842163,B-PER,0.5780118703842163,I-PER,0.25240573287010193,B-LOC,0.12322362512350082
Lindh,NNP,I-NP,I-PER,I-PER,0.5194737315177917,B-PER,0.5194737315177917,I-PER,0.32891353964805603,B-LOC,0.07568184286355972
(,(,O,O,O,0.9989080429077148,O,0.9989080429077148,I-MISC,0.0003311408217996359,I-ORG,0.0002608710201457143
U.S.,NNP,B-NP,B-LOC,B-LOC,0.8178322911262512,B-LOC,0.8178322911262512,I-LOC,0.050507672131061554,B-PER,0.048023905605077744
),),O,O,O,0.997869610786438,O,0.997869610786438,I-MISC,0.000880323292221874,I-ORG,0.0008417766657657921
1:19.41,CD,B-NP,O,O,0.997897744178772,O,0.997897744178772,I-ORG,0.0012681909138336778,I-MISC,0.0005326388636603951
