0,1,2,3,predictions,confidence,pred_1,pred_1_confidence,pred_2,pred_2_confidence,pred_3,pred_3_confidence
26=,NNP,B-NP,O,O,0.999906063079834,O,0.999906063079834,I-ORG,4.6857050620019436e-05,I-MISC,3.9491624193033203e-05
Catherine,NNP,I-NP,B-PER,B-PER,0.43527835607528687,B-PER,0.43527835607528687,I-PER,0.1700233668088913,B-ORG,0.1697828322649002
Borghi,NNP,I-NP,I-PER,I-PER,0.41933396458625793,B-PER,0.41933396458625793,I-PER,0.19782240688800812,B-LOC,0.15531399846076965
(,(,O,O,O,0.998977541923523,O,0.998977541923523,I-MISC,0.0005003003752790391,I-ORG,0.0003811945207417011
Switzerland,NNP,B-NP,B-LOC,B-LOC,0.37595346570014954,B-LOC,0.37595346570014954,B-PER,0.14897333085536957,I-PER,0.12564460933208466
),),O,O,O,0.9991855025291443,O,0.9991855025291443,I-MISC,0.0003635754983406514,I-ORG,0.00032097144867293537
1:19.44,CD,B-NP,O,O,0.9995046854019165,O,0.9995046854019165,I-ORG,0.00029208872001618147,I-MISC,0.00013591408787760884
