0,1,2,3,predictions,confidence,pred_1,pred_1_confidence,pred_2,pred_2_confidence,pred_3,pred_3_confidence
26=,CD,B-NP,O,O,0.999906063079834,O,0.999906063079834,I-ORG,4.6857050620019436e-05,I-MISC,3.9491624193033203e-05
Michaela,NNP,I-NP,B-PER,B-PER,0.5399264693260193,B-PER,0.5399264693260193,I-PER,0.16954568028450012,B-ORG,0.10793060064315796
Dorfmeister,NNP,I-NP,I-PER,I-PER,0.2848091125488281,B-PER,0.2848091125488281,O,0.20141515135765076,I-PER,0.18875965476036072
(,(,O,O,O,0.998977541923523,O,0.998977541923523,I-MISC,0.0005003003752790391,I-ORG,0.0003811945207417011
Austria,NNP,B-NP,B-LOC,B-LOC,0.5127555727958679,B-LOC,0.5127555727958679,B-PER,0.12465540319681168,I-PER,0.10368421673774719
),),O,O,O,0.9991855025291443,O,0.9991855025291443,I-MISC,0.0003635754983406514,I-ORG,0.00032097144867293537
1:19.44,CD,B-NP,O,O,0.9995046854019165,O,0.9995046854019165,I-ORG,0.00029208872001618147,I-MISC,0.00013591408787760884
