0,1,2,3,predictions,confidence,pred_1,pred_1_confidence,pred_2,pred_2_confidence,pred_3,pred_3_confidence
28.,NNP,B-NP,O,O,0.9999240636825562,O,0.9999240636825562,I-ORG,4.0711849578656256e-05,I-MISC,2.8788772397092544e-05
Alexandra,NNP,I-NP,B-PER,B-PER,0.42506781220436096,B-PER,0.42506781220436096,I-PER,0.15021508932113647,B-ORG,0.13215836882591248
Meissnitzer,NNP,I-NP,I-PER,I-PER,0.30192995071411133,B-PER,0.30192995071411133,I-PER,0.17669783532619476,O,0.17146050930023193
(,(,O,O,O,0.998977541923523,O,0.998977541923523,I-MISC,0.0005003003752790391,I-ORG,0.0003811945207417011
Austria,NNP,B-NP,B-LOC,B-LOC,0.5127555727958679,B-LOC,0.5127555727958679,B-PER,0.12465540319681168,I-PER,0.10368421673774719
),),O,O,O,0.9991855025291443,O,0.9991855025291443,I-MISC,0.0003635754983406514,I-ORG,0.00032097144867293537
1:19.53,CD,B-NP,O,O,0.9995166063308716,O,0.9995166063308716,I-ORG,0.0002816668420564383,I-MISC,0.00013904240040574223
