0,1,2,3,predictions,confidence,pred_1,pred_1_confidence,pred_2,pred_2_confidence,pred_3,pred_3_confidence
29.,CD,O,O,O,0.9998530149459839,O,0.9998530149459839,I-ORG,8.112134673865512e-05,I-MISC,5.236678771325387e-05
Ingeborg,VBG,B-VP,B-PER,O,0.3330116868019104,O,0.3330116868019104,B-ORG,0.2208167463541031,B-PER,0.1472432166337967
Helen,NNP,B-NP,I-PER,B-PER,0.4550439715385437,B-PER,0.4550439715385437,I-PER,0.19005481898784637,B-ORG,0.11540418118238449
Marken,NNP,I-NP,I-PER,I-PER,0.5686976909637451,B-PER,0.5686976909637451,I-PER,0.24028071761131287,B-ORG,0.06332683563232422
(,(,O,O,O,0.9988420605659485,O,0.9988420605659485,I-MISC,0.0005639733863063157,I-ORG,0.00043839661520905793
Norway,NNP,B-NP,B-LOC,B-LOC,0.34587371349334717,B-LOC,0.34587371349334717,B-PER,0.17247946560382843,I-PER,0.12258599698543549
),),O,O,O,0.9991666078567505,O,0.9991666078567505,I-MISC,0.00037035238347016275,I-ORG,0.00033040691050700843
1:19.54,CD,B-NP,O,O,0.9995020627975464,O,0.9995020627975464,I-ORG,0.0002971803769469261,I-MISC,0.00013704424782190472
