0,1,2,3,predictions,confidence,pred_1,pred_1_confidence,pred_2,pred_2_confidence,pred_3,pred_3_confidence
30.,NNP,B-NP,O,O,0.9999542236328125,O,0.9999542236328125,I-ORG,2.4514021788490936e-05,I-MISC,1.816204166971147e-05
Monika,NNP,I-NP,B-PER,B-PER,0.5260292887687683,B-PER,0.5260292887687683,I-PER,0.17608557641506195,B-LOC,0.0933951660990715
Tschirky,NNP,I-NP,I-PER,I-PER,0.39286524057388306,B-PER,0.39286524057388306,I-PER,0.1970786452293396,O,0.167752206325531
(,(,O,O,O,0.998977541923523,O,0.998977541923523,I-MISC,0.0005003003752790391,I-ORG,0.0003811945207417011
Switzerland,NNP,B-NP,B-LOC,B-LOC,0.37595346570014954,B-LOC,0.37595346570014954,B-PER,0.14897333085536957,I-PER,0.12564460933208466
),),O,O,O,0.9991855025291443,O,0.9991855025291443,I-MISC,0.0003635754983406514,I-ORG,0.00032097144867293537
1:19.60,CD,B-NP,O,O,0.9988875985145569,O,0.9988875985145569,I-ORG,0.0006143655627965927,I-MISC,0.0003351509803906083
