0,1,2,3,predictions,confidence,pred_1,pred_1_confidence,pred_2,pred_2_confidence,pred_3,pred_3_confidence
Total,JJ,B-NP,O,O,0.9856168627738953,O,0.9856168627738953,B-ORG,0.0036515379324555397,B-MISC,0.0029708347283303738
(,(,O,O,O,0.999734103679657,O,0.999734103679657,I-MISC,0.00016431974654551595,I-ORG,8.966609311755747e-05
49.2,CD,B-NP,O,O,0.9998514652252197,O,0.9998514652252197,I-ORG,8.375936886295676e-05,I-MISC,6.0890521126566455e-05
overs,NNS,I-NP,O,O,0.9988144636154175,O,0.9988144636154175,I-ORG,0.0006460728473030031,I-MISC,0.0004221374401822686
),),O,O,O,0.9989528656005859,O,0.9989528656005859,I-MISC,0.0005483525455929339,I-ORG,0.00040872348472476006
172,CD,B-NP,O,O,0.9991015195846558,O,0.9991015195846558,I-MISC,0.0004229217011015862,I-ORG,0.0004202181880827993
