0,1,2,3,predictions,confidence,pred_1,pred_1_confidence,pred_2,pred_2_confidence,pred_3,pred_3_confidence
ALPINE,NNP,B-NP,O,O,0.2748420536518097,O,0.2748420536518097,B-LOC,0.15663102269172668,B-MISC,0.1526426523923874
SKIING-GLADISHIVA,NNP,I-NP,B-MISC,B-LOC,0.33143237233161926,B-MISC,0.33143237233161926,B-LOC,0.22973354160785675,B-PER,0.18928883969783783
WINS,VBZ,B-VP,O,O,0.9037917256355286,O,0.9037917256355286,B-PER,0.056297313421964645,I-MISC,0.014831549488008022
WORLD,NN,B-NP,B-MISC,O,0.7105958461761475,O,0.7105958461761475,I-MISC,0.10668855160474777,B-MISC,0.09153491258621216
CUP,RP,B-PRT,I-MISC,O,0.41864335536956787,O,0.41864335536956787,B-ORG,0.2076352834701538,I-MISC,0.15857304632663727
SUPER,NNP,B-NP,O,O,0.542937159538269,O,0.542937159538269,I-MISC,0.1634015291929245,B-ORG,0.12641867995262146
G,NNP,I-NP,O,O,0.6309263706207275,O,0.6309263706207275,B-MISC,0.08917347341775894,I-MISC,0.08747338503599167
.,.,O,O,O,0.9999467134475708,O,0.9999467134475708,I-MISC,3.305414429632947e-05,I-ORG,1.5786472431500442e-05
