0,1,2,3,predictions,confidence,pred_1,pred_1_confidence,pred_2,pred_2_confidence,pred_3,pred_3_confidence
TARPON,NNP,B-NP,B-LOC,B-LOC,0.3709386885166168,B-LOC,0.3709386885166168,B-ORG,0.30937495827674866,B-PER,0.10159073770046234
SPRINGS,NNP,I-NP,I-LOC,O,0.3886127173900604,B-LOC,0.3886127173900604,B-ORG,0.1767066866159439,O,0.14398425817489624
",",",",O,O,O,0.9995200634002686,O,0.9995200634002686,I-MISC,0.00022132259618956596,I-ORG,0.00019898670143447816
Florida,NNP,B-NP,B-LOC,B-LOC,0.20598940551280975,B-PER,0.20598940551280975,B-ORG,0.20390714704990387,B-LOC,0.13705012202262878
1996-12-07,CD,I-NP,O,O,0.999669075012207,O,0.999669075012207,I-ORG,0.00017919120728038251,I-MISC,9.623381629353389e-05
