0,1,2,3,predictions,confidence,pred_1,pred_1_confidence,pred_2,pred_2_confidence,pred_3,pred_3_confidence
ALPINE,NNP,B-NP,O,O,0.34358641505241394,B-ORG,0.34358641505241394,O,0.19878895580768585,B-LOC,0.14504139125347137
SKIING-WOMEN,JJ,I-NP,O,B-MISC,0.36233630776405334,B-ORG,0.36233630776405334,B-MISC,0.24123132228851318,I-MISC,0.11741672456264496
'S,VBZ,B-VP,O,O,0.9727053642272949,O,0.9727053642272949,I-MISC,0.009008347056806087,B-ORG,0.005901120603084564
DOWNHILL,NNP,B-NP,O,O,0.2811860144138336,O,0.2811860144138336,B-ORG,0.2512160837650299,B-LOC,0.16092179715633392
WINNER,NNP,I-NP,O,O,0.40894389152526855,O,0.40894389152526855,B-ORG,0.19797679781913757,B-LOC,0.11509950459003448
PROFILE,NNP,I-NP,O,O,0.39509454369544983,O,0.39509454369544983,B-ORG,0.16868701577186584,I-MISC,0.12209966033697128
.,.,O,O,O,0.9999045133590698,O,0.9999045133590698,I-MISC,5.5375698138959706e-05,I-ORG,3.149076292174868e-05
