0,1,2,3,predictions,confidence,pred_1,pred_1_confidence,pred_2,pred_2_confidence,pred_3,pred_3_confidence
Nation,NN,B-NP,O,B-MISC,0.5667352676391602,B-MISC,0.5667352676391602,B-PER,0.10566151887178421,I-MISC,0.09557082504034042
:,:,O,O,O,0.9994940757751465,O,0.9994940757751465,I-MISC,0.00033945817267522216,I-ORG,0.00010176444629905745
Austria,NNP,B-NP,B-LOC,B-LOC,0.2296106219291687,B-LOC,0.2296106219291687,B-ORG,0.18626800179481506,B-PER,0.17590337991714478
