0,1,2,3,predictions,confidence,pred_1,pred_1_confidence,pred_2,pred_2_confidence,pred_3,pred_3_confidence
ALPINE,NNP,B-NP,O,O,0.33240047097206116,O,0.33240047097206116,B-MISC,0.16732533276081085,I-MISC,0.14512747526168823
SKIING-WOMEN,JJ,I-NP,O,B-MISC,0.49881982803344727,B-MISC,0.49881982803344727,I-MISC,0.1566561907529831,O,0.14218227565288544
'S,VBZ,B-VP,O,O,0.9885274171829224,O,0.9885274171829224,I-MISC,0.005244354251772165,B-MISC,0.005058880429714918
WORLD,NN,B-NP,B-MISC,O,0.92522132396698,O,0.92522132396698,B-MISC,0.028175102546811104,I-MISC,0.02105727605521679
CUP,RP,B-PRT,I-MISC,O,0.8872724175453186,O,0.8872724175453186,B-MISC,0.04994131997227669,I-MISC,0.038154374808073044
STANDINGS,NNS,B-NP,O,O,0.9896994233131409,O,0.9896994233131409,I-MISC,0.004635699559003115,B-MISC,0.003191441996023059
.,.,O,O,O,0.9999892711639404,O,0.9999892711639404,I-MISC,6.994379873503931e-06,I-ORG,2.3148293166741496e-06
