0,1,2,3,predictions,confidence,pred_1,pred_1_confidence,pred_2,pred_2_confidence,pred_3,pred_3_confidence
3.,NNP,B-NP,O,O,0.9999420642852783,O,0.9999420642852783,I-ORG,2.7682668587658554e-05,I-MISC,2.2256019292399287e-05
Carole,NNP,I-NP,B-PER,B-PER,0.6225177645683289,B-PER,0.6225177645683289,I-PER,0.2634260058403015,B-LOC,0.04564041644334793
Montillet,NNP,I-NP,I-PER,I-PER,0.4498344361782074,B-PER,0.4498344361782074,I-PER,0.3655550479888916,B-LOC,0.05534014478325844
(,(,O,O,O,0.9977532029151917,O,0.9977532029151917,I-MISC,0.0007326893974095583,I-ORG,0.0006651195581071079
France,NNP,B-NP,B-LOC,B-LOC,0.649307370185852,B-LOC,0.649307370185852,I-LOC,0.1098812073469162,I-PER,0.09637333452701569
),),O,O,O,0.9970692992210388,O,0.9970692992210388,I-ORG,0.001372386235743761,I-MISC,0.001119047636166215
86,CD,B-NP,O,O,0.9988177418708801,O,0.9988177418708801,I-ORG,0.0006707736756652594,I-MISC,0.00042231721454299986
