0,1,2,3,predictions,confidence,pred_1,pred_1_confidence,pred_2,pred_2_confidence,pred_3,pred_3_confidence
4.,CD,B-NP,O,O,0.999933123588562,O,0.999933123588562,I-ORG,3.1709128961665556e-05,I-MISC,2.9168837500037625e-05
Pernilla,NNP,I-NP,B-PER,B-PER,0.3900158405303955,B-PER,0.3900158405303955,I-PER,0.1625865250825882,B-LOC,0.13467690348625183
Wiberg,NNP,I-NP,I-PER,I-PER,0.4985460042953491,B-PER,0.4985460042953491,I-PER,0.2319236546754837,O,0.07976062595844269
(,(,O,O,O,0.9990208148956299,O,0.9990208148956299,I-MISC,0.0004903490771539509,I-ORG,0.00033435298246331513
Sweden,NNP,B-NP,B-LOC,B-LOC,0.3262764811515808,B-LOC,0.3262764811515808,B-PER,0.19228164851665497,I-PER,0.17312994599342346
),),O,O,O,0.9992177486419678,O,0.9992177486419678,I-MISC,0.00035993315395899117,I-ORG,0.00028174836188554764
75,CD,B-NP,O,O,0.9996964931488037,O,0.9996964931488037,I-MISC,0.00014069060853216797,I-ORG,0.0001400288165314123
