0,1,2,3,predictions,confidence,pred_1,pred_1_confidence,pred_2,pred_2_confidence,pred_3,pred_3_confidence
5.,NNP,B-NP,O,O,0.9999163150787354,O,0.9999163150787354,I-ORG,4.373274714453146e-05,I-MISC,3.3657419407973066e-05
Heidi,NNP,I-NP,B-PER,B-PER,0.36572137475013733,B-PER,0.36572137475013733,I-PER,0.16777360439300537,B-LOC,0.12027058005332947
Zurbriggen,NNP,I-NP,I-PER,I-PER,0.2824116051197052,B-PER,0.2824116051197052,B-ORG,0.2280748039484024,I-PER,0.197182759642601
(,(,O,O,O,0.9987383484840393,O,0.9987383484840393,I-MISC,0.0005662952899001539,I-ORG,0.000538831518497318
Switzerland,NNP,B-NP,B-LOC,B-LOC,0.3526656925678253,B-LOC,0.3526656925678253,B-ORG,0.1818738877773285,I-ORG,0.12004880607128143
),),O,O,O,0.9990348815917969,O,0.9990348815917969,I-ORG,0.00047086653648875654,I-MISC,0.00037734306533820927
69,CD,B-NP,O,O,0.9986196756362915,O,0.9986196756362915,I-ORG,0.0007755170809105039,I-MISC,0.00048542028525844216
