0,1,2,3,predictions,confidence,pred_1,pred_1_confidence,pred_2,pred_2_confidence,pred_3,pred_3_confidence
6.,CD,B-NP,O,O,0.9999252557754517,O,0.9999252557754517,I-ORG,2.860661879822146e-05,I-MISC,2.6002047889051028e-05
Regina,NNP,I-NP,B-PER,B-PER,0.5733183026313782,B-PER,0.5733183026313782,I-PER,0.24982118606567383,B-LOC,0.13393396139144897
Haeusl,NNP,I-NP,I-PER,I-PER,0.5421978831291199,B-PER,0.5421978831291199,I-PER,0.3300943374633789,B-LOC,0.09637041389942169
(,(,O,O,O,0.9969725608825684,O,0.9969725608825684,I-MISC,0.0007995771011337638,I-ORG,0.0007476459140889347
Germany,NNP,B-NP,B-LOC,B-LOC,0.7245671153068542,B-LOC,0.7245671153068542,I-LOC,0.08921652287244797,I-PER,0.07882820069789886
),),O,O,O,0.9959114789962769,O,0.9959114789962769,I-ORG,0.0016187705332413316,I-MISC,0.0014209923101589084
66,CD,B-NP,O,O,0.999113142490387,O,0.999113142490387,I-ORG,0.00043967243982478976,I-MISC,0.0003238244098611176
