0,1,2,3,predictions,confidence,pred_1,pred_1_confidence,pred_2,pred_2_confidence,pred_3,pred_3_confidence
7.,NNP,B-NP,O,O,0.9999254941940308,O,0.9999254941940308,I-ORG,4.0047296351986006e-05,I-MISC,2.793268322420772e-05
Alexandra,NNP,I-NP,B-PER,B-PER,0.3539237082004547,B-PER,0.3539237082004547,I-PER,0.18072514235973358,B-LOC,0.17672975361347198
Meissnitzer,NNP,I-NP,I-PER,I-PER,0.2200177013874054,B-PER,0.2200177013874054,B-ORG,0.20624424517154694,I-PER,0.19897396862506866
(,(,O,O,O,0.9982501864433289,O,0.9982501864433289,I-ORG,0.000849093368742615,I-MISC,0.00067356345243752
Austria,NNP,B-NP,B-LOC,B-LOC,0.48606353998184204,B-LOC,0.48606353998184204,B-ORG,0.16073717176914215,I-ORG,0.108651302754879
),),O,O,O,0.998748779296875,O,0.998748779296875,I-ORG,0.0007340232841670513,I-MISC,0.00039365136763080955
65,CD,B-NP,O,O,0.9993315935134888,O,0.9993315935134888,I-ORG,0.0004450347041711211,I-MISC,0.00019329342467244714
