0,1,2,3,predictions,confidence,pred_1,pred_1_confidence,pred_2,pred_2_confidence,pred_3,pred_3_confidence
8.,CD,B-NP,O,O,0.9998127818107605,O,0.9998127818107605,I-ORG,0.00010305657633580267,I-MISC,6.938476872164756e-05
Isolde,FW,I-NP,B-PER,B-PER,0.29614582657814026,B-ORG,0.29614582657814026,B-PER,0.19991065561771393,I-ORG,0.11641187220811844
Kostner,NNP,I-NP,I-PER,I-PER,0.30931994318962097,B-PER,0.30931994318962097,B-ORG,0.2158157229423523,I-PER,0.17264677584171295
(,(,O,O,O,0.9986140727996826,O,0.9986140727996826,I-ORG,0.0007352816173806787,I-MISC,0.0005445096758194268
Italy,NNP,B-NP,B-LOC,B-LOC,0.3531162440776825,B-ORG,0.3531162440776825,I-ORG,0.24027879536151886,B-LOC,0.15043003857135773
),),O,O,O,0.9989526271820068,O,0.9989526271820068,I-ORG,0.0007337002316489816,I-MISC,0.0002625742054078728
60,CD,B-NP,O,O,0.9998931884765625,O,0.9998931884765625,I-ORG,7.447217649314553e-05,I-MISC,2.9891187296016142e-05
