0,1,2,3,predictions,confidence,pred_1,pred_1_confidence,pred_2,pred_2_confidence,pred_3,pred_3_confidence
9.,CD,B-NP,O,O,0.9936326146125793,O,0.9936326146125793,I-ORG,0.0026536122895777225,I-MISC,0.0020536852534860373
Ingeborg,NNP,I-NP,B-PER,O,0.32962411642074585,O,0.32962411642074585,B-ORG,0.24264788627624512,B-PER,0.1275104582309723
Helen,NNP,I-NP,I-PER,B-PER,0.39504680037498474,B-PER,0.39504680037498474,I-PER,0.17635686695575714,B-ORG,0.15166546404361725
Markein,NNP,I-NP,O,I-PER,0.4579906463623047,B-PER,0.4579906463623047,I-PER,0.2100624293088913,B-ORG,0.11997269093990326
(,(,O,O,O,0.9986345171928406,O,0.9986345171928406,I-ORG,0.0006228383863344789,I-MISC,0.0006098535959608853
Norway,NNP,B-NP,B-LOC,B-LOC,0.24351432919502258,B-LOC,0.24351432919502258,I-ORG,0.22143609821796417,B-ORG,0.21246583759784698
),),O,O,O,0.9991488456726074,O,0.9991488456726074,I-ORG,0.0004882922512479126,I-MISC,0.0003046759229619056
58,CD,B-NP,O,O,0.9998979568481445,O,0.9998979568481445,I-ORG,6.703707185806707e-05,I-MISC,3.2437204936286435e-05
