0,1,2,3,predictions,confidence,pred_1,pred_1_confidence,pred_2,pred_2_confidence,pred_3,pred_3_confidence
10=,CD,B-NP,O,O,0.999288022518158,O,0.999288022518158,I-ORG,0.00026473304023966193,I-MISC,0.0002555913815740496
Megan,JJ,I-NP,B-PER,B-PER,0.5851715803146362,B-PER,0.5851715803146362,I-PER,0.22713319957256317,B-LOC,0.09035231918096542
Gerety,NN,I-NP,I-PER,I-PER,0.5072712898254395,B-PER,0.5072712898254395,I-PER,0.2676781117916107,B-LOC,0.10503649711608887
(,(,O,O,O,0.9982984662055969,O,0.9982984662055969,I-MISC,0.0006765671423636377,I-ORG,0.0005684792413376272
U.S.,NNP,B-NP,B-LOC,B-LOC,0.7908762097358704,B-LOC,0.7908762097358704,I-LOC,0.07028364390134811,B-ORG,0.04234427958726883
),),O,O,O,0.9966832995414734,O,0.9966832995414734,I-ORG,0.0015910618240013719,I-MISC,0.0013289920752868056
51,CD,B-NP,O,O,0.9982854723930359,O,0.9982854723930359,I-ORG,0.0009678454953245819,I-MISC,0.0006420481950044632
