0,1,2,3,predictions,confidence,pred_1,pred_1_confidence,pred_2,pred_2_confidence,pred_3,pred_3_confidence
10=,CD,B-NP,O,O,0.9993317723274231,O,0.9993317723274231,I-ORG,0.0003032144159078598,I-MISC,0.0002610849915072322
Warwara,NNP,I-NP,B-PER,B-PER,0.41433626413345337,B-PER,0.41433626413345337,B-LOC,0.17924180626869202,I-PER,0.16054920852184296
Zelenskaja,NNP,I-NP,I-PER,I-PER,0.4034877121448517,B-PER,0.4034877121448517,B-LOC,0.21507546305656433,I-PER,0.1869218796491623
(,(,O,O,O,0.9987334609031677,O,0.9987334609031677,I-MISC,0.0005717570311389863,I-ORG,0.0005247836816124618
Russia,NNP,B-NP,B-LOC,B-LOC,0.5119690299034119,B-LOC,0.5119690299034119,B-PER,0.10321719944477081,I-PER,0.09799899160861969
),),O,O,O,0.9990430474281311,O,0.9990430474281311,I-ORG,0.00045421867980621755,I-MISC,0.00038034835597500205
51,CD,B-NP,O,O,0.9994320273399353,O,0.9994320273399353,I-ORG,0.0003176372847519815,I-MISC,0.00020945326832588762
