0,1,2,3,predictions,confidence,pred_1,pred_1_confidence,pred_2,pred_2_confidence,pred_3,pred_3_confidence
13=,CD,B-NP,O,O,0.9989957213401794,O,0.9989957213401794,I-ORG,0.0002890127361752093,I-PER,0.0002461661060806364
Picabo,NNP,I-NP,B-PER,B-PER,0.5701258182525635,B-PER,0.5701258182525635,I-PER,0.2863222360610962,B-LOC,0.0878262147307396
Street,NNP,I-NP,I-PER,I-PER,0.346604585647583,B-PER,0.346604585647583,I-PER,0.28490984439849854,B-LOC,0.27322933077812195
(,(,O,O,O,0.9975866079330444,O,0.9975866079330444,I-MISC,0.0010039001936092973,I-ORG,0.0005221267347224057
U.S.,NNP,B-NP,B-LOC,B-LOC,0.7805513739585876,B-LOC,0.7805513739585876,B-PER,0.0799270048737526,I-LOC,0.06464715301990509
),),O,O,O,0.9968043565750122,O,0.9968043565750122,I-MISC,0.0014253758126869798,I-ORG,0.000759463815484196
50,CD,B-NP,O,O,0.9988996982574463,O,0.9988996982574463,I-MISC,0.0006319363019429147,I-ORG,0.000302669417578727
