0,1,2,3,predictions,confidence,pred_1,pred_1_confidence,pred_2,pred_2_confidence,pred_3,pred_3_confidence
10=,CD,B-NP,O,O,0.999239444732666,O,0.999239444732666,I-ORG,0.00027136612334288657,I-MISC,0.0002415290946373716
Florence,NNP,I-NP,B-LOC,B-PER,0.4680575430393219,B-PER,0.4680575430393219,I-PER,0.3218691349029541,B-LOC,0.05586591735482216
Masnada,NNP,I-NP,B-PER,I-PER,0.5047227740287781,B-PER,0.5047227740287781,I-PER,0.25375741720199585,B-LOC,0.19301766157150269
(,(,O,O,O,0.9975368976593018,O,0.9975368976593018,I-MISC,0.000765990640502423,I-ORG,0.0007178457453846931
France,NNP,B-NP,B-LOC,B-LOC,0.6502444744110107,B-LOC,0.6502444744110107,I-LOC,0.11115547269582748,I-PER,0.09790743887424469
),),O,O,O,0.9967131614685059,O,0.9967131614685059,I-ORG,0.0015430173370987177,I-MISC,0.0011978123802691698
51,CD,B-NP,O,O,0.9986520409584045,O,0.9986520409584045,I-ORG,0.0007627616287209094,I-MISC,0.0004653528449125588
