0,1,2,3,predictions,confidence,pred_1,pred_1_confidence,pred_2,pred_2_confidence,pred_3,pred_3_confidence
13=,CD,B-NP,O,O,0.9995856881141663,O,0.9995856881141663,I-MISC,0.00017535862571094185,I-ORG,0.00016713999502826482
Stefanie,NNP,I-NP,B-PER,B-PER,0.35541653633117676,B-PER,0.35541653633117676,B-MISC,0.11832165718078613,I-PER,0.11765030771493912
Schuster,NNP,I-NP,I-PER,I-PER,0.44751566648483276,B-PER,0.44751566648483276,O,0.19066105782985687,I-PER,0.18283122777938843
(,(,O,O,O,0.9993276596069336,O,0.9993276596069336,I-MISC,0.00035474609467200935,I-ORG,0.0001800900645321235
Austria,NNP,B-NP,B-LOC,B-LOC,0.3532874286174774,B-PER,0.3532874286174774,B-LOC,0.34024518728256226,I-PER,0.17398850619792938
),),O,O,O,0.9992802739143372,O,0.9992802739143372,I-MISC,0.0002960630808956921,I-ORG,0.00015573912241961807
50,CD,B-NP,O,O,0.999725878238678,O,0.999725878238678,I-MISC,0.00014860751980450004,I-ORG,7.082596130203456e-05
