0,1,2,3,predictions,confidence,pred_1,pred_1_confidence,pred_2,pred_2_confidence,pred_3,pred_3_confidence
15.,CD,B-NP,O,O,0.9990789890289307,O,0.9990789890289307,I-ORG,0.0005135323735885322,I-MISC,0.00022405991330742836
Miriam,NNP,B-NP,B-PER,B-PER,0.4483896493911743,B-PER,0.4483896493911743,I-PER,0.25408604741096497,B-LOC,0.10549000650644302
Vogt,NNP,I-NP,I-PER,I-PER,0.45759811997413635,B-PER,0.45759811997413635,I-PER,0.2873903512954712,B-LOC,0.13082051277160645
(,(,O,O,O,0.9974477291107178,O,0.9974477291107178,I-ORG,0.0010422859340906143,I-MISC,0.0007992192404344678
Germany,NNP,B-NP,B-LOC,B-LOC,0.5092015266418457,B-LOC,0.5092015266418457,I-LOC,0.11987340450286865,I-ORG,0.11218453198671341
),),O,O,O,0.9953415393829346,O,0.9953415393829346,I-ORG,0.0036200876347720623,I-MISC,0.0008059206302277744
47,CD,B-NP,O,O,0.9998993873596191,O,0.9998993873596191,I-ORG,7.548239955212921e-05,I-MISC,2.2836280550109223e-05
