0,1,2,3,predictions,confidence,pred_1,pred_1_confidence,pred_2,pred_2_confidence,pred_3,pred_3_confidence
16.,CD,B-NP,O,O,0.9994150400161743,O,0.9994150400161743,I-ORG,0.00028279662365093827,I-MISC,0.00020530377514660358
Bibiana,NNP,I-NP,B-PER,B-PER,0.39379650354385376,B-PER,0.39379650354385376,B-LOC,0.2033912092447281,I-PER,0.1370651125907898
Perez,NNP,I-NP,I-PER,I-PER,0.39721399545669556,B-PER,0.39721399545669556,I-PER,0.21553121507167816,B-LOC,0.1394335776567459
(,(,O,O,O,0.9988252520561218,O,0.9988252520561218,I-MISC,0.0005497427191585302,I-ORG,0.00047796833678148687
Italy,NNP,B-NP,B-LOC,B-LOC,0.31555119156837463,B-LOC,0.31555119156837463,B-PER,0.17456281185150146,B-ORG,0.12385305017232895
),),O,O,O,0.9991850256919861,O,0.9991850256919861,I-ORG,0.0003875701513607055,I-MISC,0.0003420741413719952
45,CD,B-NP,O,O,0.9999208450317383,O,0.9999208450317383,I-ORG,4.478349364944734e-05,I-MISC,3.146801464026794e-05
