0,1,2,3,predictions,confidence,pred_1,pred_1_confidence,pred_2,pred_2_confidence,pred_3,pred_3_confidence
18.,CD,B-NP,O,O,0.9993147850036621,O,0.9993147850036621,I-ORG,0.0003127443778794259,I-MISC,0.0001945306867128238
Barbara,NNP,I-NP,B-PER,B-PER,0.5344942212104797,B-PER,0.5344942212104797,I-PER,0.2022857367992401,B-LOC,0.1621711403131485
Merlin,NNP,I-NP,I-PER,I-PER,0.46000686287879944,B-PER,0.46000686287879944,I-PER,0.29906943440437317,B-LOC,0.1541414111852646
(,(,O,O,O,0.9975786805152893,O,0.9975786805152893,I-ORG,0.0009025022736750543,I-MISC,0.0007950654835440218
Germany,NNP,B-NP,B-LOC,B-LOC,0.5783210396766663,B-LOC,0.5783210396766663,I-LOC,0.1157522052526474,I-ORG,0.08049830049276352
),),O,O,O,0.9964752793312073,O,0.9964752793312073,I-ORG,0.0024823867715895176,I-MISC,0.0008416941855102777
38,CD,B-NP,O,O,0.999854564666748,O,0.999854564666748,I-ORG,0.00010349662625230849,I-MISC,3.884430407197215e-05
