0,1,2,3,predictions,confidence,pred_1,pred_1_confidence,pred_2,pred_2_confidence,pred_3,pred_3_confidence
19=,CD,B-NP,O,O,0.9993877410888672,O,0.9993877410888672,I-MISC,0.0002969489141833037,I-ORG,0.00017795225721783936
Svetlana,NNP,I-NP,B-PER,B-PER,0.34925442934036255,B-PER,0.34925442934036255,B-LOC,0.29805558919906616,I-PER,0.11395062506198883
Gladishiva,NNP,I-NP,I-PER,I-PER,0.3895692229270935,B-PER,0.3895692229270935,B-ORG,0.16601043939590454,I-PER,0.16086255013942719
(,(,O,O,O,0.9995076656341553,O,0.9995076656341553,I-MISC,0.00023966650769580156,I-ORG,0.00019582979439292103
Russia,NNP,B-NP,B-LOC,B-LOC,0.3695222735404968,B-LOC,0.3695222735404968,B-ORG,0.15344952046871185,B-PER,0.1420353502035141
),),O,O,O,0.9995885491371155,O,0.9995885491371155,I-MISC,0.00018921337323263288,I-ORG,0.00018567437655292451
23,CD,B-NP,O,O,0.9999862909317017,O,0.9999862909317017,I-ORG,7.343565357587067e-06,I-MISC,6.019294232828543e-06
