0,1,2,3,predictions,confidence,pred_1,pred_1_confidence,pred_2,pred_2_confidence,pred_3,pred_3_confidence
19=,CD,B-NP,O,O,0.9991353154182434,O,0.9991353154182434,I-ORG,0.00036873569479212165,I-MISC,0.00030236970633268356
Regine,NNP,I-NP,B-PER,B-PER,0.5640298128128052,B-PER,0.5640298128128052,I-PER,0.20788632333278656,B-ORG,0.05954279005527496
Cavagnoud,NNP,I-NP,I-PER,I-PER,0.5410468578338623,B-PER,0.5410468578338623,I-PER,0.26496264338493347,B-LOC,0.09664955735206604
(,(,O,O,O,0.9983239769935608,O,0.9983239769935608,I-MISC,0.0006305195274762809,I-ORG,0.0005221538012847304
France,NNP,B-NP,B-LOC,B-LOC,0.6479074358940125,B-LOC,0.6479074358940125,I-LOC,0.10534990578889847,I-PER,0.0871741995215416
),),O,O,O,0.9980839490890503,O,0.9980839490890503,I-ORG,0.0008806005353108048,I-MISC,0.0008550776983611286
23,CD,B-NP,O,O,0.999942421913147,O,0.999942421913147,I-ORG,3.220975850126706e-05,I-MISC,2.3988133762031794e-05
