0,1,2,3,predictions,confidence,pred_1,pred_1_confidence,pred_2,pred_2_confidence,pred_3,pred_3_confidence
Overall,JJ,B-NP,O,O,0.4313448369503021,O,0.4313448369503021,B-PER,0.24218159914016724,B-MISC,0.15259014070034027
women,NNS,I-NP,O,O,0.9999368190765381,O,0.9999368190765381,I-MISC,4.4470882130553946e-05,B-MISC,8.880107088771183e-06
's,POS,B-NP,O,O,0.9992617964744568,O,0.9992617964744568,I-MISC,0.0005005833227187395,I-ORG,0.00013171926548238844
World,NNP,I-NP,B-MISC,B-MISC,0.2866162359714508,B-MISC,0.2866162359714508,O,0.22381244599819183,I-MISC,0.21822190284729004
Cup,NNP,I-NP,I-MISC,I-MISC,0.41404208540916443,I-MISC,0.41404208540916443,B-MISC,0.20341579616069794,I-ORG,0.11486507952213287
standings,NNS,I-NP,O,O,0.9992247819900513,O,0.9992247819900513,I-MISC,0.0005058189271949232,I-ORG,0.0002127743064193055
leaders,NNS,I-NP,O,O,0.9993441700935364,O,0.9993441700935364,I-MISC,0.00039475513040088117,I-ORG,0.00020020426018163562
after,IN,B-PP,O,O,0.9998612403869629,O,0.9998612403869629,I-MISC,6.922316242707893e-05,I-ORG,6.031403609085828e-05
