0,1,2,3,predictions,confidence,pred_1,pred_1_confidence,pred_2,pred_2_confidence,pred_3,pred_3_confidence
Saturday,NNP,B-NP,O,O,0.7307286858558655,O,0.7307286858558655,B-ORG,0.07056155055761337,I-ORG,0.06506045907735825
's,POS,I-NP,O,O,0.9981916546821594,O,0.9981916546821594,I-MISC,0.0009499903535470366,I-ORG,0.0006593369180336595
downhill,RB,B-ADVP,O,O,0.9939641356468201,O,0.9939641356468201,I-ORG,0.0026941511314362288,I-MISC,0.0021823584102094173
and,CC,O,O,O,0.9986423850059509,O,0.9986423850059509,I-MISC,0.0009575256262905896,I-ORG,0.0003268983564339578
super,JJ,B-NP,O,O,0.9998613595962524,O,0.9998613595962524,I-MISC,9.811376366997138e-05,I-ORG,2.954747287731152e-05
G,NNP,I-NP,O,O,0.6381320357322693,O,0.6381320357322693,B-MISC,0.1556110978126526,I-MISC,0.08404684066772461
races,NNS,I-NP,O,O,0.9999765157699585,O,0.9999765157699585,I-MISC,1.7092737834900618e-05,I-ORG,4.558160981105175e-06
:,:,O,O,O,0.9997285008430481,O,0.9997285008430481,I-MISC,0.00018717469356488436,I-ORG,5.143967064213939e-05
