0,1,2,3,predictions,confidence,pred_1,pred_1_confidence,pred_2,pred_2_confidence,pred_3,pred_3_confidence
Australia,NNP,B-NP,B-LOC,B-LOC,0.7451311945915222,B-LOC,0.7451311945915222,B-PER,0.13864749670028687,I-PER,0.07735055685043335
M.,NNP,B-NP,B-PER,B-PER,0.6629679799079895,B-PER,0.6629679799079895,I-PER,0.16534414887428284,B-LOC,0.10050013661384583
Taylor,NNP,I-NP,I-PER,I-PER,0.666301429271698,B-PER,0.666301429271698,I-PER,0.2342773973941803,B-LOC,0.03775370866060257
b,SYM,O,O,O,0.9947209358215332,O,0.9947209358215332,I-PER,0.0015768050216138363,B-PER,0.001144694397225976
McLean,NNP,B-NP,B-PER,B-ORG,0.43119144439697266,B-ORG,0.43119144439697266,B-PER,0.28832459449768066,I-PER,0.12238895893096924
29,CD,I-NP,O,O,0.9999545812606812,O,0.9999545812606812,I-ORG,2.3643087843083777e-05,I-MISC,1.323848482570611e-05
