0,1,2,3,predictions,confidence,pred_1,pred_1_confidence,pred_2,pred_2_confidence,pred_3,pred_3_confidence
1.,CD,B-NP,O,O,0.999228835105896,O,0.999228835105896,I-ORG,0.00025913032004609704,I-MISC,0.00022801506565883756
Katja,NNP,I-NP,B-PER,B-PER,0.7109163403511047,B-PER,0.7109163403511047,I-PER,0.2023966759443283,B-LOC,0.05923504754900932
Seizinger,NNP,I-NP,I-PER,I-PER,0.48727983236312866,B-PER,0.48727983236312866,I-PER,0.35633203387260437,B-LOC,0.07184846699237823
(,(,O,O,O,0.997574508190155,O,0.997574508190155,I-MISC,0.000720072363037616,I-ORG,0.0006257622153498232
Germany,NNP,B-NP,B-LOC,B-LOC,0.7192580699920654,B-LOC,0.7192580699920654,I-LOC,0.08711600303649902,I-PER,0.07631868869066238
),),O,O,O,0.9970889687538147,O,0.9970889687538147,I-MISC,0.0011875559575855732,I-ORG,0.0011607096530497074
414,CD,B-NP,O,O,0.9997273087501526,O,0.9997273087501526,I-ORG,0.00014798037591390312,I-MISC,0.00010712278890423477
points,NNS,I-NP,O,O,0.9985008239746094,O,0.9985008239746094,I-ORG,0.0008625639020465314,I-MISC,0.00039575525443069637
