0,1,2,3,predictions,confidence,pred_1,pred_1_confidence,pred_2,pred_2_confidence,pred_3,pred_3_confidence
2.,CD,B-NP,O,O,0.9999160766601562,O,0.9999160766601562,I-ORG,4.188300954410806e-05,I-MISC,3.5347962693776935e-05
Pernilla,NNP,I-NP,B-PER,B-PER,0.33430907130241394,B-PER,0.33430907130241394,B-ORG,0.1751677691936493,I-PER,0.14772967994213104
Wiberg,NNP,I-NP,I-PER,I-PER,0.4479503333568573,B-PER,0.4479503333568573,I-PER,0.22222615778446198,O,0.09441129863262177
(,(,O,O,O,0.998977541923523,O,0.998977541923523,I-MISC,0.0005003003752790391,I-ORG,0.0003811945207417011
Sweden,NNP,B-NP,B-LOC,B-LOC,0.32828134298324585,B-LOC,0.32828134298324585,B-PER,0.16263261437416077,I-PER,0.15728938579559326
),),O,O,O,0.9991855025291443,O,0.9991855025291443,I-MISC,0.0003635754983406514,I-ORG,0.00032097144867293537
353,CD,B-NP,O,O,0.9999339580535889,O,0.9999339580535889,I-ORG,3.345550430822186e-05,I-MISC,2.9069304218865e-05
