0,1,2,3,predictions,confidence,pred_1,pred_1_confidence,pred_2,pred_2_confidence,pred_3,pred_3_confidence
3.,NNP,B-NP,O,O,0.999945878982544,O,0.999945878982544,I-ORG,2.3180171410785988e-05,I-MISC,2.1045167159172706e-05
Hide,NNP,I-NP,B-PER,B-PER,0.6548629403114319,B-PER,0.6548629403114319,I-PER,0.23233750462532043,B-LOC,0.03572405129671097
Gerg,NNP,I-NP,I-PER,I-PER,0.6289488673210144,B-PER,0.6289488673210144,I-PER,0.2633102238178253,B-LOC,0.0621924102306366
(,(,O,O,O,0.9977542757987976,O,0.9977542757987976,I-MISC,0.0006820815033279359,I-ORG,0.0005512852221727371
Germany,NNP,B-NP,B-LOC,B-LOC,0.7211682200431824,B-LOC,0.7211682200431824,I-LOC,0.08401363343000412,I-PER,0.07764469087123871
),),O,O,O,0.9973909258842468,O,0.9973909258842468,I-MISC,0.001140624051913619,I-ORG,0.0009321917896158993
276,CD,B-NP,O,O,0.9995951056480408,O,0.9995951056480408,I-ORG,0.00020037010835949332,I-MISC,0.00017548240430187434
