0,1,2,3,predictions,confidence,pred_1,pred_1_confidence,pred_2,pred_2_confidence,pred_3,pred_3_confidence
5.,CD,B-NP,O,O,0.9999241828918457,O,0.9999241828918457,I-ORG,3.8205009332159534e-05,I-MISC,3.188153277733363e-05
Isolde,FW,I-NP,B-PER,B-PER,0.32371580600738525,B-PER,0.32371580600738525,B-ORG,0.17298319935798645,I-PER,0.1461998075246811
Kostner,NNP,I-NP,I-PER,I-PER,0.4967309236526489,B-PER,0.4967309236526489,I-PER,0.23036740720272064,B-ORG,0.07793211191892624
(,(,O,O,O,0.998977541923523,O,0.998977541923523,I-MISC,0.0005003003752790391,I-ORG,0.0003811945207417011
Italy,NNP,B-NP,B-LOC,B-LOC,0.3217920958995819,B-LOC,0.3217920958995819,B-PER,0.23766496777534485,I-PER,0.1403421014547348
),),O,O,O,0.9991855025291443,O,0.9991855025291443,I-MISC,0.0003635754983406514,I-ORG,0.00032097144867293537
157,CD,B-NP,O,O,0.999218225479126,O,0.999218225479126,I-ORG,0.00036548066418617964,I-MISC,0.0003281529061496258
