0,1,2,3,predictions,confidence,pred_1,pred_1_confidence,pred_2,pred_2_confidence,pred_3,pred_3_confidence
7.,CD,B-NP,O,O,0.9999436140060425,O,0.9999436140060425,I-ORG,2.8734641091432422e-05,I-MISC,2.3569369659526274e-05
Warwara,NNP,I-NP,B-PER,B-PER,0.43910232186317444,B-PER,0.43910232186317444,B-LOC,0.15644371509552002,I-PER,0.1487569361925125
Zelenskaja,NNP,I-NP,I-PER,I-PER,0.4580402672290802,B-PER,0.4580402672290802,I-PER,0.17982541024684906,B-LOC,0.17836438119411469
(,(,O,O,O,0.998977541923523,O,0.998977541923523,I-MISC,0.0005003003752790391,I-ORG,0.0003811945207417011
Russia,NNP,B-NP,B-LOC,B-LOC,0.5052942037582397,B-LOC,0.5052942037582397,B-PER,0.14050021767616272,I-PER,0.11091671884059906
),),O,O,O,0.9991855025291443,O,0.9991855025291443,I-MISC,0.0003635754983406514,I-ORG,0.00032097144867293537
151,CD,B-NP,O,O,0.9988301396369934,O,0.9988301396369934,I-ORG,0.0005436752107925713,I-MISC,0.00048088381299749017
