0,1,2,3,predictions,confidence,pred_1,pred_1_confidence,pred_2,pred_2_confidence,pred_3,pred_3_confidence
8=,CD,B-NP,O,O,0.9997147917747498,O,0.9997147917747498,I-ORG,0.00013067132385913283,I-MISC,0.00011978650582022965
Renate,NNP,I-NP,B-PER,B-PER,0.43637537956237793,B-PER,0.43637537956237793,I-PER,0.1759987771511078,B-ORG,0.11515063792467117
Goetschl,NNP,I-NP,I-PER,I-PER,0.3791525065898895,B-PER,0.3791525065898895,I-PER,0.22704316675662994,B-ORG,0.10401100665330887
(,(,O,O,O,0.9989097118377686,O,0.9989097118377686,I-MISC,0.0005191280506551266,I-ORG,0.0004135710478294641
Austria,NNP,B-NP,B-LOC,B-LOC,0.528163492679596,B-LOC,0.528163492679596,B-PER,0.11804397404193878,I-PER,0.1058853268623352
),),O,O,O,0.9991022348403931,O,0.9991022348403931,I-MISC,0.00038278460851870477,I-ORG,0.00036348708090372384
146,CD,B-NP,O,O,0.9979304075241089,O,0.9979304075241089,I-ORG,0.0010214197682216763,I-MISC,0.0007472423603758216
