0,1,2,3,predictions,confidence,pred_1,pred_1_confidence,pred_2,pred_2_confidence,pred_3,pred_3_confidence
8=,NNP,B-NP,O,O,0.9996955394744873,O,0.9996955394744873,I-ORG,0.00011715241998899728,I-MISC,0.00011016813368769363
Carole,NNP,I-NP,B-PER,B-PER,0.6448535323143005,B-PER,0.6448535323143005,I-PER,0.2651297152042389,B-LOC,0.04066604748368263
Montillet,NNP,I-NP,I-PER,I-PER,0.47856226563453674,B-PER,0.47856226563453674,I-PER,0.3749549388885498,B-LOC,0.04919232800602913
(,(,O,O,O,0.9976992011070251,O,0.9976992011070251,I-MISC,0.0007116422639228404,I-ORG,0.0006049025687389076
France,NNP,B-NP,B-LOC,B-LOC,0.6782715916633606,B-LOC,0.6782715916633606,I-PER,0.1004587933421135,I-LOC,0.09996654093265533
),),O,O,O,0.9968936443328857,O,0.9968936443328857,I-ORG,0.0012349459575489163,I-MISC,0.0012056317646056414
146,CD,B-NP,O,O,0.9952625036239624,O,0.9952625036239624,I-ORG,0.0023406140971928835,I-MISC,0.0015913358656689525
