0,1,2,3,predictions,confidence,pred_1,pred_1_confidence,pred_2,pred_2_confidence,pred_3,pred_3_confidence
10.,CD,B-NP,O,O,0.9995546936988831,O,0.9995546936988831,I-MISC,0.0001823605562094599,I-ORG,0.00013865561049897224
Svetlana,NNP,I-NP,B-PER,B-PER,0.35092693567276,B-LOC,0.35092693567276,B-PER,0.32369866967201233,I-PER,0.1413259506225586
Gladishiva,NNP,I-NP,I-PER,I-PER,0.36165374517440796,B-PER,0.36165374517440796,I-PER,0.20810626447200775,B-LOC,0.17266730964183807
(,(,O,O,O,0.999229907989502,O,0.999229907989502,I-ORG,0.00034836522536352277,I-MISC,0.0003097857115790248
Russia,NNP,B-NP,B-LOC,B-LOC,0.4344329237937927,B-LOC,0.4344329237937927,B-ORG,0.17044587433338165,B-PER,0.09974615275859833
),),O,O,O,0.9993009567260742,O,0.9993009567260742,I-ORG,0.00040407280903309584,I-MISC,0.00022960270871408284
137,CD,B-NP,O,O,0.9995198249816895,O,0.9995198249816895,I-ORG,0.0003161166678182781,I-MISC,0.00013714985107071698
