0,1,2,3,predictions,confidence,pred_1,pred_1_confidence,pred_2,pred_2_confidence,pred_3,pred_3_confidence
11.,CD,B-NP,O,O,0.9992601275444031,O,0.9992601275444031,I-ORG,0.00031288774334825575,I-MISC,0.0002067040477413684
Florence,NNP,I-NP,B-LOC,B-PER,0.4378778338432312,B-PER,0.4378778338432312,I-PER,0.2846314311027527,B-ORG,0.07705220580101013
Masnada,NNP,I-NP,B-PER,I-PER,0.5068524479866028,B-PER,0.5068524479866028,I-PER,0.24008303880691528,B-LOC,0.19185104966163635
(,(,O,O,O,0.9978188276290894,O,0.9978188276290894,I-MISC,0.0007323253666982055,I-ORG,0.0006887582130730152
France,NNP,B-NP,B-LOC,B-LOC,0.6377614736557007,B-LOC,0.6377614736557007,I-LOC,0.11233280599117279,I-PER,0.0904577374458313
),),O,O,O,0.9972679615020752,O,0.9972679615020752,I-ORG,0.001427016337402165,I-MISC,0.0010048772674053907
133,CD,B-NP,O,O,0.9992268085479736,O,0.9992268085479736,I-ORG,0.0004793676780536771,I-MISC,0.0002576674451120198
