0,1,2,3,predictions,confidence,pred_1,pred_1_confidence,pred_2,pred_2_confidence,pred_3,pred_3_confidence
12.,CD,B-NP,O,O,0.9995148181915283,O,0.9995148181915283,I-ORG,0.00022419827291741967,I-MISC,0.00017559804837219417
Deborah,NNP,I-NP,B-PER,B-PER,0.47691166400909424,B-PER,0.47691166400909424,I-PER,0.1768275648355484,B-MISC,0.10982652753591537
Compagnoni,NNP,I-NP,I-PER,I-PER,0.4078346788883209,B-PER,0.4078346788883209,I-PER,0.1835559457540512,B-MISC,0.09912709891796112
(,(,O,O,O,0.9992238283157349,O,0.9992238283157349,I-MISC,0.0004084465908817947,I-ORG,0.0002373972092755139
Italy,NNP,B-NP,B-LOC,B-LOC,0.398474782705307,B-PER,0.398474782705307,B-LOC,0.2468137890100479,I-PER,0.17288337647914886
),),O,O,O,0.9992697834968567,O,0.9992697834968567,I-MISC,0.00033429820905439556,I-ORG,0.00020159406994935125
120,CD,B-NP,O,O,0.9990573525428772,O,0.9990573525428772,I-MISC,0.00044283035094849765,I-ORG,0.00026561840786598623
