0,1,2,3,predictions,confidence,pred_1,pred_1_confidence,pred_2,pred_2_confidence,pred_3,pred_3_confidence
M.,NNP,B-NP,B-PER,B-PER,0.790762186050415,B-PER,0.790762186050415,I-PER,0.13553625345230103,B-LOC,0.04719197377562523
Waugh,NNP,I-NP,I-PER,I-PER,0.8051268458366394,B-PER,0.8051268458366394,I-PER,0.1659504771232605,B-LOC,0.013838539831340313
c,SYM,O,O,O,0.9856609106063843,O,0.9856609106063843,B-PER,0.0077364821918308735,I-PER,0.0047899396158754826
Murray,NNP,B-NP,B-PER,B-PER,0.7665677666664124,B-PER,0.7665677666664124,I-PER,0.15094880759716034,B-LOC,0.07006379961967468
b,SYM,O,O,O,0.9978954792022705,O,0.9978954792022705,I-PER,0.0006879891734570265,B-PER,0.0006721359677612782
Benjamin,NNP,B-NP,B-PER,B-ORG,0.5534270405769348,B-ORG,0.5534270405769348,B-PER,0.17467565834522247,I-PER,0.08191536366939545
27,CD,I-NP,O,O,0.9999979734420776,O,0.9999979734420776,I-ORG,1.1511450566104031e-06,I-MISC,6.445274038924254e-07
