0,1,2,3,predictions,confidence,pred_1,pred_1_confidence,pred_2,pred_2_confidence,pred_3,pred_3_confidence
15.,CD,B-NP,O,O,0.9994254112243652,O,0.9994254112243652,I-ORG,0.0002773484739009291,I-MISC,0.00017676396237220615
Urska,NNP,I-NP,B-PER,B-PER,0.5120548009872437,B-PER,0.5120548009872437,I-PER,0.17578507959842682,B-LOC,0.17141789197921753
Horvat,NNP,I-NP,I-PER,I-PER,0.6356335878372192,B-PER,0.6356335878372192,I-PER,0.2486305683851242,B-LOC,0.05169687792658806
(,(,O,O,O,0.9986155033111572,O,0.9986155033111572,I-MISC,0.000507507415022701,I-ORG,0.00033743391395546496
Slovenia,NNP,B-NP,B-LOC,B-LOC,0.7387825846672058,B-LOC,0.7387825846672058,I-PER,0.10105773061513901,B-PER,0.09115667641162872
),),O,O,O,0.9981414079666138,O,0.9981414079666138,I-MISC,0.0005988653283566236,I-ORG,0.00047403614735230803
108,CD,B-NP,O,O,0.9978348612785339,O,0.9978348612785339,I-MISC,0.0006414521485567093,I-ORG,0.0005467868759296834
