0,1,2,3,predictions,confidence,pred_1,pred_1_confidence,pred_2,pred_2_confidence,pred_3,pred_3_confidence
16=,NNP,B-NP,O,O,0.9994489550590515,O,0.9994489550590515,I-ORG,0.0002521007554605603,I-MISC,0.00024025198945309967
Sabina,NNP,I-NP,B-PER,B-PER,0.3467775583267212,B-PER,0.3467775583267212,B-LOC,0.15196605026721954,B-ORG,0.15097688138484955
Panzanini,NNP,I-NP,I-PER,I-PER,0.3332290053367615,B-PER,0.3332290053367615,B-MISC,0.20060554146766663,B-LOC,0.11032657325267792
(,(,O,O,O,0.9993305206298828,O,0.9993305206298828,I-MISC,0.00038725786725990474,I-ORG,0.0002297108730999753
Italy,NNP,B-NP,B-LOC,B-LOC,0.23199477791786194,B-PER,0.23199477791786194,B-LOC,0.19079916179180145,I-ORG,0.1308470368385315
),),O,O,O,0.9995527863502502,O,0.9995527863502502,I-MISC,0.0002638508449308574,I-ORG,0.00014126191672403365
100,CD,B-NP,O,O,0.9996466636657715,O,0.9996466636657715,I-MISC,0.0001866486854851246,I-ORG,0.00014288854436017573
