0,1,2,3,predictions,confidence,pred_1,pred_1_confidence,pred_2,pred_2_confidence,pred_3,pred_3_confidence
16=,CD,B-NP,O,O,0.9992545247077942,O,0.9992545247077942,I-ORG,0.0003680158988572657,I-MISC,0.00027431544731371105
Claudia,NNP,I-NP,B-PER,B-PER,0.3266635537147522,B-PER,0.3266635537147522,B-LOC,0.20088525116443634,I-PER,0.1399422585964203
Riegler,NNP,I-NP,I-PER,I-PER,0.3293781578540802,B-PER,0.3293781578540802,I-PER,0.218458354473114,B-ORG,0.15641464293003082
(,(,O,O,O,0.9986044764518738,O,0.9986044764518738,I-ORG,0.0006078932201489806,I-MISC,0.0006001851288601756
New,NNP,B-NP,B-LOC,B-LOC,0.41514500975608826,B-LOC,0.41514500975608826,I-LOC,0.19011569023132324,I-ORG,0.1171267107129097
Zealand,NNP,I-NP,I-LOC,I-LOC,0.25838279724121094,B-LOC,0.25838279724121094,I-LOC,0.1813029795885086,I-ORG,0.14705762267112732
),),O,O,O,0.9980188608169556,O,0.9980188608169556,I-MISC,0.0011899195378646255,I-ORG,0.0006272298633120954
100,CD,B-NP,O,O,0.9986159801483154,O,0.9986159801483154,I-MISC,0.0007458680775016546,I-ORG,0.0005713524296879768
