0,1,2,3,predictions,confidence,pred_1,pred_1_confidence,pred_2,pred_2_confidence,pred_3,pred_3_confidence
R.,NNP,B-NP,B-PER,B-PER,0.6748059988021851,B-PER,0.6748059988021851,I-PER,0.14667661488056183,B-LOC,0.11547421663999557
Ponting,NNP,I-NP,I-PER,I-PER,0.4500841796398163,B-PER,0.4500841796398163,O,0.24141985177993774,I-PER,0.15393364429473877
lbw,VBD,B-VP,O,O,0.9991018772125244,O,0.9991018772125244,I-MISC,0.0002227158547611907,I-ORG,0.00019189530576113611
McLean,NNP,B-NP,B-PER,B-ORG,0.5201888680458069,B-ORG,0.5201888680458069,B-PER,0.224649578332901,I-ORG,0.06274265050888062
5,CD,I-NP,O,O,0.9999730587005615,O,0.9999730587005615,I-ORG,1.4044589079276193e-05,I-MISC,9.4904198704171e-06
