0,1,2,3,predictions,confidence,pred_1,pred_1_confidence,pred_2,pred_2_confidence,pred_3,pred_3_confidence
19.,CD,B-NP,O,O,0.9991917014122009,O,0.9991917014122009,I-ORG,0.0003768899478018284,I-MISC,0.0002804917166940868
Stefanie,NNP,I-NP,B-PER,B-PER,0.2598586082458496,B-PER,0.2598586082458496,B-ORG,0.12769676744937897,B-MISC,0.12212064862251282
Schuster,NNP,I-NP,I-PER,I-PER,0.31699809432029724,B-PER,0.31699809432029724,O,0.2236996591091156,I-PER,0.1737223118543625
(,(,O,O,O,0.999115526676178,O,0.999115526676178,I-MISC,0.000458942202385515,I-ORG,0.0003071399114560336
Austria,NNP,B-NP,B-LOC,B-LOC,0.4796329736709595,B-LOC,0.4796329736709595,B-PER,0.15399298071861267,I-PER,0.11004090309143066
),),O,O,O,0.9992890357971191,O,0.9992890357971191,I-MISC,0.0003417807456571609,I-ORG,0.0002491112390998751
89,CD,B-NP,O,O,0.9987630844116211,O,0.9987630844116211,I-MISC,0.0005840535741299391,I-ORG,0.0004892175202257931
