0,1,2,3,predictions,confidence,pred_1,pred_1_confidence,pred_2,pred_2_confidence,pred_3,pred_3_confidence
Super,NNP,B-NP,B-MISC,O,0.7060576677322388,O,0.7060576677322388,B-MISC,0.12241137027740479,I-MISC,0.09494754672050476
G,NNP,I-NP,I-MISC,O,0.625626266002655,O,0.625626266002655,B-MISC,0.17367373406887054,I-MISC,0.09143442660570145
standings,VBZ,B-VP,O,O,0.9999680519104004,O,0.9999680519104004,I-MISC,2.1201514755375683e-05,I-ORG,7.430786354234442e-06
:,:,O,O,O,0.9995061159133911,O,0.9995061159133911,I-MISC,0.0003474057011771947,I-ORG,9.219338244292885e-05
