0,1,2,3,predictions,confidence,pred_1,pred_1_confidence,pred_2,pred_2_confidence,pred_3,pred_3_confidence
20.,CD,B-NP,O,O,0.9999092817306519,O,0.9999092817306519,I-ORG,4.480848292587325e-05,I-MISC,2.7904061425942928e-05
Miriam,NNP,B-NP,B-PER,B-PER,0.5988646745681763,B-PER,0.5988646745681763,I-PER,0.27772578597068787,B-LOC,0.06427384912967682
Vogt,NNP,I-NP,I-PER,I-PER,0.600592851638794,B-PER,0.600592851638794,I-PER,0.2966853678226471,B-LOC,0.06421301513910294
(,(,O,O,O,0.9974218606948853,O,0.9974218606948853,I-MISC,0.0007070789579302073,I-ORG,0.0006141295889392495
Germany,NNP,B-NP,B-LOC,B-LOC,0.722797155380249,B-LOC,0.722797155380249,I-LOC,0.08566556870937347,I-PER,0.08063515275716782
),),O,O,O,0.9965284466743469,O,0.9965284466743469,I-MISC,0.0013076053000986576,I-ORG,0.0012993460986763239
76,CD,B-NP,O,O,0.9992757439613342,O,0.9992757439613342,I-ORG,0.00034666029387153685,I-MISC,0.0002854407939594239
