0,1,2,3,predictions,confidence,pred_1,pred_1_confidence,pred_2,pred_2_confidence,pred_3,pred_3_confidence
2.,CD,B-NP,O,O,0.9999117851257324,O,0.9999117851257324,I-ORG,3.6420547985471785e-05,I-MISC,3.257029311498627e-05
Hilde,NNP,I-NP,B-PER,B-PER,0.6456899642944336,B-PER,0.6456899642944336,I-PER,0.2674199938774109,B-LOC,0.03375041112303734
Gerg,NNP,I-NP,I-PER,I-PER,0.6054421663284302,B-PER,0.6054421663284302,I-PER,0.275762140750885,B-LOC,0.07132595032453537
(,(,O,O,O,0.9975427389144897,O,0.9975427389144897,I-MISC,0.0007256913813762367,I-ORG,0.0006228045094758272
Germany,NNP,B-NP,B-LOC,B-LOC,0.716142475605011,B-LOC,0.716142475605011,I-LOC,0.08801669627428055,I-PER,0.07736215740442276
),),O,O,O,0.9970887303352356,O,0.9970887303352356,I-MISC,0.001197072328068316,I-ORG,0.0011355075985193253
130,CD,B-NP,O,O,0.9969695210456848,O,0.9969695210456848,I-ORG,0.0014044874114915729,I-MISC,0.0012412142241373658
