0,1,2,3,predictions,confidence,pred_1,pred_1_confidence,pred_2,pred_2_confidence,pred_3,pred_3_confidence
3.,NNP,B-NP,O,O,0.9999443292617798,O,0.9999443292617798,I-ORG,2.8116068278905004e-05,I-MISC,2.3585036615259014e-05
Svetland,NNP,I-NP,B-PER,B-PER,0.2517320215702057,B-PER,0.2517320215702057,B-ORG,0.14496028423309326,O,0.12568730115890503
Gladishiva,NNP,I-NP,I-PER,I-PER,0.42106813192367554,B-PER,0.42106813192367554,I-PER,0.20201759040355682,B-LOC,0.13771766424179077
(,(,O,O,O,0.998977541923523,O,0.998977541923523,I-MISC,0.0005003003752790391,I-ORG,0.0003811945207417011
Russia,NNP,B-NP,B-LOC,B-LOC,0.5052942037582397,B-LOC,0.5052942037582397,B-PER,0.14050021767616272,I-PER,0.11091671884059906
),),O,O,O,0.9991855025291443,O,0.9991855025291443,I-MISC,0.0003635754983406514,I-ORG,0.00032097144867293537
114,CD,B-NP,O,O,0.9992583394050598,O,0.9992583394050598,I-ORG,0.00034730599145404994,I-MISC,0.0003053845139220357
