0,1,2,3,predictions,confidence,pred_1,pred_1_confidence,pred_2,pred_2_confidence,pred_3,pred_3_confidence
4.,CD,B-NP,O,O,0.9999419450759888,O,0.9999419450759888,I-ORG,2.853706610039808e-05,I-MISC,2.6392297513666563e-05
Warwara,NNP,I-NP,B-PER,B-PER,0.34419894218444824,B-PER,0.34419894218444824,B-ORG,0.21035128831863403,B-LOC,0.12711617350578308
Zelenskaja,NNP,I-NP,I-PER,I-PER,0.3964691758155823,B-PER,0.3964691758155823,B-ORG,0.1616045981645584,B-LOC,0.13981615006923676
(,(,O,O,O,0.9993305206298828,O,0.9993305206298828,I-MISC,0.00038725786725990474,I-ORG,0.0002297108730999753
Russia,NNP,B-NP,B-LOC,B-LOC,0.3322201669216156,B-LOC,0.3322201669216156,B-PER,0.15207943320274353,B-MISC,0.11139778047800064
),),O,O,O,0.9995527863502502,O,0.9995527863502502,I-MISC,0.0002638508449308574,I-ORG,0.00014126191672403365
100,CD,B-NP,O,O,0.9996466636657715,O,0.9996466636657715,I-MISC,0.0001866486854851246,I-ORG,0.00014288854436017573
