0,1,2,3,predictions,confidence,pred_1,pred_1_confidence,pred_2,pred_2_confidence,pred_3,pred_3_confidence
5.,NNP,B-NP,O,O,0.9999227523803711,O,0.9999227523803711,I-ORG,3.860600554617122e-05,I-MISC,2.960858000733424e-05
Florence,NNP,I-NP,B-PER,B-PER,0.42106369137763977,B-PER,0.42106369137763977,I-PER,0.26613152027130127,B-ORG,0.09128659218549728
Masnada,NNP,I-NP,I-PER,I-PER,0.5095651149749756,B-PER,0.5095651149749756,I-PER,0.2338288128376007,B-LOC,0.1887354701757431
(,(,O,O,O,0.9979240894317627,O,0.9979240894317627,I-MISC,0.0007147737196646631,I-ORG,0.0006761003169231117
France,NNP,B-NP,B-LOC,B-LOC,0.6347305178642273,B-LOC,0.6347305178642273,I-LOC,0.11194778978824615,I-PER,0.08798252791166306
),),O,O,O,0.9974170923233032,O,0.9974170923233032,I-ORG,0.0013879700563848019,I-MISC,0.0009445250034332275
82,CD,B-NP,O,O,0.9997733235359192,O,0.9997733235359192,I-ORG,0.0001423420471837744,I-MISC,7.580853707622737e-05
