0,1,2,3,predictions,confidence,pred_1,pred_1_confidence,pred_2,pred_2_confidence,pred_3,pred_3_confidence
6.,CD,B-NP,O,O,0.9999231100082397,O,0.9999231100082397,I-ORG,2.992796726175584e-05,I-MISC,2.712464629439637e-05
Katja,NNP,I-NP,B-PER,B-PER,0.674669623374939,B-PER,0.674669623374939,I-PER,0.22767449915409088,B-LOC,0.07350696623325348
Seizinger,NNP,I-NP,I-PER,I-PER,0.4286535978317261,B-PER,0.4286535978317261,I-PER,0.3859671950340271,B-LOC,0.1032867282629013
(,(,O,O,O,0.9969844222068787,O,0.9969844222068787,I-MISC,0.0008360366337001324,I-ORG,0.000831872399430722
Germany,NNP,B-NP,B-LOC,B-LOC,0.690278947353363,B-LOC,0.690278947353363,I-LOC,0.10070670396089554,I-PER,0.07706447690725327
),),O,O,O,0.996248185634613,O,0.996248185634613,I-ORG,0.001773403724655509,I-MISC,0.0013192007318139076
74,CD,B-NP,O,O,0.9992964267730713,O,0.9992964267730713,I-ORG,0.0004103811224922538,I-MISC,0.0002431549655739218
