0,1,2,3,predictions,confidence,pred_1,pred_1_confidence,pred_2,pred_2_confidence,pred_3,pred_3_confidence
G.,NNP,B-NP,B-PER,B-PER,0.647079586982727,B-PER,0.647079586982727,I-PER,0.16322630643844604,B-LOC,0.04942828044295311
Blewett,NNP,I-NP,I-PER,I-PER,0.7172331809997559,B-PER,0.7172331809997559,I-PER,0.20889253914356232,B-LOC,0.03518751263618469
not,RB,O,O,O,0.9992652535438538,O,0.9992652535438538,B-PER,0.0003140477929264307,I-PER,0.00025496791931800544
out,IN,B-PP,O,O,0.9991276860237122,O,0.9991276860237122,B-PER,0.0004122960090171546,I-PER,0.00021983060287311673
57,CD,B-NP,O,O,0.999966025352478,O,0.999966025352478,I-MISC,1.5873916709097102e-05,I-ORG,1.5150664694374427e-05
