0,1,2,3,predictions,confidence,pred_1,pred_1_confidence,pred_2,pred_2_confidence,pred_3,pred_3_confidence
7.,CD,B-NP,O,O,0.9999254941940308,O,0.9999254941940308,I-ORG,4.0047296351986006e-05,I-MISC,2.793268322420772e-05
Isolde,FW,I-NP,B-PER,B-PER,0.27586039900779724,B-PER,0.27586039900779724,B-ORG,0.18980006873607635,I-PER,0.18002203106880188
Kostner,NNP,I-NP,I-PER,I-PER,0.3747832179069519,B-PER,0.3747832179069519,I-PER,0.2685922086238861,B-ORG,0.12013449519872665
(,(,O,O,O,0.9982501864433289,O,0.9982501864433289,I-ORG,0.000849093368742615,I-MISC,0.00067356345243752
Italy,NNP,B-NP,B-LOC,B-LOC,0.31913092732429504,B-LOC,0.31913092732429504,B-ORG,0.17805953323841095,I-ORG,0.14040140807628632
),),O,O,O,0.998748779296875,O,0.998748779296875,I-ORG,0.0007340232841670513,I-MISC,0.00039365136763080955
65,CD,B-NP,O,O,0.9993315935134888,O,0.9993315935134888,I-ORG,0.0004450347041711211,I-MISC,0.00019329342467244714
