0,1,2,3,predictions,confidence,pred_1,pred_1_confidence,pred_2,pred_2_confidence,pred_3,pred_3_confidence
8.,NNP,B-NP,O,O,0.9998193383216858,O,0.9998193383216858,I-ORG,8.85336339706555e-05,I-MISC,6.488251528935507e-05
Carole,NNP,I-NP,B-PER,B-PER,0.5682664513587952,B-PER,0.5682664513587952,I-PER,0.2565116286277771,B-LOC,0.05846863612532616
Montillet,NNP,I-NP,I-PER,I-PER,0.3741616904735565,B-PER,0.3741616904735565,I-PER,0.3318038284778595,B-LOC,0.07173200696706772
(,(,O,O,O,0.9977472424507141,O,0.9977472424507141,I-ORG,0.0008642257889732718,I-MISC,0.0007679809932596982
France,NNP,B-NP,B-LOC,B-LOC,0.5366743206977844,B-LOC,0.5366743206977844,I-LOC,0.12749382853507996,I-PER,0.08418161422014236
),),O,O,O,0.9964687824249268,O,0.9964687824249268,I-ORG,0.0024920557625591755,I-MISC,0.0008267845259979367
60,CD,B-NP,O,O,0.9996888637542725,O,0.9996888637542725,I-ORG,0.00022305571474134922,I-MISC,8.03736038506031e-05
