0,1,2,3,predictions,confidence,pred_1,pred_1_confidence,pred_2,pred_2_confidence,pred_3,pred_3_confidence
9.,CD,B-NP,O,O,0.9918869137763977,O,0.9918869137763977,B-PER,0.003051743609830737,I-PER,0.001651361002586782
Martina,NNP,I-NP,B-PER,B-PER,0.6133493781089783,B-PER,0.6133493781089783,I-PER,0.21193955838680267,B-LOC,0.127693310379982
Ertl,NNP,I-NP,I-PER,I-PER,0.4106682240962982,B-PER,0.4106682240962982,I-PER,0.28396371006965637,B-LOC,0.22384023666381836
(,(,O,O,O,0.9973878264427185,O,0.9973878264427185,I-ORG,0.0007471253047697246,I-MISC,0.0006980520556680858
Germany,NNP,B-NP,B-LOC,B-LOC,0.6607324481010437,B-LOC,0.6607324481010437,I-LOC,0.09674347937107086,I-PER,0.08001536875963211
),),O,O,O,0.9972979426383972,O,0.9972979426383972,I-ORG,0.0015493787359446287,I-MISC,0.0008697412558831275
58,CD,B-NP,O,O,0.9996968507766724,O,0.9996968507766724,I-ORG,0.00020690998644568026,I-MISC,8.667377551319078e-05
