0,1,2,3,predictions,confidence,pred_1,pred_1_confidence,pred_2,pred_2_confidence,pred_3,pred_3_confidence
10.,CD,B-NP,O,O,0.999488353729248,O,0.999488353729248,I-ORG,0.0002398516662651673,I-MISC,0.00018308100698050112
Anita,NNP,I-NP,B-PER,B-PER,0.4451240599155426,B-PER,0.4451240599155426,B-LOC,0.15300902724266052,I-PER,0.15267124772071838
Wachter,NNP,I-NP,I-PER,I-PER,0.5643802881240845,B-PER,0.5643802881240845,I-PER,0.24684977531433105,B-ORG,0.0473671555519104
(,(,O,O,O,0.9989954829216003,O,0.9989954829216003,I-MISC,0.00048160762526094913,I-ORG,0.00034400008735246956
Austria,NNP,B-NP,B-LOC,B-LOC,0.5379800200462341,B-LOC,0.5379800200462341,B-PER,0.1535032093524933,I-PER,0.12901689112186432
),),O,O,O,0.9990608096122742,O,0.9990608096122742,I-MISC,0.00039103691233322024,I-ORG,0.0003234108444303274
49,CD,B-NP,O,O,0.9988740086555481,O,0.9988740086555481,I-MISC,0.0004978066426701844,I-ORG,0.00043352707871235907
