0,1,2,3,predictions,confidence,pred_1,pred_1_confidence,pred_2,pred_2_confidence,pred_3,pred_3_confidence
12=,CD,B-NP,O,O,0.9994407296180725,O,0.9994407296180725,I-ORG,0.0002757394395302981,I-MISC,0.00022005976643413305
Madlen,NNP,I-NP,B-PER,B-PER,0.4321976900100708,B-PER,0.4321976900100708,B-ORG,0.18616490066051483,I-PER,0.1499364972114563
Brigger-Summermatter,NNP,I-NP,I-PER,I-PER,0.3119038939476013,B-ORG,0.3119038939476013,I-ORG,0.14915233850479126,O,0.12678131461143494
(,(,O,O,O,0.998992383480072,O,0.998992383480072,I-MISC,0.0004791704413946718,I-ORG,0.00044816386071033776
Switzerland,NNP,B-NP,B-LOC,B-LOC,0.3091587424278259,B-ORG,0.3091587424278259,B-LOC,0.20271649956703186,I-ORG,0.18945921957492828
),),O,O,O,0.9993242025375366,O,0.9993242025375366,I-ORG,0.0003633735468611121,I-MISC,0.0002702503988984972
42,CD,B-NP,O,O,0.9999327659606934,O,0.9999327659606934,I-ORG,4.259963316144422e-05,I-MISC,2.3058053557178937e-05
