0,1,2,3,predictions,confidence,pred_1,pred_1_confidence,pred_2,pred_2_confidence,pred_3,pred_3_confidence
12=,CD,B-NP,O,O,0.9994407296180725,O,0.9994407296180725,I-ORG,0.0002757394395302981,I-MISC,0.00022005976643413305
Barbara,NNP,I-NP,B-PER,B-PER,0.36252832412719727,B-PER,0.36252832412719727,B-ORG,0.2108992338180542,B-LOC,0.1745915561914444
Merlin,NNP,I-NP,I-PER,I-PER,0.36771532893180847,B-PER,0.36771532893180847,I-PER,0.15500019490718842,B-ORG,0.15346069633960724
(,(,O,O,O,0.998992383480072,O,0.998992383480072,I-MISC,0.0004791704413946718,I-ORG,0.00044816386071033776
Italy,NNP,B-NP,B-LOC,B-LOC,0.23089100420475006,B-ORG,0.23089100420475006,B-LOC,0.19695353507995605,I-ORG,0.19322475790977478
),),O,O,O,0.9993242025375366,O,0.9993242025375366,I-ORG,0.0003633735468611121,I-MISC,0.0002702503988984972
42,CD,B-NP,O,O,0.9999327659606934,O,0.9999327659606934,I-ORG,4.259963316144422e-05,I-MISC,2.3058053557178937e-05
