0,1,2,3,predictions,confidence,pred_1,pred_1_confidence,pred_2,pred_2_confidence,pred_3,pred_3_confidence
15.,CD,B-NP,O,O,0.9994375109672546,O,0.9994375109672546,I-ORG,0.00024722868693061173,I-MISC,0.0001956062624230981
Stefanie,NNP,I-NP,B-PER,B-PER,0.36665502190589905,B-PER,0.36665502190589905,I-PER,0.14380238950252533,B-MISC,0.09582046419382095
Schuster,NNP,I-NP,I-PER,I-PER,0.4398247301578522,B-PER,0.4398247301578522,I-PER,0.22554360330104828,O,0.15145134925842285
(,(,O,O,O,0.9991363883018494,O,0.9991363883018494,I-MISC,0.00042281911009922624,I-ORG,0.00025561643997207284
Austria,NNP,B-NP,B-LOC,B-LOC,0.46731120347976685,B-LOC,0.46731120347976685,B-PER,0.23148131370544434,I-PER,0.16161563992500305
),),O,O,O,0.9990893602371216,O,0.9990893602371216,I-MISC,0.00036437352537177503,I-ORG,0.0002534129307605326
39,CD,B-NP,O,O,0.9984291195869446,O,0.9984291195869446,I-MISC,0.0006681617232970893,I-ORG,0.0004786489298567176
