0,1,2,3,predictions,confidence,pred_1,pred_1_confidence,pred_2,pred_2_confidence,pred_3,pred_3_confidence
M.,NNP,B-NP,B-PER,B-PER,0.7692654132843018,B-PER,0.7692654132843018,I-PER,0.1412408947944641,B-LOC,0.055692050606012344
Bevan,NNP,I-NP,I-PER,I-PER,0.7884504199028015,B-PER,0.7884504199028015,I-PER,0.15130482614040375,B-LOC,0.03474711999297142
st,NN,I-NP,O,O,0.9991963505744934,O,0.9991963505744934,B-PER,0.00036094480310566723,I-PER,0.0002900947874877602
Murray,NNP,I-NP,B-PER,B-PER,0.7028100490570068,B-PER,0.7028100490570068,I-PER,0.17288391292095184,B-LOC,0.10656709969043732
b,SYM,O,O,O,0.9967421889305115,O,0.9967421889305115,I-PER,0.0009814201621338725,B-PER,0.0007550417212769389
Hooper,NNP,B-NP,B-PER,B-ORG,0.6336957216262817,B-ORG,0.6336957216262817,O,0.11407364159822464,B-PER,0.10159610211849213
3,CD,I-NP,O,O,0.9999816417694092,O,0.9999816417694092,I-ORG,9.53065409703413e-06,I-MISC,4.956897100782953e-06
