0,1,2,3,predictions,confidence,pred_1,pred_1_confidence,pred_2,pred_2_confidence,pred_3,pred_3_confidence
17.,CD,B-NP,O,O,0.9996059536933899,O,0.9996059536933899,I-ORG,0.0002057524980045855,I-MISC,0.0001464903907617554
Bibiana,NNP,I-NP,B-PER,B-PER,0.30719801783561707,B-PER,0.30719801783561707,B-ORG,0.1849628984928131,B-LOC,0.15722814202308655
Perez,NNP,I-NP,I-PER,I-PER,0.33885854482650757,B-PER,0.33885854482650757,B-ORG,0.19002802670001984,I-PER,0.14070597290992737
(,(,O,O,O,0.9991850256919861,O,0.9991850256919861,I-MISC,0.0004249217454344034,I-ORG,0.0003253658360335976
Italy,NNP,B-NP,B-LOC,B-LOC,0.20770888030529022,B-LOC,0.20770888030529022,B-ORG,0.174698606133461,I-ORG,0.16524086892604828
),),O,O,O,0.9994832277297974,O,0.9994832277297974,I-MISC,0.00026024176622740924,I-ORG,0.0002187298086937517
30,CD,B-NP,O,O,0.9999775886535645,O,0.9999775886535645,I-ORG,1.15938846647623e-05,I-MISC,1.0146080057893414e-05
