0,1,2,3,predictions,confidence,pred_1,pred_1_confidence,pred_2,pred_2_confidence,pred_3,pred_3_confidence
18=,CD,B-NP,O,O,0.9988188147544861,O,0.9988188147544861,I-PER,0.00033247790997847915,I-MISC,0.0002700261538848281
Marianne,NNP,I-NP,B-PER,B-PER,0.5465815663337708,B-PER,0.5465815663337708,I-PER,0.27979665994644165,B-LOC,0.12007717043161392
Brechu,NNP,I-NP,I-PER,I-PER,0.4789269268512726,B-PER,0.4789269268512726,I-PER,0.29348668456077576,B-LOC,0.15209490060806274
(,(,O,O,O,0.9979398846626282,O,0.9979398846626282,I-MISC,0.0005975351086817682,I-ORG,0.0005885096616111696
France,NNP,B-NP,B-LOC,B-LOC,0.6450189352035522,B-LOC,0.6450189352035522,I-LOC,0.10279352217912674,I-PER,0.10046765953302383
),),O,O,O,0.9976955056190491,O,0.9976955056190491,I-ORG,0.0011872532777488232,I-MISC,0.0008463367121294141
29,CD,B-NP,O,O,0.9989608526229858,O,0.9989608526229858,I-ORG,0.0006389227928593755,I-MISC,0.0003430791839491576
