0,1,2,3,predictions,confidence,pred_1,pred_1_confidence,pred_2,pred_2_confidence,pred_3,pred_3_confidence
20.,CD,B-NP,O,O,0.9999227523803711,O,0.9999227523803711,I-ORG,4.292414814699441e-05,I-MISC,2.9198563424870372e-05
Alexandra,NNP,I-NP,B-PER,B-PER,0.34577274322509766,B-PER,0.34577274322509766,B-ORG,0.18063022196292877,B-LOC,0.14127516746520996
Meissnitzer,NNP,I-NP,I-PER,I-PER,0.22203394770622253,B-ORG,0.22203394770622253,B-PER,0.20646004378795624,O,0.17013880610466003
(,(,O,O,O,0.9987364411354065,O,0.9987364411354065,I-ORG,0.0005902902339585125,I-MISC,0.0005478709936141968
Austria,NNP,B-NP,B-LOC,B-LOC,0.3993407189846039,B-LOC,0.3993407189846039,B-ORG,0.20928189158439636,I-ORG,0.14243583381175995
),),O,O,O,0.9991452693939209,O,0.9991452693939209,I-ORG,0.0005038188537582755,I-MISC,0.00029438207275234163
27,CD,B-NP,O,O,0.9999681711196899,O,0.9999681711196899,I-ORG,2.0280602257116698e-05,I-MISC,1.082087055692682e-05
