0,1,2,3,predictions,confidence,pred_1,pred_1_confidence,pred_2,pred_2_confidence,pred_3,pred_3_confidence
1.,CD,B-NP,O,O,0.9993211030960083,O,0.9993211030960083,I-ORG,0.0003151307173538953,I-MISC,0.0002778169291559607
Austria,NNP,I-NP,B-LOC,B-LOC,0.22692859172821045,B-ORG,0.22692859172821045,B-LOC,0.21357765793800354,B-PER,0.1802086979150772
"1,973",CD,I-NP,O,O,0.9994352459907532,O,0.9994352459907532,I-ORG,0.00028886564541608095,I-MISC,0.00021426357852760702
points,NNS,I-NP,O,O,0.999082088470459,O,0.999082088470459,I-ORG,0.00051908940076828,I-MISC,0.00029552006162703037
