0,1,2,3,predictions,confidence,pred_1,pred_1_confidence,pred_2,pred_2_confidence,pred_3,pred_3_confidence
Nation,NNP,B-NP,B-MISC,B-MISC,0.274922639131546,B-MISC,0.274922639131546,B-ORG,0.20857025682926178,B-PER,0.19441722333431244
's,POS,B-NP,I-MISC,O,0.9984266757965088,O,0.9984266757965088,I-MISC,0.0009175638551823795,I-ORG,0.00048193716793321073
Cup,NNP,I-NP,I-MISC,O,0.38725006580352783,O,0.38725006580352783,I-MISC,0.25938355922698975,B-MISC,0.16708749532699585
standings,VBZ,B-VP,O,O,0.9998509883880615,O,0.9998509883880615,I-MISC,9.54491988522932e-05,I-ORG,4.0538878238294274e-05
:,:,O,O,O,0.99835205078125,O,0.99835205078125,I-MISC,0.0011137655237689614,I-ORG,0.0003681422967929393
