0,1,2,3,predictions,confidence,pred_1,pred_1_confidence,pred_2,pred_2_confidence,pred_3,pred_3_confidence
3.,NNP,B-NP,O,O,0.9999402761459351,O,0.9999402761459351,I-ORG,2.9275308406795375e-05,I-MISC,2.681101432244759e-05
Switzerland,NNP,I-NP,B-LOC,B-LOC,0.27285221219062805,B-ORG,0.27285221219062805,B-PER,0.1901267021894455,B-LOC,0.13505755364894867
972,CD,I-NP,O,O,0.9966697096824646,O,0.9966697096824646,I-MISC,0.0013838243903592229,I-ORG,0.0013827176298946142
