0,1,2,3,predictions,confidence,pred_1,pred_1_confidence,pred_2,pred_2_confidence,pred_3,pred_3_confidence
2.,NNP,B-NP,O,O,0.9997755885124207,O,0.9997755885124207,I-MISC,6.766238948330283e-05,I-ORG,6.598175241379067e-05
Germany,NNP,I-NP,B-LOC,B-LOC,0.5821105241775513,B-LOC,0.5821105241775513,B-PER,0.16220054030418396,I-PER,0.10945694893598557
"1,135",CD,I-NP,O,O,0.9974058270454407,O,0.9974058270454407,I-ORG,0.001425545196980238,I-MISC,0.0008441195823252201
