0,1,2,3,predictions,confidence,pred_1,pred_1_confidence,pred_2,pred_2_confidence,pred_3,pred_3_confidence
4.,CD,B-NP,O,O,0.9999256134033203,O,0.9999256134033203,I-ORG,3.6413654015632346e-05,I-MISC,3.3078202250180766e-05
Italy,NNP,I-NP,B-LOC,B-LOC,0.28936201333999634,B-PER,0.28936201333999634,B-ORG,0.17126208543777466,O,0.14737620949745178
887,CD,I-NP,O,O,0.9998503923416138,O,0.9998503923416138,I-MISC,7.084721437422559e-05,I-ORG,6.974837015150115e-05
