0,1,2,3,predictions,confidence,pred_1,pred_1_confidence,pred_2,pred_2_confidence,pred_3,pred_3_confidence
S.,NNP,B-NP,B-PER,B-PER,0.5399911403656006,B-PER,0.5399911403656006,B-LOC,0.16719506680965424,I-PER,0.12309569865465164
Law,NNP,I-NP,I-PER,I-PER,0.6320729851722717,B-PER,0.6320729851722717,I-PER,0.1495792716741562,B-LOC,0.09790655225515366
b,SYM,O,O,O,0.9952184557914734,O,0.9952184557914734,I-MISC,0.0011121532879769802,I-PER,0.0008964819135144353
Hooper,NNP,B-NP,B-PER,B-ORG,0.7871257066726685,B-ORG,0.7871257066726685,I-ORG,0.09218434989452362,O,0.05883477255702019
21,CD,I-NP,O,O,0.9999947547912598,O,0.9999947547912598,I-ORG,3.3702021937642712e-06,I-MISC,1.3301007584232138e-06
