0,1,2,3,predictions,confidence,pred_1,pred_1_confidence,pred_2,pred_2_confidence,pred_3,pred_3_confidence
5.,NNP,B-NP,O,O,0.9998738765716553,O,0.9998738765716553,I-MISC,4.3218980863457546e-05,I-ORG,3.111518526566215e-05
France,NNP,I-NP,B-LOC,B-LOC,0.5570683479309082,B-LOC,0.5570683479309082,B-PER,0.20100653171539307,I-PER,0.136326402425766
853,CD,I-NP,O,O,0.9996366500854492,O,0.9996366500854492,I-MISC,0.00020022316311951727,I-ORG,0.00012427906040102243
