0,1,2,3,predictions,confidence,pred_1,pred_1_confidence,pred_2,pred_2_confidence,pred_3,pred_3_confidence
8.,CD,B-NP,O,O,0.9996683597564697,O,0.9996683597564697,I-MISC,9.937236609403044e-05,I-ORG,8.008434087969363e-05
Slovenia,NNP,I-NP,B-LOC,B-LOC,0.6552953720092773,B-LOC,0.6552953720092773,B-PER,0.16695022583007812,I-PER,0.11443910002708435
432,CD,I-NP,O,O,0.9998401403427124,O,0.9998401403427124,I-MISC,6.804512668168172e-05,I-ORG,6.299895176198334e-05
