0,1,2,3,predictions,confidence,pred_1,pred_1_confidence,pred_2,pred_2_confidence,pred_3,pred_3_confidence
10.,CD,B-NP,O,O,0.9992794394493103,O,0.9992794394493103,I-ORG,0.0003925982746295631,I-MISC,0.00023983811843208969
United,NNP,I-NP,B-LOC,B-PER,0.27769091725349426,B-ORG,0.27769091725349426,B-LOC,0.16754551231861115,I-ORG,0.14854423701763153
States,NNP,I-NP,I-LOC,I-PER,0.25207948684692383,B-ORG,0.25207948684692383,B-PER,0.17317859828472137,I-ORG,0.14928822219371796
164,CD,I-NP,O,O,0.9974083304405212,O,0.9974083304405212,I-ORG,0.0014104712754487991,I-MISC,0.000967788917478174
