0,1,2,3,predictions,confidence,pred_1,pred_1_confidence,pred_2,pred_2_confidence,pred_3,pred_3_confidence
9.,CD,B-NP,O,O,0.993610680103302,O,0.993610680103302,I-ORG,0.0024412896018475294,I-MISC,0.0022645548451691866
Russia,NNP,I-NP,B-LOC,B-LOC,0.23046842217445374,B-LOC,0.23046842217445374,B-PER,0.22766351699829102,B-ORG,0.18371468782424927
288,CD,I-NP,O,O,0.9999030828475952,O,0.9999030828475952,I-ORG,4.592244658851996e-05,I-MISC,4.590585012920201e-05
