0,1,2,3,predictions,confidence,pred_1,pred_1_confidence,pred_2,pred_2_confidence,pred_3,pred_3_confidence
ALPINE,NNP,B-NP,O,O,0.34563130140304565,O,0.34563130140304565,B-MISC,0.16145636141300201,I-MISC,0.14575159549713135
SKIING-WOMEN,JJ,I-NP,O,B-MISC,0.486042857170105,B-MISC,0.486042857170105,I-MISC,0.1583636850118637,O,0.15110239386558533
'S,VBZ,B-VP,O,O,0.9890373349189758,O,0.9890373349189758,I-MISC,0.005024702288210392,B-MISC,0.004661440383642912
WORLD,NN,B-NP,B-MISC,O,0.9273831248283386,O,0.9273831248283386,B-MISC,0.026668792590498924,I-MISC,0.021210961043834686
CUP,RP,B-PRT,I-MISC,O,0.8606210947036743,O,0.8606210947036743,B-MISC,0.05040851607918739,I-MISC,0.04357428476214409
DOWNHILL,MD,B-VP,O,O,0.7216573357582092,O,0.7216573357582092,B-MISC,0.11083429306745529,I-MISC,0.10529432445764542
RESULTS,NNS,B-NP,O,O,0.9931921362876892,O,0.9931921362876892,I-MISC,0.003254231996834278,B-MISC,0.0019332129741087556
.,.,O,O,O,0.9999581575393677,O,0.9999581575393677,I-MISC,2.8041346013196744e-05,I-ORG,1.0682526408345439e-05
