0,1,2,3,predictions,confidence,pred_1,pred_1_confidence,pred_2,pred_2_confidence,pred_3,pred_3_confidence
Saturday,NNP,B-NP,O,O,0.8034692406654358,O,0.8034692406654358,B-PER,0.08004558831453323,I-MISC,0.032062556594610214
's,POS,B-NP,O,O,0.9990642666816711,O,0.9990642666816711,I-MISC,0.0006985835498198867,B-MISC,0.00010488890256965533
women,NNS,I-NP,O,O,0.9998610019683838,O,0.9998610019683838,I-MISC,0.00010178083903156221,I-ORG,1.8218841432826594e-05
's,POS,B-NP,O,O,0.9985492825508118,O,0.9985492825508118,I-MISC,0.0010468363761901855,I-ORG,0.0002394287148490548
World,NNP,I-NP,B-MISC,B-MISC,0.35460180044174194,B-MISC,0.35460180044174194,I-MISC,0.2607814073562622,O,0.1871797740459442
Cup,NNP,I-NP,I-MISC,I-MISC,0.4676726460456848,I-MISC,0.4676726460456848,B-MISC,0.256090372800827,O,0.09767090529203415
downhill,RB,B-ADVP,O,O,0.9873642325401306,O,0.9873642325401306,I-MISC,0.007913677021861076,I-ORG,0.0024466190952807665
race,NN,B-NP,O,O,0.9999253749847412,O,0.9999253749847412,I-MISC,6.359421968227252e-05,I-ORG,6.643412689300021e-06
:,:,O,O,O,0.9986647367477417,O,0.9986647367477417,I-MISC,0.000937534321565181,I-ORG,0.00027052522636950016
