0,1,2,3,predictions,confidence,pred_1,pred_1_confidence,pred_2,pred_2_confidence,pred_3,pred_3_confidence
T.,NNP,B-NP,B-PER,B-PER,0.594754695892334,B-PER,0.594754695892334,I-PER,0.16732540726661682,B-LOC,0.14585813879966736
Moody,NNP,I-NP,I-PER,I-PER,0.6069582104682922,B-PER,0.6069582104682922,I-PER,0.17111368477344513,O,0.11825527250766754
not,RB,O,O,O,0.9993744492530823,O,0.9993744492530823,I-MISC,0.00015398208051919937,B-PER,0.00014314352301880717
out,IN,B-PP,O,O,0.999372661113739,O,0.999372661113739,I-MISC,0.00022230527247302234,B-PER,0.00014183075109031051
3,CD,B-NP,O,O,0.9999759197235107,O,0.9999759197235107,I-ORG,1.3171996215533e-05,I-MISC,9.365337064082269e-06
