0,1,2,3,predictions,confidence,pred_1,pred_1_confidence,pred_2,pred_2_confidence,pred_3,pred_3_confidence
6.,CD,B-NP,O,O,0.9999239444732666,O,0.9999239444732666,I-ORG,3.8995025533949956e-05,I-MISC,2.5930350602720864e-05
Miriam,NNP,B-NP,B-PER,B-PER,0.5918092131614685,B-PER,0.5918092131614685,I-PER,0.2659763693809509,B-LOC,0.06556358933448792
Vogt,NNP,I-NP,I-PER,I-PER,0.6042485237121582,B-PER,0.6042485237121582,I-PER,0.28674426674842834,B-LOC,0.0640285462141037
(,(,O,O,O,0.9976503252983093,O,0.9976503252983093,I-MISC,0.0006887597846798599,I-ORG,0.000591210788115859
Germany,NNP,B-NP,B-LOC,B-LOC,0.7164661288261414,B-LOC,0.7164661288261414,I-LOC,0.0871473178267479,I-PER,0.07745102047920227
),),O,O,O,0.9971093535423279,O,0.9971093535423279,I-MISC,0.0011907301377505064,I-ORG,0.0011286117369309068
1:49.28,CD,B-NP,O,O,0.997980535030365,O,0.997980535030365,I-ORG,0.0012197985779494047,I-MISC,0.0005126715986989439
