0,1,2,3,predictions,confidence,pred_1,pred_1_confidence,pred_2,pred_2_confidence,pred_3,pred_3_confidence
7.,CD,B-NP,O,O,0.9999436140060425,O,0.9999436140060425,I-ORG,2.8734641091432422e-05,I-MISC,2.3569369659526274e-05
Stefanie,NNP,I-NP,B-PER,B-PER,0.2599954307079315,B-PER,0.2599954307079315,B-ORG,0.13283009827136993,I-PER,0.11944595724344254
Schuster,NNP,I-NP,I-PER,I-PER,0.3083136975765228,B-PER,0.3083136975765228,O,0.19858159124851227,I-PER,0.19100262224674225
(,(,O,O,O,0.998977541923523,O,0.998977541923523,I-MISC,0.0005003003752790391,I-ORG,0.0003811945207417011
Austria,NNP,B-NP,B-LOC,B-LOC,0.5127555727958679,B-LOC,0.5127555727958679,B-PER,0.12465540319681168,I-PER,0.10368421673774719
),),O,O,O,0.9991855025291443,O,0.9991855025291443,I-MISC,0.0003635754983406514,I-ORG,0.00032097144867293537
1:49.38,CD,B-NP,O,O,0.9993071556091309,O,0.9993071556091309,I-ORG,0.0004010170232504606,I-MISC,0.0001916709734359756
