0,1,2,3,predictions,confidence,pred_1,pred_1_confidence,pred_2,pred_2_confidence,pred_3,pred_3_confidence
10.,CD,B-NP,O,O,0.9993754029273987,O,0.9993754029273987,I-ORG,0.0002125982427969575,I-MISC,0.00017137525719590485
Regina,NNP,I-NP,B-PER,B-PER,0.5888850092887878,B-PER,0.5888850092887878,I-PER,0.2280021756887436,B-LOC,0.12596578896045685
Haeusl,NNP,I-NP,I-PER,I-PER,0.5770238041877747,B-PER,0.5770238041877747,I-PER,0.3050222396850586,B-LOC,0.08274105936288834
(,(,O,O,O,0.9975427389144897,O,0.9975427389144897,I-MISC,0.0007256913813762367,I-ORG,0.0006228045094758272
Germany,NNP,B-NP,B-LOC,B-LOC,0.716142475605011,B-LOC,0.716142475605011,I-LOC,0.08801669627428055,I-PER,0.07736215740442276
),),O,O,O,0.9970887303352356,O,0.9970887303352356,I-MISC,0.001197072328068316,I-ORG,0.0011355075985193253
1:49.53,CD,B-NP,O,O,0.9983443021774292,O,0.9983443021774292,I-ORG,0.000994360540062189,I-MISC,0.0004405190993566066
