0,1,2,3,predictions,confidence,pred_1,pred_1_confidence,pred_2,pred_2_confidence,pred_3,pred_3_confidence
9.,CD,B-NP,O,O,0.9914803504943848,O,0.9914803504943848,I-ORG,0.0021260916255414486,B-PER,0.0020669414661824703
Florence,NNP,I-NP,B-PER,B-PER,0.49406346678733826,B-PER,0.49406346678733826,I-PER,0.3002925217151642,B-ORG,0.04916263371706009
Masnada,NNP,I-NP,I-PER,I-PER,0.5635513067245483,B-PER,0.5635513067245483,I-PER,0.24430552124977112,B-LOC,0.15068186819553375
(,(,O,O,O,0.9978499412536621,O,0.9978499412536621,I-MISC,0.0006852318765595555,I-ORG,0.0005657033179886639
France,NNP,B-NP,B-LOC,B-LOC,0.6791214942932129,B-LOC,0.6791214942932129,I-PER,0.09940577298402786,I-LOC,0.09820225834846497
),),O,O,O,0.9971964359283447,O,0.9971964359283447,I-MISC,0.0011453817132860422,I-ORG,0.001090738456696272
1:49.51,CD,B-NP,O,O,0.9975785613059998,O,0.9975785613059998,I-ORG,0.0014624774921685457,I-MISC,0.0005926924641244113
