0,1,2,3,predictions,confidence,pred_1,pred_1_confidence,pred_2,pred_2_confidence,pred_3,pred_3_confidence
Extras,NNS,B-NP,O,B-LOC,0.345049113035202,B-PER,0.345049113035202,B-LOC,0.18378140032291412,I-PER,0.15091541409492493
(,(,O,O,O,0.999485969543457,O,0.999485969543457,I-MISC,0.00024335792113561183,I-ORG,0.00019773577514570206
lb-17,CD,B-NP,O,O,0.9988981485366821,O,0.9988981485366821,I-ORG,0.0005821325466968119,I-MISC,0.00036007497692480683
nb-8,CD,I-NP,O,O,0.997986912727356,O,0.997986912727356,I-ORG,0.0009821406565606594,I-MISC,0.0006741719553247094
w-3,CD,I-NP,O,O,0.9995088577270508,O,0.9995088577270508,I-ORG,0.00022205925779417157,I-MISC,0.0002051873889286071
),),O,O,O,0.9993253946304321,O,0.9993253946304321,I-MISC,0.0002846071438398212,I-ORG,0.0002728866820689291
28,CD,B-NP,O,O,0.9998581409454346,O,0.9998581409454346,I-ORG,6.72245369059965e-05,I-MISC,6.473725807154551e-05
