0,1,2,3,predictions,confidence,pred_1,pred_1_confidence,pred_2,pred_2_confidence,pred_3,pred_3_confidence
15.,CD,B-NP,O,O,0.9993742108345032,O,0.9993742108345032,B-PER,0.00017439317889511585,I-MISC,0.00016189171583391726
Martina,NNP,I-NP,B-PER,B-PER,0.6486592292785645,B-PER,0.6486592292785645,I-PER,0.21385270357131958,B-LOC,0.10433896631002426
Ertl,NNP,I-NP,I-PER,I-PER,0.4724960923194885,B-PER,0.4724960923194885,I-PER,0.30062344670295715,B-LOC,0.17528830468654633
(,(,O,O,O,0.9972375631332397,O,0.9972375631332397,I-MISC,0.000658047734759748,I-ORG,0.0006011267541907728
Germany,NNP,B-NP,B-LOC,B-LOC,0.7136291265487671,B-LOC,0.7136291265487671,I-PER,0.08731487393379211,I-LOC,0.08039465546607971
),),O,O,O,0.9972442388534546,O,0.9972442388534546,I-MISC,0.0010571479797363281,I-ORG,0.001048324746079743
1:49.85,CD,B-NP,O,O,0.9978325963020325,O,0.9978325963020325,I-ORG,0.0013012189883738756,I-MISC,0.0005103766452521086
