0,1,2,3,predictions,confidence,pred_1,pred_1_confidence,pred_2,pred_2_confidence,pred_3,pred_3_confidence
17.,CD,B-NP,O,O,0.9996507167816162,O,0.9996507167816162,I-MISC,0.00014259168528951705,I-ORG,0.00010341584129491821
Svetlana,NNP,I-NP,B-PER,B-PER,0.3999333679676056,B-PER,0.3999333679676056,B-LOC,0.29001718759536743,I-PER,0.14461161196231842
Gladishiva,NNP,I-NP,I-PER,I-PER,0.47736603021621704,B-PER,0.47736603021621704,I-PER,0.22216519713401794,B-LOC,0.1223587840795517
(,(,O,O,O,0.999409556388855,O,0.999409556388855,I-MISC,0.00026625816826708615,I-ORG,0.00020830929861404002
Russia,NNP,B-NP,B-LOC,B-LOC,0.4828152060508728,B-LOC,0.4828152060508728,B-PER,0.1859017312526703,I-PER,0.1343677043914795
),),O,O,O,0.9993985891342163,O,0.9993985891342163,I-MISC,0.0002536299580242485,I-ORG,0.00023014296311885118
1:50.03,CD,B-NP,O,O,0.9995642304420471,O,0.9995642304420471,I-ORG,0.00024250234127976,I-MISC,0.00012276243069209158
