0,1,2,3,predictions,confidence,pred_1,pred_1_confidence,pred_2,pred_2_confidence,pred_3,pred_3_confidence
19.,CD,B-NP,O,O,0.999049723148346,O,0.999049723148346,I-ORG,0.0004062471562065184,I-MISC,0.0002700254844967276
Spela,NNP,I-NP,B-PER,B-PER,0.4644249975681305,B-PER,0.4644249975681305,I-PER,0.1996113508939743,B-LOC,0.19191837310791016
Bracun,NNP,I-NP,I-PER,I-PER,0.5250917077064514,B-PER,0.5250917077064514,I-PER,0.23991097509860992,B-LOC,0.1531628519296646
(,(,O,O,O,0.9982775449752808,O,0.9982775449752808,I-MISC,0.0006405889871530235,I-ORG,0.0005049966857768595
Slovenia,NNP,B-NP,B-LOC,B-LOC,0.7618854641914368,B-LOC,0.7618854641914368,I-PER,0.07879222184419632,B-PER,0.06052418053150177
),),O,O,O,0.9984360337257385,O,0.9984360337257385,I-MISC,0.0006002493319101632,I-ORG,0.0005946510937064886
1:50.40,CD,B-NP,O,O,0.9986012578010559,O,0.9986012578010559,I-ORG,0.0007296974654309452,I-MISC,0.00035661287256516516
