0,1,2,3,predictions,confidence,pred_1,pred_1_confidence,pred_2,pred_2_confidence,pred_3,pred_3_confidence
22.,CD,B-NP,O,O,0.9999308586120605,O,0.9999308586120605,I-ORG,3.7092329876031727e-05,I-MISC,2.6412222723593004e-05
Bibiana,NNP,I-NP,B-PER,B-PER,0.4138278365135193,B-PER,0.4138278365135193,B-LOC,0.17804722487926483,I-PER,0.13398437201976776
Perez,NNP,I-NP,I-PER,I-PER,0.44102492928504944,B-PER,0.44102492928504944,I-PER,0.21847130358219147,B-LOC,0.11359715461730957
(,(,O,O,O,0.998977541923523,O,0.998977541923523,I-MISC,0.0005003003752790391,I-ORG,0.0003811945207417011
Italy,NNP,B-NP,B-LOC,B-LOC,0.3217920958995819,B-LOC,0.3217920958995819,B-PER,0.23766496777534485,I-PER,0.1403421014547348
),),O,O,O,0.9991855025291443,O,0.9991855025291443,I-MISC,0.0003635754983406514,I-ORG,0.00032097144867293537
1:50.65,CD,B-NP,O,O,0.999256432056427,O,0.999256432056427,I-ORG,0.0004377430013846606,I-MISC,0.00020779509213753045
