0,1,2,3,predictions,confidence,pred_1,pred_1_confidence,pred_2,pred_2_confidence,pred_3,pred_3_confidence
23.,CD,B-NP,O,O,0.9999333620071411,O,0.9999333620071411,I-ORG,2.740255877142772e-05,I-MISC,2.689844222913962e-05
Hilary,NNP,I-NP,B-PER,B-PER,0.5007887482643127,B-PER,0.5007887482643127,I-PER,0.21303431689739227,B-LOC,0.17116482555866241
Lindh,NNP,I-NP,I-PER,I-PER,0.4194667339324951,B-PER,0.4194667339324951,I-PER,0.24064618349075317,B-ORG,0.08343154191970825
(,(,O,O,O,0.9994211196899414,O,0.9994211196899414,I-MISC,0.0002501037670299411,I-ORG,0.00021731651213485748
United,NNP,B-NP,B-LOC,B-PER,0.28194358944892883,B-LOC,0.28194358944892883,B-PER,0.20239083468914032,I-PER,0.16689343750476837
States,NNP,I-NP,I-LOC,I-PER,0.2804509103298187,B-PER,0.2804509103298187,B-LOC,0.24057413637638092,I-PER,0.22858870029449463
),),O,O,O,0.9994447827339172,O,0.9994447827339172,I-MISC,0.00022237539815250784,I-ORG,0.00021141664183232933
1:50.69,CD,B-NP,O,O,0.9992251396179199,O,0.9992251396179199,I-ORG,0.00044211343629285693,I-MISC,0.00017833049059845507
