0,1,2,3,predictions,confidence,pred_1,pred_1_confidence,pred_2,pred_2_confidence,pred_3,pred_3_confidence
25.,NNP,B-NP,O,O,0.9999232292175293,O,0.9999232292175293,I-ORG,3.640683280536905e-05,I-MISC,2.6620262360665947e-05
Carole,NNP,I-NP,B-PER,B-PER,0.6505190134048462,B-PER,0.6505190134048462,I-PER,0.256351113319397,B-LOC,0.03966960683465004
Montillet,NNP,I-NP,I-PER,I-PER,0.48768970370292664,B-PER,0.48768970370292664,I-PER,0.36320286989212036,B-LOC,0.04635828360915184
(,(,O,O,O,0.9978499412536621,O,0.9978499412536621,I-MISC,0.0006852318765595555,I-ORG,0.0005657033179886639
France,NNP,B-NP,B-LOC,B-LOC,0.6791214942932129,B-LOC,0.6791214942932129,I-PER,0.09940577298402786,I-LOC,0.09820225834846497
),),O,O,O,0.9971964359283447,O,0.9971964359283447,I-MISC,0.0011453817132860422,I-ORG,0.001090738456696272
1:50.91,CD,B-NP,O,O,0.9974830746650696,O,0.9974830746650696,I-ORG,0.0015182127244770527,I-MISC,0.0006059740553610027
