0,1,2,3,predictions,confidence,pred_1,pred_1_confidence,pred_2,pred_2_confidence,pred_3,pred_3_confidence
26.,CD,B-NP,O,O,0.9999269247055054,O,0.9999269247055054,I-ORG,3.905115227098577e-05,I-MISC,2.8366321203066036e-05
Brigitte,NNP,I-NP,B-PER,B-PER,0.2779276371002197,B-PER,0.2779276371002197,B-ORG,0.22166673839092255,I-PER,0.14478208124637604
Obermoser,NNP,I-NP,I-PER,I-PER,0.29858487844467163,B-PER,0.29858487844467163,O,0.20887994766235352,I-PER,0.18170668184757233
(,(,O,O,O,0.998977541923523,O,0.998977541923523,I-MISC,0.0005003003752790391,I-ORG,0.0003811945207417011
Austria,NNP,B-NP,B-LOC,B-LOC,0.5127555727958679,B-LOC,0.5127555727958679,B-PER,0.12465540319681168,I-PER,0.10368421673774719
),),O,O,O,0.9991855025291443,O,0.9991855025291443,I-MISC,0.0003635754983406514,I-ORG,0.00032097144867293537
1:50.99,CD,B-NP,O,O,0.9987972974777222,O,0.9987972974777222,I-ORG,0.0007180286338552833,I-MISC,0.0002988941268995404
