0,1,2,3,predictions,confidence,pred_1,pred_1_confidence,pred_2,pred_2_confidence,pred_3,pred_3_confidence
27.,CD,B-NP,O,O,0.9999395608901978,O,0.9999395608901978,I-ORG,3.235001349821687e-05,I-MISC,2.3479895389755256e-05
Sybille,NNP,I-NP,B-PER,B-PER,0.3924798369407654,B-PER,0.3924798369407654,I-PER,0.17198528349399567,B-ORG,0.1596044898033142
Brauner,NNP,I-NP,I-PER,I-PER,0.4625399708747864,B-PER,0.4625399708747864,I-PER,0.1962771862745285,B-LOC,0.09052464365959167
(,(,O,O,O,0.998977541923523,O,0.998977541923523,I-MISC,0.0005003003752790391,I-ORG,0.0003811945207417011
Germay,NNP,B-NP,O,B-LOC,0.27859145402908325,B-LOC,0.27859145402908325,B-PER,0.2505766749382019,I-PER,0.15651758015155792
),),O,O,O,0.9991855025291443,O,0.9991855025291443,I-MISC,0.0003635754983406514,I-ORG,0.00032097144867293537
1:51.04,CD,B-NP,O,O,0.9994803071022034,O,0.9994803071022034,I-ORG,0.0003065186319872737,I-MISC,0.00014517146337311715
