0,1,2,3,predictions,confidence,pred_1,pred_1_confidence,pred_2,pred_2_confidence,pred_3,pred_3_confidence
28.,CD,B-NP,O,O,0.9999240636825562,O,0.9999240636825562,I-ORG,4.0711849578656256e-05,I-MISC,2.8788772397092544e-05
Grete,NNP,I-NP,B-PER,B-PER,0.4701487421989441,B-PER,0.4701487421989441,I-PER,0.17241381108760834,B-ORG,0.11823749542236328
Stroem,NNP,I-NP,I-PER,I-PER,0.37444356083869934,B-PER,0.37444356083869934,I-PER,0.18612049520015717,B-LOC,0.15684029459953308
(,(,O,O,O,0.998977541923523,O,0.998977541923523,I-MISC,0.0005003003752790391,I-ORG,0.0003811945207417011
Norway,NNP,B-NP,B-LOC,B-LOC,0.3489801585674286,B-LOC,0.3489801585674286,B-PER,0.17532934248447418,I-PER,0.12102723866701126
),),O,O,O,0.9991855025291443,O,0.9991855025291443,I-MISC,0.0003635754983406514,I-ORG,0.00032097144867293537
1:51.07,CD,B-NP,O,O,0.9994314312934875,O,0.9994314312934875,I-ORG,0.00032919878140091896,I-MISC,0.00016541098011657596
