0,1,2,3,predictions,confidence,pred_1,pred_1_confidence,pred_2,pred_2_confidence,pred_3,pred_3_confidence
The,DT,B-NP,O,O,0.9635552763938904,O,0.9635552763938904,I-MISC,0.015338108874857426,I-ORG,0.008661764673888683
results,NNS,I-NP,O,O,0.9999951124191284,O,0.9999951124191284,I-ORG,2.634138127177721e-06,I-MISC,1.8468477946953499e-06
were,VBD,B-VP,O,O,0.9999673366546631,O,0.9999673366546631,I-ORG,1.6061881979112513e-05,I-MISC,1.5562425687676296e-05
declared,VBN,I-VP,O,O,0.9979488253593445,O,0.9979488253593445,I-ORG,0.001376143074594438,I-MISC,0.0004498759226407856
official,NN,B-NP,O,O,0.9978121519088745,O,0.9978121519088745,I-ORG,0.0011265802895650268,I-MISC,0.0008224554476328194
.,.,O,O,O,0.9998176693916321,O,0.9998176693916321,I-MISC,0.0001077315173461102,I-ORG,6.276468047872186e-05
