0,1,2,3,predictions,confidence,pred_1,pred_1_confidence,pred_2,pred_2_confidence,pred_3,pred_3_confidence
30.,NNP,B-NP,O,O,0.9999542236328125,O,0.9999542236328125,I-ORG,2.4514021788490936e-05,I-MISC,1.816204166971147e-05
Alessandra,NNP,I-NP,B-PER,B-PER,0.30001339316368103,B-PER,0.30001339316368103,B-ORG,0.17817124724388123,I-PER,0.1360486000776291
Merlin,NNP,I-NP,I-PER,I-PER,0.4915158748626709,B-PER,0.4915158748626709,I-PER,0.21393445134162903,B-LOC,0.10055799782276154
(,(,O,O,O,0.998977541923523,O,0.998977541923523,I-MISC,0.0005003003752790391,I-ORG,0.0003811945207417011
Italy,NNP,B-NP,B-LOC,B-LOC,0.3217920958995819,B-LOC,0.3217920958995819,B-PER,0.23766496777534485,I-PER,0.1403421014547348
),),O,O,O,0.9991855025291443,O,0.9991855025291443,I-MISC,0.0003635754983406514,I-ORG,0.00032097144867293537
1:51.16,CD,B-NP,O,O,0.9992995262145996,O,0.9992995262145996,I-ORG,0.0004198316019028425,I-MISC,0.00018521823221817613
