0,1,2,3,predictions,confidence,pred_1,pred_1_confidence,pred_2,pred_2_confidence,pred_3,pred_3_confidence
Results,NNS,B-NP,O,O,0.3104216158390045,B-ORG,0.3104216158390045,O,0.24037891626358032,I-ORG,0.12114325910806656
of,IN,B-PP,O,O,0.9842119812965393,O,0.9842119812965393,I-ORG,0.008154051378369331,I-MISC,0.005931149236857891
Saturday,NNP,B-NP,O,O,0.28810566663742065,I-ORG,0.28810566663742065,O,0.21241764724254608,B-ORG,0.16267338395118713
's,POS,I-NP,O,O,0.9779054522514343,O,0.9779054522514343,I-ORG,0.01008027046918869,I-MISC,0.009699316695332527
