0,1,2,3,predictions,confidence,pred_1,pred_1_confidence,pred_2,pred_2_confidence,pred_3,pred_3_confidence
OESTERSUND,NNP,B-NP,B-LOC,B-LOC,0.5429320931434631,B-LOC,0.5429320931434631,B-ORG,0.15006902813911438,B-PER,0.08007345348596573
",",",",O,O,O,0.9996380805969238,O,0.9996380805969238,I-MISC,0.00016294947999995202,I-ORG,0.00014525142614729702
Sweden,NNP,B-NP,B-LOC,B-LOC,0.2332792729139328,B-PER,0.2332792729139328,B-ORG,0.21231286227703094,I-PER,0.12108951807022095
1996-12-07,CD,I-NP,O,O,0.999721348285675,O,0.999721348285675,I-ORG,0.00014771695714443922,I-MISC,8.158444688888267e-05
