0,1,2,3,predictions,confidence,pred_1,pred_1_confidence,pred_2,pred_2_confidence,pred_3,pred_3_confidence
World,NNP,B-NP,B-MISC,B-MISC,0.34722253680229187,O,0.34722253680229187,B-MISC,0.22200295329093933,I-MISC,0.15781283378601074
Cup,NNP,I-NP,I-MISC,I-MISC,0.37212008237838745,I-MISC,0.37212008237838745,B-MISC,0.19020229578018188,I-ORG,0.14630073308944702
biathlon,NN,I-NP,O,O,0.999542236328125,O,0.999542236328125,I-MISC,0.0002729190746322274,I-ORG,0.00015943629841785878
races,NNS,I-NP,O,O,0.9995618462562561,O,0.9995618462562561,I-MISC,0.00031862000469118357,I-ORG,9.602511272532865e-05
:,:,O,O,O,0.9971893429756165,O,0.9971893429756165,I-MISC,0.0019194508204236627,I-ORG,0.0006279182271100581
