0,1,2,3,predictions,confidence,pred_1,pred_1_confidence,pred_2,pred_2_confidence,pred_3,pred_3_confidence
Men,NN,B-NP,O,O,0.9871909618377686,O,0.9871909618377686,B-ORG,0.004135254770517349,I-MISC,0.0033814546186476946
's,POS,B-NP,O,O,0.9955561757087708,O,0.9955561757087708,I-ORG,0.0026188555639237165,I-MISC,0.0015354605857282877
10,CD,I-NP,O,O,0.9996918439865112,O,0.9996918439865112,I-ORG,0.00015477207489311695,I-MISC,0.0001435717276763171
kms,NNS,I-NP,O,O,0.9990917444229126,O,0.9990917444229126,I-MISC,0.0004519571375567466,I-ORG,0.0004140341770835221
