0,1,2,3,predictions,confidence,pred_1,pred_1_confidence,pred_2,pred_2_confidence,pred_3,pred_3_confidence
2.,NNP,B-NP,O,O,0.999929666519165,O,0.999929666519165,I-MISC,3.481319436104968e-05,I-ORG,2.6547144443611614e-05
Pavel,NNP,I-NP,B-PER,B-PER,0.5914844274520874,B-PER,0.5914844274520874,I-PER,0.18041251599788666,B-LOC,0.08615125715732574
Muslimov,NNP,I-NP,I-PER,I-PER,0.21675708889961243,B-PER,0.21675708889961243,B-ORG,0.18784593045711517,I-ORG,0.1504591852426529
(,(,O,O,O,0.9984564781188965,O,0.9984564781188965,I-MISC,0.0007097009220160544,I-ORG,0.000699340074788779
Russia,NNP,B-NP,B-LOC,B-LOC,0.4086659252643585,B-LOC,0.4086659252643585,B-ORG,0.16797004640102386,I-ORG,0.12478850781917572
),),O,O,O,0.9990556836128235,O,0.9990556836128235,I-ORG,0.0005042930715717375,I-MISC,0.00037238711956888437
82,CD,B-NP,O,O,0.9999169111251831,O,0.9999169111251831,I-ORG,4.99288689752575e-05,I-MISC,3.043841388716828e-05
