0,1,2,3,predictions,confidence,pred_1,pred_1_confidence,pred_2,pred_2_confidence,pred_3,pred_3_confidence
1.,CD,B-NP,O,O,0.999038815498352,O,0.999038815498352,I-ORG,0.00028061034390702844,I-MISC,0.00025977945188060403
Fischer,NNP,I-NP,B-PER,B-PER,0.45807844400405884,B-PER,0.45807844400405884,I-PER,0.3545123040676117,O,0.06444662064313889
(,(,O,O,O,0.9981526732444763,O,0.9981526732444763,I-MISC,0.0005791476578451693,I-ORG,0.0005602219025604427
Germany,NNP,B-NP,B-LOC,B-LOC,0.679871678352356,B-LOC,0.679871678352356,I-LOC,0.09325900673866272,I-PER,0.0702638104557991
),),O,O,O,0.9974314570426941,O,0.9974314570426941,I-ORG,0.001407742383889854,I-MISC,0.0009202453074976802
82,CD,B-NP,O,O,0.9997627139091492,O,0.9997627139091492,I-ORG,0.00015327097207773477,I-MISC,7.570383604615927e-05
points,NNS,I-NP,O,O,0.9990538954734802,O,0.9990538954734802,I-ORG,0.0005393447354435921,I-MISC,0.0002636384160723537
