0,1,2,3,predictions,confidence,pred_1,pred_1_confidence,pred_2,pred_2_confidence,pred_3,pred_3_confidence
Women,NNS,B-NP,O,B-ORG,0.46725091338157654,B-ORG,0.46725091338157654,I-ORG,0.1523335874080658,B-PER,0.11548909544944763
's,POS,B-NP,O,O,0.9958891272544861,O,0.9958891272544861,I-ORG,0.002590010641142726,I-MISC,0.0011176117695868015
7.5,CD,I-NP,O,O,0.9999258518218994,O,0.9999258518218994,I-ORG,4.855425504501909e-05,I-MISC,2.447662700433284e-05
kms,NNS,I-NP,O,O,0.998375654220581,O,0.998375654220581,I-ORG,0.000791415455751121,I-MISC,0.0007437003660015762
