0,1,2,3,predictions,confidence,pred_1,pred_1_confidence,pred_2,pred_2_confidence,pred_3,pred_3_confidence
3.,NNP,B-NP,O,O,0.9999374151229858,O,0.9999374151229858,I-ORG,3.290466338512488e-05,I-MISC,2.6427942430018447e-05
Sashurin,NNP,I-NP,B-PER,B-LOC,0.3130645155906677,B-ORG,0.3130645155906677,B-PER,0.1939248889684677,B-MISC,0.1309754103422165
68,CD,I-NP,O,O,0.9998155236244202,O,0.9998155236244202,I-ORG,9.241772204404697e-05,I-MISC,8.426213753409684e-05
.,.,O,O,O,0.9997981190681458,O,0.9997981190681458,I-MISC,0.00010109177674166858,I-ORG,7.525130058638752e-05
