0,1,2,3,predictions,confidence,pred_1,pred_1_confidence,pred_2,pred_2_confidence,pred_3,pred_3_confidence
World,NNP,B-NP,B-MISC,B-ORG,0.20055709779262543,B-ORG,0.20055709779262543,O,0.19574902951717377,I-ORG,0.17284388840198517
Cup,NNP,I-NP,I-MISC,I-ORG,0.26365381479263306,I-MISC,0.26365381479263306,I-ORG,0.21558086574077606,B-ORG,0.14980903267860413
standings,VBZ,B-VP,O,O,0.9976181387901306,O,0.9976181387901306,I-ORG,0.0014139764243736863,I-MISC,0.0008401543600484729
