0,1,2,3,predictions,confidence,pred_1,pred_1_confidence,pred_2,pred_2_confidence,pred_3,pred_3_confidence
1.,CD,B-NP,O,O,0.9994363188743591,O,0.9994363188743591,I-MISC,0.0002612293465062976,I-ORG,0.0002254987193737179
Behle,NN,I-NP,B-PER,B-PER,0.43236181139945984,B-PER,0.43236181139945984,B-ORG,0.13623538613319397,I-PER,0.12655338644981384
89,CD,I-NP,O,O,0.9990515112876892,O,0.9990515112876892,I-MISC,0.0004915515310131013,I-ORG,0.0003561818157322705
