0,1,2,3,predictions,confidence,pred_1,pred_1_confidence,pred_2,pred_2_confidence,pred_3,pred_3_confidence
3.,NNP,B-NP,O,O,0.9999228715896606,O,0.9999228715896606,I-ORG,4.6620218199677765e-05,I-MISC,2.698207026696764e-05
Greiner-Petter-Memm,NNP,I-NP,B-PER,B-ORG,0.5708728432655334,B-ORG,0.5708728432655334,I-ORG,0.17772652208805084,B-MISC,0.06014646589756012
78,CD,I-NP,O,O,0.9998637437820435,O,0.9998637437820435,I-ORG,8.100895502138883e-05,I-MISC,5.1388964493526146e-05
