0,1,2,3,predictions,confidence,pred_1,pred_1_confidence,pred_2,pred_2_confidence,pred_3,pred_3_confidence
IGLS,NNP,B-NP,B-LOC,B-LOC,0.3333820700645447,B-ORG,0.3333820700645447,B-LOC,0.24781768023967743,O,0.11050283163785934
",",",",O,O,O,0.9996380805969238,O,0.9996380805969238,I-MISC,0.00016294947999995202,I-ORG,0.00014525142614729702
Austria,NNP,B-NP,B-LOC,B-LOC,0.2287587672472,B-LOC,0.2287587672472,B-PER,0.2168448567390442,B-ORG,0.20842821896076202
1996-12-07,CD,I-NP,O,O,0.999721348285675,O,0.999721348285675,I-ORG,0.00014771695714443922,I-MISC,8.158444688888267e-05
