0,1,2,3,predictions,confidence,pred_1,pred_1_confidence,pred_2,pred_2_confidence,pred_3,pred_3_confidence
BOBSLEIGH-SHIMER,NNP,B-NP,B-MISC,O,0.4258003830909729,O,0.4258003830909729,B-ORG,0.17126430571079254,I-MISC,0.12279082834720612
PILOTS,NNP,I-NP,O,O,0.46838894486427307,O,0.46838894486427307,B-ORG,0.1475795954465866,I-MISC,0.13359147310256958
USA,NNP,I-NP,B-ORG,O,0.3235868215560913,O,0.3235868215560913,B-MISC,0.21796226501464844,B-ORG,0.17486566305160522
III,NNP,I-NP,I-ORG,O,0.492123544216156,O,0.492123544216156,B-MISC,0.20159073173999786,I-MISC,0.16732953488826752
TO,TO,B-PP,O,O,0.9576840996742249,O,0.9576840996742249,B-MISC,0.02165219746530056,I-MISC,0.012829811312258244
SURPRISE,NNP,B-NP,O,O,0.8848149180412292,O,0.8848149180412292,I-MISC,0.04324684664607048,B-MISC,0.030102506279945374
WIN,NNP,I-NP,O,O,0.9596816301345825,O,0.9596816301345825,B-ORG,0.012377653270959854,B-MISC,0.011396348476409912
.,.,O,O,O,0.9999819993972778,O,0.9999819993972778,I-MISC,1.1647009159787558e-05,I-ORG,4.378889570944011e-06
