0,1,2,3,predictions,confidence,pred_1,pred_1_confidence,pred_2,pred_2_confidence,pred_3,pred_3_confidence
SKIING-CHINESE,JJ,B-NP,B-MISC,O,0.275638610124588,B-ORG,0.275638610124588,O,0.2622688412666321,B-LOC,0.14753828942775726
MAKE,VB,B-VP,O,B-MISC,0.4653400182723999,B-ORG,0.4653400182723999,O,0.13220860064029694,I-MISC,0.0932917520403862
PROMISING,NN,B-NP,O,I-MISC,0.22199305891990662,B-ORG,0.22199305891990662,B-LOC,0.2074883133172989,O,0.17049764096736908
FREESTYLE,NNP,I-NP,O,I-MISC,0.22830699384212494,O,0.22830699384212494,I-MISC,0.1893613338470459,B-ORG,0.18266743421554565
SKIING,NNP,I-NP,O,I-MISC,0.2256537824869156,B-ORG,0.2256537824869156,O,0.2233896255493164,I-MISC,0.20354445278644562
DEBUT,NN,I-NP,O,O,0.4615527093410492,O,0.4615527093410492,B-ORG,0.22179894149303436,I-MISC,0.1275613009929657
.,.,O,O,O,0.9998493194580078,O,0.9998493194580078,I-MISC,8.329788397531956e-05,I-ORG,5.461527325678617e-05
