0,1,2,3,predictions,confidence,pred_1,pred_1_confidence,pred_2,pred_2_confidence,pred_3,pred_3_confidence
TIGNES,NNP,B-NP,B-LOC,B-LOC,0.5638121366500854,B-LOC,0.5638121366500854,B-PER,0.19400569796562195,B-ORG,0.0631076917052269
",",",",O,O,O,0.9991507530212402,O,0.9991507530212402,I-MISC,0.00022868560336064547,I-ORG,0.00020174217934254557
France,NNP,B-NP,B-LOC,B-LOC,0.5254402756690979,B-LOC,0.5254402756690979,B-PER,0.1660577803850174,I-PER,0.1567404866218567
1996-12-07,CD,I-NP,O,O,0.9986255168914795,O,0.9986255168914795,I-ORG,0.000758116424549371,I-MISC,0.00035694052348844707
