0,1,2,3,predictions,confidence,pred_1,pred_1_confidence,pred_2,pred_2_confidence,pred_3,pred_3_confidence
10-1-33-2,CD,B-NP,O,O,0.9999144077301025,O,0.9999144077301025,I-MISC,3.2831063435878605e-05,I-ORG,3.0340521334437653e-05
(,(,O,O,O,0.999697208404541,O,0.999697208404541,I-MISC,0.00018100861052516848,I-ORG,6.0582435253309086e-05
1w,CD,B-NP,O,O,0.9980223178863525,O,0.9980223178863525,I-MISC,0.000984094338491559,I-ORG,0.0004403272469062358
),),O,O,O,0.9995684027671814,O,0.9995684027671814,I-MISC,0.0002120318094966933,I-ORG,0.00013999272778164595
.,.,O,O,O,0.999832034111023,O,0.999832034111023,I-MISC,8.50972646730952e-05,I-ORG,6.149960245238617e-05
