0,1,2,3,predictions,confidence,pred_1,pred_1_confidence,pred_2,pred_2_confidence,pred_3,pred_3_confidence
Result,NN,B-NP,O,O,0.9896255135536194,O,0.9896255135536194,B-MISC,0.0033145088236778975,I-MISC,0.0027245536912232637
:,:,O,O,O,0.997748076915741,O,0.997748076915741,I-MISC,0.001526730484329164,I-ORG,0.0005241009057499468
Australia,NNP,B-NP,B-LOC,B-LOC,0.6781777143478394,B-LOC,0.6781777143478394,I-ORG,0.07050304859876633,I-LOC,0.06259912252426147
won,VBD,B-VP,O,O,0.9976390600204468,O,0.9976390600204468,I-ORG,0.0013104602694511414,I-MISC,0.0009718571091070771
by,IN,B-PP,O,O,0.9998273849487305,O,0.9998273849487305,I-ORG,0.00010874198778765276,I-MISC,6.092117473599501e-05
five,CD,B-NP,O,O,0.9992566704750061,O,0.9992566704750061,I-ORG,0.0004175596113782376,I-MISC,0.0002945053274743259
wickets,NNS,I-NP,O,O,0.9998823404312134,O,0.9998823404312134,I-ORG,6.637975457124412e-05,I-MISC,4.3285177525831386e-05
.,.,O,O,O,0.9997889399528503,O,0.9997889399528503,I-MISC,0.00011126391473226249,I-ORG,7.966140401549637e-05
