0,1,2,3,predictions,confidence,pred_1,pred_1_confidence,pred_2,pred_2_confidence,pred_3,pred_3_confidence
BOBSLEIGH-WORLD,NNP,B-NP,B-MISC,O,0.25948503613471985,O,0.25948503613471985,B-MISC,0.22625817358493805,B-ORG,0.19330891966819763
CUP,NNP,I-NP,I-MISC,O,0.4735525846481323,O,0.4735525846481323,B-MISC,0.2054455727338791,I-MISC,0.13854363560676575
TWO-MAN,NNP,I-NP,O,B-MISC,0.5943585634231567,B-MISC,0.5943585634231567,I-MISC,0.13970302045345306,B-ORG,0.0938650369644165
RESULTS,NNS,I-NP,O,O,0.9873377084732056,O,0.9873377084732056,I-MISC,0.005669351667165756,B-MISC,0.003924751654267311
.,.,O,O,O,0.9998892545700073,O,0.9998892545700073,I-MISC,6.955511344131082e-05,I-ORG,3.430114884395152e-05
