0,1,2,3,predictions,confidence,pred_1,pred_1_confidence,pred_2,pred_2_confidence,pred_3,pred_3_confidence
minute,NN,B-NP,O,O,0.9982396364212036,O,0.9982396364212036,I-PER,0.0005564012099057436,I-ORG,0.0003572781279217452
45.91,CD,B-NP,O,O,0.9999405145645142,O,0.9999405145645142,I-ORG,2.318057704542298e-05,I-MISC,1.8202976207248867e-05
seconds,NNS,I-NP,O,O,0.9994866847991943,O,0.9994866847991943,I-ORG,0.00014370113785844296,I-PER,0.00012356579827610403
(,(,O,O,O,0.9998199343681335,O,0.9998199343681335,I-MISC,9.098176815314218e-05,I-ORG,6.467559433076531e-05
52.90,CD,B-NP,O,O,0.999961256980896,O,0.999961256980896,I-ORG,2.2289837943390012e-05,I-MISC,1.385554060107097e-05
/,SYM,O,O,O,0.9555944204330444,O,0.9555944204330444,B-PER,0.013153307139873505,I-PER,0.009496175684034824
53.01,CD,B-NP,O,O,0.9999643564224243,O,0.9999643564224243,I-ORG,1.5600298866047524e-05,I-MISC,1.1194257240276784e-05
),),O,O,O,0.9998470544815063,O,0.9998470544815063,I-MISC,6.161665078252554e-05,I-ORG,5.1794457249343395e-05
