0,1,2,3,predictions,confidence,pred_1,pred_1_confidence,pred_2,pred_2_confidence,pred_3,pred_3_confidence
(,(,B-LST,O,O,0.9996788501739502,O,0.9996788501739502,I-MISC,0.0001759514125296846,I-ORG,0.00011022620310541242
52.74,CD,B-NP,O,O,0.999940037727356,O,0.999940037727356,I-ORG,3.176673635607585e-05,I-MISC,2.528721233829856e-05
/,SYM,O,O,O,0.9520403146743774,O,0.9520403146743774,I-MISC,0.013290748000144958,I-ORG,0.008677271194756031
53.19,CD,B-NP,O,O,0.9999325275421143,O,0.9999325275421143,I-ORG,3.436645056353882e-05,I-MISC,2.440874777676072e-05
),),O,O,O,0.9997615218162537,O,0.9997615218162537,I-MISC,0.00011618977441685274,I-ORG,8.466790313832462e-05
