0,1,2,3,predictions,confidence,pred_1,pred_1_confidence,pred_2,pred_2_confidence,pred_3,pred_3_confidence
United,NNP,B-NP,B-ORG,O,0.31207475066185,O,0.31207475066185,B-MISC,0.1859426498413086,B-PER,0.13698212802410126
States,NNP,I-NP,I-ORG,O,0.43131425976753235,O,0.43131425976753235,B-MISC,0.23001804947853088,I-MISC,0.11949238926172256
I,PRP,B-NP,I-ORG,O,0.9932726621627808,O,0.9932726621627808,I-MISC,0.002049292204901576,B-MISC,0.0019052218412980437
(,(,O,O,O,0.9998384714126587,O,0.9998384714126587,I-MISC,9.663835226092488e-05,I-ORG,5.443653208203614e-05
Jim,NNP,B-NP,B-PER,B-PER,0.35688191652297974,B-PER,0.35688191652297974,I-MISC,0.108376644551754,I-ORG,0.10455407947301865
Herberich,NNP,I-NP,I-PER,I-PER,0.24228952825069427,B-PER,0.24228952825069427,B-MISC,0.20093801617622375,I-PER,0.13973018527030945
",",",",O,O,O,0.999508261680603,O,0.999508261680603,I-MISC,0.0002451948821544647,I-ORG,0.00019841626635752618
Garrett,NNP,B-NP,B-PER,B-PER,0.3799751400947571,B-PER,0.3799751400947571,B-ORG,0.22382551431655884,I-PER,0.16613464057445526
