0,1,2,3,predictions,confidence,pred_1,pred_1_confidence,pred_2,pred_2_confidence,pred_3,pred_3_confidence
 ,O,O,<UNK>,<UNK>,0.9994770884513855,<UNK>,0.9994770884513855,<PAD>,0.0004636172379832715,B-MISC,1.5189700206974521e-05
It,PRP,B-NP,O,O,0.9986729621887207,O,0.9986729621887207,I-MISC,0.0005186153575778008,B-ORG,0.00029344315407797694
's,VBZ,B-VP,O,O,0.9975023865699768,O,0.9975023865699768,I-MISC,0.001474567805416882,I-ORG,0.000806755677331239
been,VBN,I-VP,O,O,0.9998581409454346,O,0.9998581409454346,I-MISC,9.358881652588025e-05,I-ORG,4.367560541140847e-05
a,DT,B-NP,O,O,0.9990895986557007,O,0.9990895986557007,I-MISC,0.0006062335451133549,I-ORG,0.00020432606106624007
sentimental,JJ,I-NP,O,O,0.9990909099578857,O,0.9990909099578857,I-MISC,0.00046545814257115126,I-ORG,0.00037756405072286725
journey,NN,I-NP,O,O,0.9988172650337219,O,0.9988172650337219,I-MISC,0.0005965057061985135,I-ORG,0.0005135391256771982
...,:,O,O,O,0.9999487400054932,O,0.9999487400054932,I-MISC,2.950755697384011e-05,I-ORG,2.1101497623021714e-05
