0,1,2,3,predictions,confidence,pred_1,pred_1_confidence,pred_2,pred_2_confidence,pred_3,pred_3_confidence
FREESTYLE,NNP,B-NP,O,O,0.41879400610923767,O,0.41879400610923767,B-ORG,0.16850914061069489,I-MISC,0.13770432770252228
SKIING-WORLD,NNP,I-NP,B-MISC,O,0.26833778619766235,O,0.26833778619766235,B-MISC,0.22161038219928741,B-ORG,0.16612203419208527
CUP,NNP,I-NP,I-MISC,O,0.4090639054775238,O,0.4090639054775238,B-MISC,0.23114407062530518,I-MISC,0.16885024309158325
AERIALS,NNP,I-NP,O,O,0.4375675320625305,O,0.4375675320625305,B-MISC,0.2263713777065277,I-MISC,0.21902869641780853
RESULTS,NNS,I-NP,O,O,0.9862192273139954,O,0.9862192273139954,I-MISC,0.006247751880437136,B-MISC,0.0042573921382427216
.,.,O,O,O,0.999882698059082,O,0.999882698059082,I-MISC,7.322053716052324e-05,I-ORG,3.6954257666366175e-05
