0,1,2,3,predictions,confidence,pred_1,pred_1_confidence,pred_2,pred_2_confidence,pred_3,pred_3_confidence
2.,CD,B-NP,O,O,0.9999146461486816,O,0.9999146461486816,I-ORG,3.8061029044911265e-05,I-MISC,3.2353156711906195e-05
Sebastien,NNP,I-NP,B-PER,B-PER,0.47174587845802307,B-PER,0.47174587845802307,I-PER,0.2960222065448761,B-LOC,0.055946845561265945
Foucras,NNP,I-NP,I-PER,I-PER,0.4241679310798645,B-PER,0.4241679310798645,I-PER,0.34139007329940796,B-LOC,0.10496373474597931
(,(,O,O,O,0.9978499412536621,O,0.9978499412536621,I-MISC,0.0006852318765595555,I-ORG,0.0005657033179886639
France,NNP,B-NP,B-LOC,B-LOC,0.6791214942932129,B-LOC,0.6791214942932129,I-PER,0.09940577298402786,I-LOC,0.09820225834846497
),),O,O,O,0.9971964359283447,O,0.9971964359283447,I-MISC,0.0011453817132860422,I-ORG,0.001090738456696272
223.60,CD,B-NP,O,O,0.9993294477462769,O,0.9993294477462769,I-ORG,0.000389404856832698,I-MISC,0.00022618209186475724
