0,1,2,3,predictions,confidence,pred_1,pred_1_confidence,pred_2,pred_2_confidence,pred_3,pred_3_confidence
5.,CD,B-NP,O,O,0.9999243021011353,O,0.9999243021011353,I-ORG,3.962888149544597e-05,I-MISC,3.100398680544458e-05
Christian,NNP,I-NP,B-PER,B-PER,0.21699804067611694,B-MISC,0.21699804067611694,B-ORG,0.1853800266981125,I-ORG,0.14189815521240234
Rijavec,NNP,I-NP,I-PER,I-PER,0.3490608036518097,B-PER,0.3490608036518097,I-PER,0.22178994119167328,B-LOC,0.10823740065097809
(,(,O,O,O,0.998110294342041,O,0.998110294342041,I-MISC,0.0008937215898185968,I-ORG,0.0007195064099505544
Austria,NNP,B-NP,B-LOC,B-LOC,0.5324697494506836,B-LOC,0.5324697494506836,B-PER,0.09776458144187927,I-PER,0.09523379057645798
),),O,O,O,0.9988777041435242,O,0.9988777041435242,I-MISC,0.00048881268594414,I-ORG,0.0004444429068826139
204.17,CD,B-NP,O,O,0.9998918771743774,O,0.9998918771743774,I-ORG,6.604679219890386e-05,I-MISC,3.546606603777036e-05
