0,1,2,3,predictions,confidence,pred_1,pred_1_confidence,pred_2,pred_2_confidence,pred_3,pred_3_confidence
6.,CD,B-NP,O,O,0.9999380111694336,O,0.9999380111694336,I-ORG,3.117632513749413e-05,I-MISC,2.6423447707202286e-05
Alexandre,NNP,I-NP,B-PER,B-PER,0.3692423701286316,B-PER,0.3692423701286316,I-PER,0.1614643633365631,B-ORG,0.14720545709133148
Mikhailov,NNP,I-NP,I-PER,I-PER,0.5705682635307312,B-PER,0.5705682635307312,I-PER,0.2229931503534317,B-LOC,0.07169659435749054
(,(,O,O,O,0.998977541923523,O,0.998977541923523,I-MISC,0.0005003003752790391,I-ORG,0.0003811945207417011
Russia,NNP,B-NP,B-LOC,B-LOC,0.5052942037582397,B-LOC,0.5052942037582397,B-PER,0.14050021767616272,I-PER,0.11091671884059906
),),O,O,O,0.9991855025291443,O,0.9991855025291443,I-MISC,0.0003635754983406514,I-ORG,0.00032097144867293537
202.59,CD,B-NP,O,O,0.9998475313186646,O,0.9998475313186646,I-ORG,9.578398748999462e-05,I-MISC,4.628993701771833e-05
