0,1,2,3,predictions,confidence,pred_1,pred_1_confidence,pred_2,pred_2_confidence,pred_3,pred_3_confidence
7.,CD,B-NP,O,O,0.9999415874481201,O,0.9999415874481201,I-ORG,2.6718267690739594e-05,I-MISC,2.2496635210700333e-05
Ales,NNPS,I-NP,B-PER,B-PER,0.6325634717941284,B-PER,0.6325634717941284,I-PER,0.2398495376110077,B-LOC,0.0402967631816864
Valenta,NNP,O,I-PER,I-PER,0.5783662796020508,B-PER,0.5783662796020508,I-PER,0.2554055452346802,B-LOC,0.1289122849702835
(,(,O,O,O,0.9980304837226868,O,0.9980304837226868,I-MISC,0.0006706826388835907,I-ORG,0.0005437663639895618
Czech,NNP,B-NP,B-LOC,B-LOC,0.6201435327529907,B-LOC,0.6201435327529907,I-LOC,0.133025661110878,I-PER,0.10615725815296173
Republic,NNP,I-NP,I-LOC,I-LOC,0.33152416348457336,B-LOC,0.33152416348457336,I-LOC,0.18237020075321198,I-ORG,0.11264122277498245
),),O,O,O,0.9971755743026733,O,0.9971755743026733,I-MISC,0.001182107487693429,I-ORG,0.0011010648449882865
194.02,CD,B-NP,O,O,0.9974979758262634,O,0.9974979758262634,I-ORG,0.0014538061805069447,I-MISC,0.0006672594463452697
