0,1,2,3,predictions,confidence,pred_1,pred_1_confidence,pred_2,pred_2_confidence,pred_3,pred_3_confidence
8.,NNP,B-NP,O,O,0.9998155236244202,O,0.9998155236244202,I-ORG,7.267093315022066e-05,I-MISC,6.460017175413668e-05
Andy,NNP,I-NP,B-PER,B-PER,0.5621048808097839,B-PER,0.5621048808097839,I-PER,0.1854504495859146,O,0.11404493451118469
Capicik,NNP,I-NP,I-PER,I-PER,0.5209782123565674,B-PER,0.5209782123565674,I-PER,0.3220341205596924,B-LOC,0.09363821893930435
(,(,O,O,O,0.9978057742118835,O,0.9978057742118835,I-MISC,0.0007161353132687509,I-ORG,0.0006029293872416019
Canada,NNP,B-NP,B-LOC,B-LOC,0.7869930267333984,B-LOC,0.7869930267333984,I-LOC,0.07960095256567001,I-PER,0.059178683906793594
),),O,O,O,0.9981772899627686,O,0.9981772899627686,I-MISC,0.0007297834963537753,I-ORG,0.0007087636040523648
193.82,CD,B-NP,O,O,0.9985215067863464,O,0.9985215067863464,I-ORG,0.0008362777880392969,I-MISC,0.00033818703377619386
