0,1,2,3,predictions,confidence,pred_1,pred_1_confidence,pred_2,pred_2_confidence,pred_3,pred_3_confidence
10.,CD,B-NP,O,O,0.9994325041770935,O,0.9994325041770935,I-ORG,0.00026515848003327847,I-MISC,0.00020448063150979578
Dmitri,NNP,B-NP,B-PER,B-PER,0.48541903495788574,B-PER,0.48541903495788574,I-PER,0.20211261510849,B-ORG,0.10777686536312103
Dashinski,NNP,I-NP,I-PER,I-PER,0.5026782155036926,B-PER,0.5026782155036926,I-PER,0.23320958018302917,B-LOC,0.10065148025751114
Belarus,NNPS,I-NP,B-LOC,I-PER,0.33516618609428406,B-PER,0.33516618609428406,B-LOC,0.2432514876127243,I-PER,0.19582058489322662
),),O,O,O,0.9995617270469666,O,0.9995617270469666,I-MISC,0.00019784698088187724,I-ORG,0.00016693020006641746
190.70,CD,B-NP,O,O,0.9989966750144958,O,0.9989966750144958,I-ORG,0.0004986156709492207,I-MISC,0.00031148415291681886
