0,1,2,3,predictions,confidence,pred_1,pred_1_confidence,pred_2,pred_2_confidence,pred_3,pred_3_confidence
9.,CD,B-NP,O,O,0.9925147891044617,O,0.9925147891044617,I-ORG,0.0020635263063013554,I-MISC,0.0019270754419267178
Trace,NNP,I-NP,B-PER,B-PER,0.5603846311569214,B-PER,0.5603846311569214,I-PER,0.21083928644657135,B-LOC,0.06550478935241699
Worthington,NNP,I-NP,I-PER,I-PER,0.4058671295642853,B-PER,0.4058671295642853,I-PER,0.3009199798107147,B-LOC,0.114905945956707
(,(,O,O,O,0.9985795021057129,O,0.9985795021057129,I-MISC,0.0005917557864449918,I-ORG,0.0004228289471939206
U.S.,NNP,B-NP,B-LOC,B-LOC,0.8154329061508179,B-LOC,0.8154329061508179,I-LOC,0.06312987208366394,B-PER,0.032988328486680984
),),O,O,O,0.9971930384635925,O,0.9971930384635925,I-MISC,0.0012708522845059633,I-ORG,0.0011247301008552313
192.36,CD,B-NP,O,O,0.9957848191261292,O,0.9957848191261292,I-ORG,0.002488149330019951,I-MISC,0.0011684854980558157
