0,1,2,3,predictions,confidence,pred_1,pred_1_confidence,pred_2,pred_2_confidence,pred_3,pred_3_confidence
2.,NNP,B-NP,O,O,0.9999160766601562,O,0.9999160766601562,I-ORG,4.188300954410806e-05,I-MISC,3.5347962693776935e-05
Karin,NNP,I-NP,B-PER,B-PER,0.6074236631393433,B-PER,0.6074236631393433,I-PER,0.1652253270149231,B-LOC,0.06412980705499649
Kuster,NNP,I-NP,I-PER,I-PER,0.5039757490158081,B-PER,0.5039757490158081,I-PER,0.21097826957702637,B-ORG,0.07311118394136429
(,(,O,O,O,0.998977541923523,O,0.998977541923523,I-MISC,0.0005003003752790391,I-ORG,0.0003811945207417011
Switzerland,NNP,B-NP,B-LOC,B-LOC,0.37595346570014954,B-LOC,0.37595346570014954,B-PER,0.14897333085536957,I-PER,0.12564460933208466
),),O,O,O,0.9991855025291443,O,0.9991855025291443,I-MISC,0.0003635754983406514,I-ORG,0.00032097144867293537
160.55,CD,B-NP,O,O,0.9992932081222534,O,0.9992932081222534,I-ORG,0.0004019321931991726,I-MISC,0.00022032986453268677
