0,1,2,3,predictions,confidence,pred_1,pred_1_confidence,pred_2,pred_2_confidence,pred_3,pred_3_confidence
3.,NNP,B-NP,O,O,0.9999443292617798,O,0.9999443292617798,I-ORG,2.8116068278905004e-05,I-MISC,2.3585036615259014e-05
Evelyne,NNP,I-NP,B-PER,B-PER,0.28935959935188293,B-PER,0.28935959935188293,B-ORG,0.20532596111297607,I-PER,0.146547332406044
Leu,NNP,I-NP,I-PER,I-PER,0.3184988796710968,B-PER,0.3184988796710968,I-PER,0.13917183876037598,O,0.11977005749940872
(,(,O,O,O,0.998977541923523,O,0.998977541923523,I-MISC,0.0005003003752790391,I-ORG,0.0003811945207417011
Switzerland,NNP,B-NP,B-LOC,B-LOC,0.37595346570014954,B-LOC,0.37595346570014954,B-PER,0.14897333085536957,I-PER,0.12564460933208466
),),O,O,O,0.9991855025291443,O,0.9991855025291443,I-MISC,0.0003635754983406514,I-ORG,0.00032097144867293537
160.36,CD,B-NP,O,O,0.9993021488189697,O,0.9993021488189697,I-ORG,0.00038942357059568167,I-MISC,0.00021787580044474453
