0,1,2,3,predictions,confidence,pred_1,pred_1_confidence,pred_2,pred_2_confidence,pred_3,pred_3_confidence
4.,CD,B-NP,O,O,0.9999239444732666,O,0.9999239444732666,I-ORG,3.226388434995897e-05,I-MISC,2.85885816992959e-05
Caroline,NNP,I-NP,B-PER,B-PER,0.6096386313438416,B-PER,0.6096386313438416,I-PER,0.26691749691963196,B-LOC,0.054464664310216904
Olivier,NNP,I-NP,I-PER,I-PER,0.5133121609687805,B-PER,0.5133121609687805,I-PER,0.3526255786418915,B-LOC,0.04476122930645943
(,(,O,O,O,0.9978057742118835,O,0.9978057742118835,I-MISC,0.0007161353132687509,I-ORG,0.0006029293872416019
Canada,NNP,B-NP,B-LOC,B-LOC,0.7869930267333984,B-LOC,0.7869930267333984,I-LOC,0.07960095256567001,I-PER,0.059178683906793594
),),O,O,O,0.9981772899627686,O,0.9981772899627686,I-MISC,0.0007297834963537753,I-ORG,0.0007087636040523648
157.10,CD,B-NP,O,O,0.9979715943336487,O,0.9979715943336487,I-ORG,0.0010963459499180317,I-MISC,0.0005651521496474743
