0,1,2,3,predictions,confidence,pred_1,pred_1_confidence,pred_2,pred_2_confidence,pred_3,pred_3_confidence
6.,NNP,B-NP,O,O,0.9999380111694336,O,0.9999380111694336,I-ORG,3.117632513749413e-05,I-MISC,2.6423447707202286e-05
Marie,NNP,I-NP,B-PER,B-PER,0.6006355285644531,B-PER,0.6006355285644531,I-PER,0.16799305379390717,B-ORG,0.06492341309785843
Lindgren,NNP,I-NP,I-PER,I-PER,0.3223792314529419,B-PER,0.3223792314529419,I-PER,0.22180095314979553,B-ORG,0.14198406040668488
(,(,O,O,O,0.998977541923523,O,0.998977541923523,I-MISC,0.0005003003752790391,I-ORG,0.0003811945207417011
Sweden,NNP,B-NP,B-LOC,B-LOC,0.32828134298324585,B-LOC,0.32828134298324585,B-PER,0.16263261437416077,I-PER,0.15728938579559326
),),O,O,O,0.9991855025291443,O,0.9991855025291443,I-MISC,0.0003635754983406514,I-ORG,0.00032097144867293537
154.82,CD,B-NP,O,O,0.9994232654571533,O,0.9994232654571533,I-ORG,0.00033371022436767817,I-MISC,0.00016407700604759157
