0,1,2,3,predictions,confidence,pred_1,pred_1_confidence,pred_2,pred_2_confidence,pred_3,pred_3_confidence
5.,CD,B-NP,O,O,0.9999198913574219,O,0.9999198913574219,I-ORG,3.778542668442242e-05,I-MISC,3.0223323847167194e-05
Jacqui,NNP,I-NP,B-PER,B-PER,0.6722505688667297,B-PER,0.6722505688667297,I-PER,0.21783596277236938,B-LOC,0.054424844682216644
Cooper,NNP,I-NP,I-PER,I-PER,0.531501054763794,B-PER,0.531501054763794,I-PER,0.3191334307193756,B-LOC,0.07194921374320984
(,(,O,O,O,0.9977999329566956,O,0.9977999329566956,I-MISC,0.0007165410788729787,I-ORG,0.0006173548754304647
Australia,NNP,B-NP,B-LOC,B-LOC,0.8466446995735168,B-LOC,0.8466446995735168,I-LOC,0.05416150018572807,I-PER,0.03734874725341797
),),O,O,O,0.9975404739379883,O,0.9975404739379883,I-MISC,0.0009882829617708921,I-ORG,0.0009538629092276096
156.52,CD,B-NP,O,O,0.9986953139305115,O,0.9986953139305115,I-ORG,0.0007577060605399311,I-MISC,0.000354402611264959
