0,1,2,3,predictions,confidence,pred_1,pred_1_confidence,pred_2,pred_2_confidence,pred_3,pred_3_confidence
7.,NNP,B-NP,O,O,0.9999415874481201,O,0.9999415874481201,I-ORG,2.705503356992267e-05,I-MISC,2.2652566258329898e-05
Dan,NNP,I-NP,B-PER,B-PER,0.6327168345451355,B-PER,0.6327168345451355,I-PER,0.2314508855342865,B-LOC,0.04517250135540962
Cuo,NNP,I-NP,I-PER,I-PER,0.4611659646034241,B-PER,0.4611659646034241,I-PER,0.21604791283607483,B-LOC,0.17039892077445984
(,(,O,O,O,0.9979669451713562,O,0.9979669451713562,I-MISC,0.0006967672379687428,I-ORG,0.0005755639285780489
China,NNP,B-NP,B-LOC,B-LOC,0.7740762829780579,B-LOC,0.7740762829780579,I-LOC,0.08119133114814758,I-PER,0.061357494443655014
),),O,O,O,0.9978419542312622,O,0.9978419542312622,I-MISC,0.0009241973166354001,I-ORG,0.0008564942399971187
154.61,CD,B-NP,O,O,0.9979731440544128,O,0.9979731440544128,I-ORG,0.0012002402218058705,I-MISC,0.00055840821005404
