0,1,2,3,predictions,confidence,pred_1,pred_1_confidence,pred_2,pred_2_confidence,pred_3,pred_3_confidence
8.,CD,B-NP,O,O,0.9998260140419006,O,0.9998260140419006,I-ORG,7.790572999510914e-05,I-MISC,6.233225576579571e-05
Kristie,NNP,I-NP,B-PER,B-PER,0.5978240966796875,B-PER,0.5978240966796875,I-PER,0.2663421630859375,B-LOC,0.04987715929746628
Marshall,NNP,I-NP,I-PER,I-PER,0.5884746313095093,B-PER,0.5884746313095093,I-PER,0.29320186376571655,B-LOC,0.08365137130022049
(,(,O,O,O,0.9977999329566956,O,0.9977999329566956,I-MISC,0.0007165410788729787,I-ORG,0.0006173548754304647
Australia,NNP,B-NP,B-LOC,B-LOC,0.8466446995735168,B-LOC,0.8466446995735168,I-LOC,0.05416150018572807,I-PER,0.03734874725341797
),),O,O,O,0.9975404739379883,O,0.9975404739379883,I-MISC,0.0009882829617708921,I-ORG,0.0009538629092276096
154.60,CD,B-NP,O,O,0.996908962726593,O,0.996908962726593,I-ORG,0.0016651821788400412,I-MISC,0.0009012477239593863
