0,1,2,3,predictions,confidence,pred_1,pred_1_confidence,pred_2,pred_2_confidence,pred_3,pred_3_confidence
9.,CD,B-NP,O,O,0.9914143681526184,O,0.9914143681526184,I-ORG,0.0022026891820132732,B-PER,0.0019527766853570938
Xu,NNP,I-NP,B-PER,B-PER,0.3187600374221802,B-PER,0.3187600374221802,O,0.3075818121433258,I-PER,0.16933494806289673
Nannan,NNP,I-NP,I-PER,I-PER,0.46302101016044617,B-PER,0.46302101016044617,I-PER,0.24186871945858002,B-LOC,0.2148541510105133
(,(,O,O,O,0.9979669451713562,O,0.9979669451713562,I-MISC,0.0006967672379687428,I-ORG,0.0005755639285780489
China,NNP,B-NP,B-LOC,B-LOC,0.7740762829780579,B-LOC,0.7740762829780579,I-LOC,0.08119133114814758,I-PER,0.061357494443655014
),),O,O,O,0.9978419542312622,O,0.9978419542312622,I-MISC,0.0009241973166354001,I-ORG,0.0008564942399971187
152.08,CD,B-NP,O,O,0.9982036352157593,O,0.9982036352157593,I-ORG,0.0010345920454710722,I-MISC,0.0005306819221004844
