0,1,2,3,predictions,confidence,pred_1,pred_1_confidence,pred_2,pred_2_confidence,pred_3,pred_3_confidence
10.,CD,B-NP,O,O,0.9994716048240662,O,0.9994716048240662,I-ORG,0.00026738905580714345,I-MISC,0.0001911098079290241
Hilde,NNP,I-NP,B-PER,B-PER,0.4182945489883423,B-PER,0.4182945489883423,I-PER,0.15098246932029724,B-ORG,0.1313299536705017
Synnove,NNP,I-NP,I-PER,I-PER,0.3023105561733246,B-PER,0.3023105561733246,B-ORG,0.172908753156662,I-PER,0.14568984508514404
Lid,NNP,I-NP,I-PER,I-PER,0.3803040087223053,B-PER,0.3803040087223053,I-PER,0.1526976227760315,B-LOC,0.1119592934846878
(,(,O,O,O,0.9988420605659485,O,0.9988420605659485,I-MISC,0.0005639733863063157,I-ORG,0.00043839661520905793
Norway,NNP,B-NP,B-LOC,B-LOC,0.34587371349334717,B-LOC,0.34587371349334717,B-PER,0.17247946560382843,I-PER,0.12258599698543549
),),O,O,O,0.9991666078567505,O,0.9991666078567505,I-MISC,0.00037035238347016275,I-ORG,0.00033040691050700843
148.20,CD,B-NP,O,O,0.9987201690673828,O,0.9987201690673828,I-ORG,0.000688802043441683,I-MISC,0.00038501204107888043
