0,1,2,3,predictions,confidence,pred_1,pred_1_confidence,pred_2,pred_2_confidence,pred_3,pred_3_confidence
KUUSAMO,RB,B-INTJ,B-LOC,B-LOC,0.803764820098877,B-LOC,0.803764820098877,B-PER,0.09201982617378235,B-ORG,0.03581535443663597
",",",",O,O,O,0.9990656971931458,O,0.9990656971931458,I-ORG,0.00027980448794551194,I-MISC,0.00026496610371395946
Finland,NNP,B-NP,B-LOC,B-LOC,0.5032687187194824,B-LOC,0.5032687187194824,I-PER,0.1124199703335762,B-PER,0.09307722002267838
1996-12-07,CD,I-NP,O,O,0.9959444403648376,O,0.9959444403648376,I-ORG,0.002415150636807084,I-MISC,0.0012765167048200965
