0,1,2,3,predictions,confidence,pred_1,pred_1_confidence,pred_2,pred_2_confidence,pred_3,pred_3_confidence
SKI,NNS,B-NP,O,O,0.5007258057594299,O,0.5007258057594299,B-MISC,0.22138428688049316,I-MISC,0.13258948922157288
JUMPING-LEADING,NN,I-NP,O,O,0.3922106623649597,B-MISC,0.3922106623649597,O,0.28717124462127686,I-MISC,0.18133556842803955
WORLD,NN,I-NP,B-MISC,O,0.8404660224914551,O,0.8404660224914551,B-MISC,0.08305637538433075,I-MISC,0.051950570195913315
CUP,RP,B-PRT,I-MISC,O,0.7170059084892273,O,0.7170059084892273,B-MISC,0.15681962668895721,I-MISC,0.09462617337703705
RESULTS,NNS,B-NP,O,O,0.9940802454948425,O,0.9940802454948425,I-MISC,0.0028667047154158354,B-MISC,0.002593241399154067
/,SYM,O,O,O,0.9982642531394958,O,0.9982642531394958,I-MISC,0.001144301611930132,B-MISC,0.0004473378066904843
STANDINGS,NNS,B-NP,O,O,0.9914925694465637,O,0.9914925694465637,I-MISC,0.004288158379495144,B-MISC,0.0025172815658152103
.,.,O,O,O,0.9999896287918091,O,0.9999896287918091,I-MISC,7.054997240629746e-06,I-ORG,2.164455736419768e-06
