0,1,2,3,predictions,confidence,pred_1,pred_1_confidence,pred_2,pred_2_confidence,pred_3,pred_3_confidence
Leading,JJ,B-NP,O,O,0.6351821422576904,O,0.6351821422576904,B-ORG,0.08244957029819489,I-ORG,0.06696388870477676
results,NNS,I-NP,O,O,0.9999942779541016,O,0.9999942779541016,I-ORG,2.8801766802644124e-06,I-MISC,2.317646249139216e-06
in,IN,B-PP,O,O,0.9978348612785339,O,0.9978348612785339,I-MISC,0.0013210976030677557,I-ORG,0.0007070600986480713
a,DT,B-NP,O,O,0.9970090985298157,O,0.9970090985298157,I-MISC,0.0016568283317610621,I-ORG,0.0010313105303794146
