0,1,2,3,predictions,confidence,pred_1,pred_1_confidence,pred_2,pred_2_confidence,pred_3,pred_3_confidence
145.4,CD,B-NP,O,O,0.9998854398727417,O,0.9998854398727417,I-MISC,6.490742089226842e-05,I-ORG,3.5344786738278344e-05
/,SYM,O,O,O,0.9945182204246521,O,0.9945182204246521,I-MISC,0.0028009728994220495,B-MISC,0.0012935278937220573
second,JJ,B-NP,O,O,0.9999727010726929,O,0.9999727010726929,I-MISC,1.6809279259177856e-05,I-ORG,7.395444299618248e-06
jump,NN,I-NP,O,O,0.9999827146530151,O,0.9999827146530151,I-MISC,1.0227514394500758e-05,I-ORG,5.600987606158014e-06
158,CD,I-NP,O,O,0.9997236132621765,O,0.9997236132621765,I-MISC,0.00013039847544860095,I-ORG,8.473949128529057e-05
),),O,O,O,0.9998805522918701,O,0.9998805522918701,I-MISC,6.430171197280288e-05,I-ORG,3.7777888792334124e-05
