0,1,2,3,predictions,confidence,pred_1,pred_1_confidence,pred_2,pred_2_confidence,pred_3,pred_3_confidence
1.,CD,B-NP,O,O,0.9986931681632996,O,0.9986931681632996,I-ORG,0.0009327633888460696,I-MISC,0.00026429202989675105
Thoma,NNP,I-NP,B-PER,B-ORG,0.6303927898406982,B-ORG,0.6303927898406982,I-ORG,0.21448084712028503,O,0.04175961762666702
210,CD,I-NP,O,O,0.9997978806495667,O,0.9997978806495667,I-ORG,0.0001423108042217791,I-MISC,5.479604806168936e-05
points,NNS,I-NP,O,O,0.9984482526779175,O,0.9984482526779175,I-ORG,0.0009024323080666363,I-MISC,0.0005026865401305258
