0,1,2,3,predictions,confidence,pred_1,pred_1_confidence,pred_2,pred_2_confidence,pred_3,pred_3_confidence
2.,CD,B-NP,O,O,0.9999282360076904,O,0.9999282360076904,I-MISC,3.482679312583059e-05,I-ORG,3.325522629893385e-05
Brenden,JJ,I-NP,B-PER,O,0.26714253425598145,B-ORG,0.26714253425598145,O,0.2459733933210373,B-PER,0.1331261843442917
206,CD,I-NP,O,O,0.9999228715896606,O,0.9999228715896606,I-ORG,4.738446295959875e-05,I-MISC,2.8134643798694015e-05
