0,1,2,3,predictions,confidence,pred_1,pred_1_confidence,pred_2,pred_2_confidence,pred_3,pred_3_confidence
3.,NNP,B-NP,O,O,0.9999275207519531,O,0.9999275207519531,I-ORG,4.121040183235891e-05,I-MISC,2.7544485419639386e-05
Goldberger,NNP,I-NP,B-PER,O,0.3760054409503937,B-ORG,0.3760054409503937,O,0.25724464654922485,I-ORG,0.11629664152860641
160,CD,I-NP,O,O,0.9989849925041199,O,0.9989849925041199,I-ORG,0.0004904185188934207,I-MISC,0.00044301897287368774
