0,1,2,3,predictions,confidence,pred_1,pred_1_confidence,pred_2,pred_2_confidence,pred_3,pred_3_confidence
4.,CD,B-NP,O,O,0.9999189376831055,O,0.9999189376831055,I-ORG,4.090689981239848e-05,I-MISC,3.4544373193057254e-05
Okabe,NNP,I-NP,B-PER,B-PER,0.4262197017669678,B-PER,0.4262197017669678,I-PER,0.15566791594028473,B-ORG,0.11521312594413757
146,CD,I-NP,O,O,0.9985059499740601,O,0.9985059499740601,I-ORG,0.0007150513119995594,I-MISC,0.0006025945185683668
