0,1,2,3,predictions,confidence,pred_1,pred_1_confidence,pred_2,pred_2_confidence,pred_3,pred_3_confidence
6.,CD,B-NP,O,O,0.9999334812164307,O,0.9999334812164307,I-ORG,3.246169217163697e-05,I-MISC,3.003761958098039e-05
Saitoh,NNP,I-NP,B-PER,B-LOC,0.26891419291496277,B-PER,0.26891419291496277,B-ORG,0.18340416252613068,B-MISC,0.16591797769069672
121,CD,I-NP,O,O,0.9992874264717102,O,0.9992874264717102,I-MISC,0.0003277318028267473,I-ORG,0.00031534256413578987
