0,1,2,3,predictions,confidence,pred_1,pred_1_confidence,pred_2,pred_2_confidence,pred_3,pred_3_confidence
5.,CD,B-NP,O,O,0.9999188184738159,O,0.9999188184738159,I-ORG,3.978019958594814e-05,I-MISC,3.6242294299881905e-05
Funaki,NNP,I-NP,B-PER,B-LOC,0.24014338850975037,B-PER,0.24014338850975037,B-ORG,0.17871394753456116,B-MISC,0.15125738084316254
143,CD,I-NP,O,O,0.9996052384376526,O,0.9996052384376526,I-MISC,0.00018543220357969403,I-ORG,0.0001756365381879732
