0,1,2,3,predictions,confidence,pred_1,pred_1_confidence,pred_2,pred_2_confidence,pred_3,pred_3_confidence
7.,CD,B-NP,O,O,0.9999436140060425,O,0.9999436140060425,I-ORG,2.8734641091432422e-05,I-MISC,2.3569369659526274e-05
Espen,NNP,I-NP,B-PER,B-PER,0.35731247067451477,B-PER,0.35731247067451477,B-ORG,0.14581508934497833,I-PER,0.13868823647499084
Bredesen,NNP,I-NP,I-PER,I-PER,0.2609698474407196,B-PER,0.2609698474407196,I-PER,0.1849331110715866,B-ORG,0.1586391180753708
(,(,O,O,O,0.998977541923523,O,0.998977541923523,I-MISC,0.0005003003752790391,I-ORG,0.0003811945207417011
Norway,NNP,B-NP,B-LOC,B-LOC,0.3489801585674286,B-LOC,0.3489801585674286,B-PER,0.17532934248447418,I-PER,0.12102723866701126
),),O,O,O,0.9991855025291443,O,0.9991855025291443,I-MISC,0.0003635754983406514,I-ORG,0.00032097144867293537
112,CD,B-NP,O,O,0.9992260932922363,O,0.9992260932922363,I-ORG,0.00036342593375593424,I-MISC,0.0003153866855427623
