0,1,2,3,predictions,confidence,pred_1,pred_1_confidence,pred_2,pred_2_confidence,pred_3,pred_3_confidence
10.,CD,B-NP,O,O,0.9994780421257019,O,0.9994780421257019,I-ORG,0.0002436134818708524,I-MISC,0.00018672242003958672
Primoz,NNP,I-NP,B-PER,B-PER,0.43587183952331543,B-PER,0.43587183952331543,I-PER,0.19208744168281555,B-ORG,0.12956023216247559
Peterka,NNP,I-NP,I-PER,I-PER,0.4127451777458191,B-PER,0.4127451777458191,I-PER,0.2360186129808426,B-LOC,0.13885147869586945
(,(,O,O,O,0.9989014863967896,O,0.9989014863967896,I-MISC,0.0005165571928955615,I-ORG,0.00039743236266076565
Slovakia,NNP,B-NP,B-LOC,B-LOC,0.4976334571838379,B-LOC,0.4976334571838379,B-PER,0.18247908353805542,I-PER,0.14978328347206116
),),O,O,O,0.9990336894989014,O,0.9990336894989014,I-MISC,0.0003994339786004275,I-ORG,0.0003696864878293127
76,CD,B-NP,O,O,0.9997156262397766,O,0.9997156262397766,I-ORG,0.00013444997603073716,I-MISC,0.00011903953418368474
