0,1,2,3,predictions,confidence,pred_1,pred_1_confidence,pred_2,pred_2_confidence,pred_3,pred_3_confidence
BADMINTON,NNP,B-NP,O,O,0.6595450043678284,O,0.6595450043678284,B-MISC,0.20784324407577515,I-MISC,0.07293970882892609
-,:,O,O,O,0.999330997467041,O,0.999330997467041,I-MISC,0.0005126699106767774,I-ORG,8.99342485354282e-05
WORLD,NN,B-NP,B-MISC,O,0.617723286151886,O,0.617723286151886,B-MISC,0.17571908235549927,I-MISC,0.13175244629383087
GRAND,NNP,I-NP,I-MISC,O,0.42446911334991455,O,0.42446911334991455,B-MISC,0.20866169035434723,I-MISC,0.15496307611465454
PRIX,NNP,I-NP,I-MISC,O,0.30729010701179504,O,0.30729010701179504,B-MISC,0.29547446966171265,I-MISC,0.1879289299249649
SEMIFINAL,NNP,I-NP,O,O,0.3522324860095978,B-MISC,0.3522324860095978,O,0.3251587152481079,I-MISC,0.1785171926021576
RESULTS,NNS,I-NP,O,O,0.9903291463851929,O,0.9903291463851929,I-MISC,0.004259039647877216,B-MISC,0.0028957612812519073
.,.,O,O,O,0.9999418258666992,O,0.9999418258666992,I-MISC,3.72282593161799e-05,I-ORG,1.6539850548724644e-05
