0,1,2,3,predictions,confidence,pred_1,pred_1_confidence,pred_2,pred_2_confidence,pred_3,pred_3_confidence
TEMBAU,NN,B-NP,B-LOC,B-ORG,0.40418073534965515,B-ORG,0.40418073534965515,B-LOC,0.3163236379623413,B-PER,0.08203072845935822
DENPASAR,NNP,I-NP,I-LOC,B-LOC,0.539519190788269,B-LOC,0.539519190788269,B-ORG,0.16204094886779785,B-PER,0.10300710052251816
",",",",O,O,O,0.9995200634002686,O,0.9995200634002686,I-MISC,0.00022132259618956596,I-ORG,0.00019898670143447816
Bali,NNP,B-NP,B-LOC,B-LOC,0.3932161331176758,B-PER,0.3932161331176758,B-LOC,0.15052363276481628,I-PER,0.13948552310466766
1996-12-07,CD,I-NP,O,O,0.999669075012207,O,0.999669075012207,I-ORG,0.00017919120728038251,I-MISC,9.623381629353389e-05
