0,1,2,3,predictions,confidence,pred_1,pred_1_confidence,pred_2,pred_2_confidence,pred_3,pred_3_confidence
CHONJU,NNP,B-NP,B-LOC,B-LOC,0.605236291885376,B-LOC,0.605236291885376,B-ORG,0.161153644323349,B-PER,0.09951920807361603
",",",",O,O,O,0.9993696808815002,O,0.9993696808815002,I-ORG,0.000239958826568909,I-MISC,0.00022285756131168455
South,NNP,B-NP,B-LOC,B-LOC,0.32025447487831116,B-LOC,0.32025447487831116,I-LOC,0.12879423797130585,B-ORG,0.1266058385372162
Korea,NNP,I-NP,I-LOC,I-LOC,0.19416753947734833,B-LOC,0.19416753947734833,B-ORG,0.18954205513000488,I-LOC,0.16683804988861084
1996-12-07,CD,I-NP,O,O,0.9963502883911133,O,0.9963502883911133,I-ORG,0.0021681105718016624,I-MISC,0.0011317842872813344
