0,1,2,3,predictions,confidence,pred_1,pred_1_confidence,pred_2,pred_2_confidence,pred_3,pred_3_confidence
Men,NN,B-NP,O,O,0.9926127195358276,O,0.9926127195358276,I-MISC,0.0026956505607813597,B-MISC,0.0017221941379830241
's,POS,B-NP,O,O,0.9979690909385681,O,0.9979690909385681,I-MISC,0.0012429053895175457,I-ORG,0.0006293361657299101
500,CD,I-NP,O,O,0.9999024868011475,O,0.9999024868011475,I-MISC,7.410503167193383e-05,I-ORG,2.0932544430252165e-05
metres,NNS,I-NP,O,O,0.9998289346694946,O,0.9998289346694946,I-MISC,0.0001164681016234681,I-ORG,4.049524795846082e-05
first,RB,B-ADVP,O,O,0.9999793767929077,O,0.9999793767929077,I-MISC,1.6444715583929792e-05,I-ORG,2.729918151089805e-06
round,NN,B-NP,O,O,0.9999904632568359,O,0.9999904632568359,I-MISC,7.789807568769902e-06,B-MISC,8.305341339109873e-07
:,:,O,O,O,0.9994397759437561,O,0.9994397759437561,I-MISC,0.000363819592166692,I-ORG,0.0001512615999672562
1,LS,B-LST,O,O,0.9998133778572083,O,0.9998133778572083,I-ORG,0.00010100120562128723,I-MISC,6.596719322260469e-05
.,.,O,O,O,0.999786913394928,O,0.999786913394928,I-MISC,0.00013736821711063385,I-ORG,6.509528611786664e-05
