0,1,2,3,predictions,confidence,pred_1,pred_1_confidence,pred_2,pred_2_confidence,pred_3,pred_3_confidence
Shimizu,NNP,B-NP,B-PER,B-PER,0.5264060497283936,B-PER,0.5264060497283936,I-PER,0.23849405348300934,B-LOC,0.1074013039469719
Hiroyasu,NNP,I-NP,I-PER,I-PER,0.5004460215568542,B-PER,0.5004460215568542,I-PER,0.2934255599975586,B-LOC,0.11055462062358856
(,(,O,O,O,0.9984720349311829,O,0.9984720349311829,I-MISC,0.0004951949813403189,I-ORG,0.00042970842332579195
Japan,NNP,B-NP,B-LOC,B-LOC,0.689829409122467,B-LOC,0.689829409122467,B-PER,0.10751940310001373,I-PER,0.09539288282394409
),),O,O,O,0.9984444975852966,O,0.9984444975852966,I-MISC,0.0006038745632395148,I-ORG,0.0005969716003164649
37.68,CD,B-NP,O,O,0.9999006986618042,O,0.9999006986618042,I-ORG,6.049055446055718e-05,I-MISC,3.227803244953975e-05
;,:,O,O,O,0.9975284934043884,O,0.9975284934043884,I-ORG,0.000986248254776001,I-MISC,0.0009775885846465826
5,LS,B-LST,O,O,0.9999071359634399,O,0.9999071359634399,I-ORG,5.392180537455715e-05,I-MISC,3.0960080039221793e-05
.,.,O,O,O,0.9999349117279053,O,0.9999349117279053,I-MISC,3.09286879200954e-05,I-ORG,2.2965117750572972e-05
