0,1,2,3,predictions,confidence,pred_1,pred_1_confidence,pred_2,pred_2_confidence,pred_3,pred_3_confidence
Sergey,NNP,B-NP,B-PER,B-PER,0.4071095585823059,B-PER,0.4071095585823059,B-LOC,0.240561842918396,I-PER,0.1872648298740387
Klevchenya,NNP,I-NP,I-PER,I-PER,0.5214517116546631,B-PER,0.5214517116546631,I-PER,0.22047360241413116,B-ORG,0.10768239945173264
(,(,O,O,O,0.9992653727531433,O,0.9992653727531433,I-MISC,0.00031935650622472167,I-ORG,0.0002760138886515051
Russia,NNP,B-NP,B-LOC,B-LOC,0.5126920938491821,B-LOC,0.5126920938491821,B-PER,0.1591177135705948,I-PER,0.12422676384449005
),),O,O,O,0.9991403818130493,O,0.9991403818130493,I-ORG,0.00034768186742439866,I-MISC,0.000336096272803843
37.86,CD,B-NP,O,O,0.999909520149231,O,0.999909520149231,I-ORG,5.7768360420595855e-05,I-MISC,2.6847443223232403e-05
;,:,O,O,O,0.9973773956298828,O,0.9973773956298828,I-ORG,0.0011523078428581357,I-MISC,0.0009565142681822181
6,LS,B-LST,O,O,0.9998737573623657,O,0.9998737573623657,I-ORG,7.137342618079856e-05,I-MISC,4.479684503166936e-05
.,.,O,O,O,0.9999067783355713,O,0.9999067783355713,I-MISC,4.702791557065211e-05,I-ORG,3.416036270209588e-05
