0,1,2,3,predictions,confidence,pred_1,pred_1_confidence,pred_2,pred_2_confidence,pred_3,pred_3_confidence
Yamakage,NN,B-NP,B-PER,B-PER,0.6832573413848877,B-PER,0.6832573413848877,I-PER,0.24795927107334137,B-LOC,0.027133610099554062
Hiroaki,NNP,I-NP,I-PER,I-PER,0.575039267539978,B-PER,0.575039267539978,I-PER,0.2780580520629883,B-LOC,0.10913663357496262
(,(,O,O,O,0.9983171224594116,O,0.9983171224594116,I-MISC,0.0005317473551258445,I-ORG,0.000460848183138296
Japan,NNP,B-NP,B-LOC,B-LOC,0.6747894883155823,B-LOC,0.6747894883155823,B-PER,0.10944273322820663,I-PER,0.1008295789361
),),O,O,O,0.9983910322189331,O,0.9983910322189331,I-ORG,0.0006281169480644166,I-MISC,0.000620752340182662
37.93,CD,B-NP,O,O,0.9999103546142578,O,0.9999103546142578,I-ORG,5.5173753935378045e-05,I-MISC,2.7989804948447272e-05
;,:,O,O,O,0.9968337416648865,O,0.9968337416648865,I-ORG,0.0012010642094537616,I-MISC,0.0011442124377936125
7,LS,B-LST,O,O,0.9997757077217102,O,0.9997757077217102,I-ORG,0.00011430738231865689,I-MISC,8.7139786046464e-05
.,.,O,O,O,0.9998613595962524,O,0.9998613595962524,I-MISC,6.523014599224553e-05,I-ORG,5.346999387256801e-05
