0,1,2,3,predictions,confidence,pred_1,pred_1_confidence,pred_2,pred_2_confidence,pred_3,pred_3_confidence
Sylvain,NNP,B-NP,B-PER,B-PER,0.5221296548843384,B-PER,0.5221296548843384,I-PER,0.21652743220329285,B-LOC,0.1274409145116806
Bouchard,NNP,I-NP,I-PER,I-PER,0.5383722186088562,B-PER,0.5383722186088562,I-PER,0.29715585708618164,B-LOC,0.1010746955871582
(,(,O,O,O,0.9984447360038757,O,0.9984447360038757,I-MISC,0.0005027017905376852,I-ORG,0.00043695024214684963
Canada,NNP,B-NP,B-LOC,B-LOC,0.8086792826652527,B-LOC,0.8086792826652527,I-LOC,0.0661018118262291,I-PER,0.05506874993443489
),),O,O,O,0.9981890320777893,O,0.9981890320777893,I-ORG,0.0007199101964943111,I-MISC,0.0006814357475377619
38.00,CD,B-NP,O,O,0.99973064661026,O,0.99973064661026,I-ORG,0.00015507212083321065,I-MISC,9.258437057724223e-05
;,:,O,O,O,0.9973015189170837,O,0.9973015189170837,I-ORG,0.0010902791982516646,I-MISC,0.001008995226584375
9,LS,B-LST,O,O,0.9971362352371216,O,0.9971362352371216,I-ORG,0.0011114818044006824,I-MISC,0.0007554126204922795
.,.,O,O,O,0.9998806715011597,O,0.9998806715011597,I-MISC,6.190024578245357e-05,I-ORG,4.482844451558776e-05
