0,1,2,3,predictions,confidence,pred_1,pred_1_confidence,pred_2,pred_2_confidence,pred_3,pred_3_confidence
Inoue,NNP,B-NP,B-PER,B-PER,0.5394286513328552,B-PER,0.5394286513328552,I-PER,0.21301227807998657,B-LOC,0.08995214104652405
Junichi,NNP,I-NP,I-PER,I-PER,0.5487251877784729,B-PER,0.5487251877784729,I-PER,0.26834747195243835,B-LOC,0.11353973299264908
(,(,O,O,O,0.9984960556030273,O,0.9984960556030273,I-MISC,0.0005136547842994332,I-ORG,0.00041265395702794194
Japan,NNP,B-NP,B-LOC,B-LOC,0.6581070423126221,B-LOC,0.6581070423126221,B-PER,0.1215481385588646,I-PER,0.0995773896574974
),),O,O,O,0.9987345337867737,O,0.9987345337867737,I-MISC,0.0005667315563187003,I-ORG,0.0004543313989415765
38.08,CD,B-NP,O,O,0.9999091625213623,O,0.9999091625213623,I-ORG,4.9570182454772294e-05,I-MISC,3.53000832546968e-05
.,.,O,O,O,0.9997813105583191,O,0.9997813105583191,I-MISC,0.00010137962090084329,I-ORG,8.506397716701031e-05
