0,1,2,3,predictions,confidence,pred_1,pred_1_confidence,pred_2,pred_2_confidence,pred_3,pred_3_confidence
Women,NNS,B-NP,O,O,0.22203800082206726,B-ORG,0.22203800082206726,B-PER,0.1729462444782257,O,0.1706003099679947
's,POS,B-NP,O,O,0.9985352754592896,O,0.9985352754592896,I-MISC,0.0008206081110984087,I-ORG,0.0004928054986521602
500,CD,I-NP,O,O,0.9999042749404907,O,0.9999042749404907,I-MISC,7.001517224125564e-05,I-ORG,2.2669009922537953e-05
metres,NNS,I-NP,O,O,0.9998095631599426,O,0.9998095631599426,I-MISC,0.00012496176350396127,I-ORG,4.778800212079659e-05
first,RB,B-ADVP,O,O,0.9999748468399048,O,0.9999748468399048,I-MISC,1.9616411009337753e-05,I-ORG,3.5704074434761424e-06
round,NN,B-NP,O,O,0.9999892711639404,O,0.9999892711639404,I-MISC,8.75140176503919e-06,I-ORG,9.765309414433432e-07
:,:,O,O,O,0.9993076324462891,O,0.9993076324462891,I-MISC,0.00044175522634759545,I-ORG,0.00019439205061644316
1,LS,B-LST,O,O,0.999792754650116,O,0.999792754650116,I-ORG,0.00011394504690542817,I-MISC,7.16811409802176e-05
.,.,O,O,O,0.9997625946998596,O,0.9997625946998596,I-MISC,0.0001519343932159245,I-ORG,7.372116670012474e-05
