0,1,2,3,predictions,confidence,pred_1,pred_1_confidence,pred_2,pred_2_confidence,pred_3,pred_3_confidence
Xuc,NNP,B-NP,B-PER,B-PER,0.5104373097419739,B-PER,0.5104373097419739,I-PER,0.21037301421165466,O,0.08242131769657135
Rulhong,NNP,I-NP,I-PER,I-PER,0.6141718626022339,B-PER,0.6141718626022339,I-PER,0.26778239011764526,B-LOC,0.06249361112713814
(,(,O,O,O,0.9984733462333679,O,0.9984733462333679,I-MISC,0.0005048503517173231,I-ORG,0.00048722067731432617
China,NNP,B-NP,B-LOC,B-LOC,0.803764820098877,B-LOC,0.803764820098877,I-LOC,0.06922739744186401,I-PER,0.053306229412555695
),),O,O,O,0.997345507144928,O,0.997345507144928,I-ORG,0.0012927728239446878,I-MISC,0.0009295766358263791
40.78,CD,B-NP,O,O,0.9997093081474304,O,0.9997093081474304,I-ORG,0.00021374938660301268,I-MISC,6.485032645286992e-05
;,:,O,O,O,0.9939153790473938,O,0.9939153790473938,I-ORG,0.00391053780913353,I-MISC,0.0014013256877660751
2,LS,B-LST,O,O,0.9999109506607056,O,0.9999109506607056,I-ORG,5.87534777878318e-05,I-MISC,2.3124493964132853e-05
.,.,O,O,O,0.9998977184295654,O,0.9998977184295654,I-MISC,5.3739615395898e-05,I-ORG,3.730455136974342e-05
