0,1,2,3,predictions,confidence,pred_1,pred_1_confidence,pred_2,pred_2_confidence,pred_3,pred_3_confidence
HOBART,NNP,B-NP,B-LOC,B-LOC,0.6011463403701782,B-LOC,0.6011463403701782,B-PER,0.20705117285251617,B-ORG,0.05822550877928734
",",",",O,O,O,0.9991697072982788,O,0.9991697072982788,I-MISC,0.00023671223607379943,I-ORG,0.0002190460654674098
Australia,NNP,B-NP,B-LOC,B-LOC,0.7446438670158386,B-LOC,0.7446438670158386,B-PER,0.07088571041822433,I-PER,0.06899812817573547
1996-12-06,CD,I-NP,O,O,0.9986081719398499,O,0.9986081719398499,I-ORG,0.0007598299416713417,I-MISC,0.00034623383544385433
