0,1,2,3,predictions,confidence,pred_1,pred_1_confidence,pred_2,pred_2_confidence,pred_3,pred_3_confidence
Franziska,NNP,B-NP,B-PER,B-PER,0.5609886050224304,B-PER,0.5609886050224304,I-PER,0.24294479191303253,B-LOC,0.09141972661018372
Schenk,NNP,I-NP,I-PER,I-PER,0.5577775835990906,B-PER,0.5577775835990906,I-PER,0.3326094150543213,B-LOC,0.060440920293331146
(,(,O,O,O,0.9982666969299316,O,0.9982666969299316,I-MISC,0.0005189586663618684,I-ORG,0.0005002527614124119
Germany,NNP,B-NP,B-LOC,B-LOC,0.7426885962486267,B-LOC,0.7426885962486267,I-LOC,0.07667316496372223,I-PER,0.06880645453929901
),),O,O,O,0.996661901473999,O,0.996661901473999,I-ORG,0.0016335347900167108,I-MISC,0.0011450209422037005
41.13,CD,B-NP,O,O,0.9995449185371399,O,0.9995449185371399,I-ORG,0.0003426318580750376,I-MISC,8.781527139944956e-05
;,:,O,O,O,0.9933706521987915,O,0.9933706521987915,I-ORG,0.004272456280887127,I-MISC,0.0014600168215110898
4,LS,B-LST,O,O,0.999943733215332,O,0.999943733215332,I-ORG,3.7456069549079984e-05,I-MISC,1.414666257915087e-05
.,.,O,O,O,0.999915361404419,O,0.999915361404419,I-MISC,4.315326441428624e-05,I-ORG,3.052720785490237e-05
