0,1,2,3,predictions,confidence,pred_1,pred_1_confidence,pred_2,pred_2_confidence,pred_3,pred_3_confidence
Okazaki,NNP,B-NP,B-PER,B-PER,0.6206886172294617,B-PER,0.6206886172294617,I-PER,0.23840750753879547,B-LOC,0.08053611218929291
Tomomi,NNP,I-NP,I-PER,I-PER,0.5093184113502502,B-PER,0.5093184113502502,I-PER,0.32241082191467285,B-LOC,0.09005171805620193
(,(,O,O,O,0.9984720349311829,O,0.9984720349311829,I-MISC,0.0004951949813403189,I-ORG,0.00042970842332579195
Japan,NNP,B-NP,B-LOC,B-LOC,0.689829409122467,B-LOC,0.689829409122467,B-PER,0.10751940310001373,I-PER,0.09539288282394409
),),O,O,O,0.9984444975852966,O,0.9984444975852966,I-MISC,0.0006038745632395148,I-ORG,0.0005969716003164649
41.19,CD,B-NP,O,O,0.999731719493866,O,0.999731719493866,I-ORG,0.0001671204372541979,I-MISC,7.50783656258136e-05
;,:,O,O,O,0.9975284934043884,O,0.9975284934043884,I-ORG,0.000986248254776001,I-MISC,0.0009775885846465826
5,LS,B-LST,O,O,0.9999071359634399,O,0.9999071359634399,I-ORG,5.392180537455715e-05,I-MISC,3.0960080039221793e-05
.,.,O,O,O,0.9999349117279053,O,0.9999349117279053,I-MISC,3.09286879200954e-05,I-ORG,2.2965117750572972e-05
