0,1,2,3,predictions,confidence,pred_1,pred_1_confidence,pred_2,pred_2_confidence,pred_3,pred_3_confidence
Shimazaki,NNP,B-NP,B-PER,B-PER,0.5787262320518494,B-PER,0.5787262320518494,I-PER,0.25920388102531433,B-LOC,0.09904904663562775
Kyoko,NNP,I-NP,I-PER,I-PER,0.6723787188529968,B-PER,0.6723787188529968,I-PER,0.25535091757774353,B-LOC,0.0542319193482399
(,(,O,O,O,0.9986550807952881,O,0.9986550807952881,I-MISC,0.00036820259992964566,I-ORG,0.00033349537989124656
Japan,NNP,B-NP,B-LOC,B-LOC,0.6702520251274109,B-LOC,0.6702520251274109,B-PER,0.12231287360191345,I-PER,0.1105685904622078
),),O,O,O,0.9985916018486023,O,0.9985916018486023,I-ORG,0.0005561577854678035,I-MISC,0.0004976213094778359
41.45,CD,B-NP,O,O,0.9997929930686951,O,0.9997929930686951,I-ORG,0.00013068501721136272,I-MISC,5.348836930352263e-05
;,:,O,O,O,0.9970856308937073,O,0.9970856308937073,I-ORG,0.001249932567588985,I-MISC,0.0009467724012210965
6,LS,B-LST,O,O,0.9998526573181152,O,0.9998526573181152,I-ORG,8.537621033610776e-05,I-MISC,4.792913387063891e-05
.,.,O,O,O,0.9999011754989624,O,0.9999011754989624,I-MISC,4.5662778575206175e-05,I-ORG,3.715708226081915e-05
