0,1,2,3,predictions,confidence,pred_1,pred_1_confidence,pred_2,pred_2_confidence,pred_3,pred_3_confidence
Jin,NNP,B-NP,B-PER,B-PER,0.5830589532852173,B-PER,0.5830589532852173,I-PER,0.18758128583431244,B-LOC,0.04824265465140343
Hua,NNP,I-NP,I-PER,I-PER,0.578254759311676,B-PER,0.578254759311676,I-PER,0.20009881258010864,B-LOC,0.1430639773607254
(,(,O,O,O,0.9986423850059509,O,0.9986423850059509,I-MISC,0.00048192523536272347,I-ORG,0.00042423862032592297
China,NNP,B-NP,B-LOC,B-LOC,0.7891314625740051,B-LOC,0.7891314625740051,I-LOC,0.07156213372945786,I-PER,0.05570193752646446
),),O,O,O,0.9979079961776733,O,0.9979079961776733,I-ORG,0.0009251116425730288,I-MISC,0.0008463631384074688
41.59,CD,B-NP,O,O,0.9995467066764832,O,0.9995467066764832,I-ORG,0.0003120854089502245,I-MISC,0.00011524707224452868
;,:,O,O,O,0.996174156665802,O,0.996174156665802,I-ORG,0.0019255999941378832,I-MISC,0.001380325760692358
8,LS,B-LST,O,O,0.9993274211883545,O,0.9993274211883545,I-ORG,0.00040123763028532267,I-MISC,0.00020636222325265408
.,.,O,O,O,0.9998345375061035,O,0.9998345375061035,I-MISC,8.18357293610461e-05,I-ORG,6.386820314219221e-05
