0,1,2,3,predictions,confidence,pred_1,pred_1_confidence,pred_2,pred_2_confidence,pred_3,pred_3_confidence
Alena,NNP,B-NP,B-PER,B-PER,0.46159666776657104,B-PER,0.46159666776657104,B-LOC,0.1464659422636032,B-ORG,0.13670016825199127
Koroleva,NNP,I-NP,I-PER,I-PER,0.5147851705551147,B-PER,0.5147851705551147,I-PER,0.180329829454422,B-ORG,0.10500586777925491
(,(,O,O,O,0.9992751479148865,O,0.9992751479148865,I-MISC,0.00034591188887134194,I-ORG,0.00028852259856648743
Russia,NNP,B-NP,B-LOC,B-LOC,0.47903597354888916,B-LOC,0.47903597354888916,B-PER,0.15269263088703156,I-PER,0.10789013653993607
),),O,O,O,0.9991924166679382,O,0.9991924166679382,I-MISC,0.0003422271111048758,I-ORG,0.00032695330446586013
41.64,CD,B-NP,O,O,0.9998934268951416,O,0.9998934268951416,I-ORG,6.537167064379901e-05,I-MISC,3.398146145627834e-05
;,:,O,O,O,0.9978212118148804,O,0.9978212118148804,I-MISC,0.0009204859379678965,I-ORG,0.0008939549443311989
9,LS,B-LST,O,O,0.9977668523788452,O,0.9977668523788452,I-ORG,0.0008831620798446238,I-MISC,0.0006810442428104579
.,.,O,O,O,0.999871015548706,O,0.999871015548706,I-MISC,7.15425776434131e-05,I-ORG,4.676639218814671e-05
