0,1,2,3,predictions,confidence,pred_1,pred_1_confidence,pred_2,pred_2_confidence,pred_3,pred_3_confidence
Chris,NNP,B-NP,B-PER,B-PER,0.6491589546203613,B-PER,0.6491589546203613,I-PER,0.1878107190132141,B-LOC,0.1178537979722023
Witty,NNP,I-NP,I-PER,I-PER,0.6448244452476501,B-PER,0.6448244452476501,I-PER,0.2031150460243225,O,0.07183697074651718
(,(,O,O,O,0.9995346069335938,O,0.9995346069335938,I-MISC,0.000144522768096067,I-PER,0.00010081638902192935
US,NNP,B-NP,B-LOC,B-LOC,0.6682590842247009,B-LOC,0.6682590842247009,I-LOC,0.11129935830831528,B-ORG,0.0684715285897255
),),O,O,O,0.9988693594932556,O,0.9988693594932556,I-MISC,0.00043968213140033185,I-ORG,0.00042148944339714944
41.75,CD,B-NP,O,O,0.9998229146003723,O,0.9998229146003723,I-ORG,0.00010511931759538129,I-MISC,5.532166323973797e-05
;,:,O,O,O,0.9973627924919128,O,0.9973627924919128,I-MISC,0.0010705518070608377,I-ORG,0.0009607183746993542
10,LS,B-LST,O,O,0.999870777130127,O,0.999870777130127,I-ORG,6.870602373965085e-05,I-MISC,5.037355367676355e-05
.,.,O,O,O,0.9999053478240967,O,0.9999053478240967,I-MISC,4.431170236784965e-05,I-ORG,3.494653356028721e-05
