0,1,2,3,predictions,confidence,pred_1,pred_1_confidence,pred_2,pred_2_confidence,pred_3,pred_3_confidence
Men,NN,B-NP,O,O,0.9929326772689819,O,0.9929326772689819,I-MISC,0.002693398157134652,B-MISC,0.0018426539609208703
's,POS,B-NP,O,O,0.9980230331420898,O,0.9980230331420898,I-MISC,0.0013246568851172924,I-ORG,0.00047508254647254944
"1,000",CD,I-NP,O,O,0.9994460940361023,O,0.9994460940361023,I-MISC,0.0004062118532601744,I-ORG,0.00010628520249156281
metres,NNS,I-NP,O,O,0.9998290538787842,O,0.9998290538787842,I-MISC,0.00012314865307416767,I-ORG,3.223311432520859e-05
first,RB,B-ADVP,O,O,0.9999786615371704,O,0.9999786615371704,I-MISC,1.7308349924860522e-05,I-ORG,2.412055437162053e-06
round,NN,B-NP,O,O,0.9999910593032837,O,0.9999910593032837,I-MISC,7.3759638326009735e-06,B-MISC,8.501961019646842e-07
:,:,O,O,O,0.9991456270217896,O,0.9991456270217896,I-MISC,0.0006236173212528229,I-ORG,0.00015249830903485417
