0,1,2,3,predictions,confidence,pred_1,pred_1_confidence,pred_2,pred_2_confidence,pred_3,pred_3_confidence
Anke,NNP,B-NP,B-PER,B-PER,0.6492912769317627,B-PER,0.6492912769317627,I-PER,0.23487256467342377,O,0.03038056008517742
Baler,NNP,I-NP,I-PER,I-PER,0.6883504390716553,B-PER,0.6883504390716553,I-PER,0.24290631711483002,B-LOC,0.04463892802596092
(,(,O,O,O,0.9983311295509338,O,0.9983311295509338,I-MISC,0.0005119630950503051,I-ORG,0.00040830436046235263
Germany,NNP,B-NP,B-LOC,B-LOC,0.7209802269935608,B-LOC,0.7209802269935608,I-LOC,0.07831709831953049,I-PER,0.07667087018489838
),),O,O,O,0.9977194666862488,O,0.9977194666862488,I-MISC,0.001029754290357232,I-ORG,0.0008188295760191977
41.76,CD,B-NP,O,O,0.9997023940086365,O,0.9997023940086365,I-ORG,0.00016746620531193912,I-MISC,0.00010822540934896097
.,.,O,O,O,0.9996140599250793,O,0.9996140599250793,I-MISC,0.0001816756121115759,I-ORG,0.00015480801812373102
