0,1,2,3,predictions,confidence,pred_1,pred_1_confidence,pred_2,pred_2_confidence,pred_3,pred_3_confidence
2.,CD,B-NP,O,O,0.9999039173126221,O,0.9999039173126221,I-MISC,4.103737592231482e-05,I-ORG,3.4377138945274055e-05
Sergey,NNP,I-NP,B-PER,B-PER,0.3817426562309265,B-PER,0.3817426562309265,B-LOC,0.25021517276763916,I-PER,0.18257172405719757
Klevchenya,NNP,I-NP,I-PER,I-PER,0.477071613073349,B-PER,0.477071613073349,I-PER,0.22557955980300903,B-LOC,0.11254167556762695
(,(,O,O,O,0.9990328550338745,O,0.9990328550338745,I-MISC,0.00044728576904162765,I-ORG,0.0003559050092007965
Russia,NNP,B-NP,B-LOC,B-LOC,0.5071744918823242,B-LOC,0.5071744918823242,B-PER,0.14814454317092896,I-PER,0.11931024491786957
),),O,O,O,0.9991979002952576,O,0.9991979002952576,I-MISC,0.000345248932717368,I-ORG,0.0003131016856059432
1:16.31,CD,B-NP,O,O,0.9991772770881653,O,0.9991772770881653,I-ORG,0.00047018579789437354,I-MISC,0.00020525729632936418
