0,1,2,3,predictions,confidence,pred_1,pred_1_confidence,pred_2,pred_2_confidence,pred_3,pred_3_confidence
3.,NNP,B-NP,O,O,0.9999690055847168,O,0.9999690055847168,I-MISC,1.5640516721759923e-05,I-ORG,1.2319095731072593e-05
Jan,NNP,I-NP,B-PER,B-PER,0.7829217910766602,B-PER,0.7829217910766602,I-PER,0.11754553020000458,O,0.05442969501018524
Bos,NNP,I-NP,I-PER,I-PER,0.5581421852111816,B-PER,0.5581421852111816,I-PER,0.24199287593364716,B-LOC,0.11565029621124268
(,(,I-NP,O,O,0.9981229901313782,O,0.9981229901313782,I-MISC,0.0006116384174674749,I-ORG,0.0005107411998324096
Netherlands,NNP,I-NP,B-LOC,B-LOC,0.698347270488739,B-LOC,0.698347270488739,I-PER,0.07972139865159988,I-LOC,0.06767629086971283
),),O,O,O,0.9980562925338745,O,0.9980562925338745,I-MISC,0.0008036603103391826,I-ORG,0.0007555632037110627
1:16.38,CD,B-NP,O,O,0.9988067150115967,O,0.9988067150115967,I-ORG,0.0006846063770353794,I-MISC,0.00028936535818502307
