0,1,2,3,predictions,confidence,pred_1,pred_1_confidence,pred_2,pred_2_confidence,pred_3,pred_3_confidence
4.,CD,B-NP,O,O,0.9999306201934814,O,0.9999306201934814,I-ORG,3.497178840916604e-05,I-MISC,2.9098164304741658e-05
Grunde,NNP,I-NP,B-PER,B-PER,0.41269463300704956,B-PER,0.41269463300704956,I-PER,0.15464210510253906,B-ORG,0.12411322444677353
Njos,NNP,I-NP,I-PER,I-PER,0.46228092908859253,B-PER,0.46228092908859253,I-PER,0.18387433886528015,B-LOC,0.11009997129440308
(,(,O,O,O,0.998977541923523,O,0.998977541923523,I-MISC,0.0005003003752790391,I-ORG,0.0003811945207417011
Norway,NNP,B-NP,B-LOC,B-LOC,0.3489801585674286,B-LOC,0.3489801585674286,B-PER,0.17532934248447418,I-PER,0.12102723866701126
),),O,O,O,0.9991855025291443,O,0.9991855025291443,I-MISC,0.0003635754983406514,I-ORG,0.00032097144867293537
1:16.44,CD,B-NP,O,O,0.9994425177574158,O,0.9994425177574158,I-ORG,0.00032806102535687387,I-MISC,0.00014744186773896217
