0,1,2,3,predictions,confidence,pred_1,pred_1_confidence,pred_2,pred_2_confidence,pred_3,pred_3_confidence
5.,NNP,B-NP,O,O,0.9999175071716309,O,0.9999175071716309,I-MISC,3.416496474528685e-05,I-ORG,3.0892504582880065e-05
Lee,NNP,I-NP,B-PER,B-PER,0.42664557695388794,B-PER,0.42664557695388794,I-PER,0.23373112082481384,B-LOC,0.11557479202747345
Kyou-hyuk,NNP,I-NP,I-PER,I-PER,0.4794883131980896,B-PER,0.4794883131980896,I-PER,0.3369251489639282,B-LOC,0.0761752650141716
(,(,O,O,O,0.999091386795044,O,0.999091386795044,I-MISC,0.0003039879957213998,I-ORG,0.0002918768732342869
South,NNP,B-NP,B-LOC,B-LOC,0.44478657841682434,B-LOC,0.44478657841682434,I-LOC,0.16025802493095398,I-PER,0.133453369140625
Korea,NNP,I-NP,I-LOC,I-LOC,0.3899434208869934,B-LOC,0.3899434208869934,I-LOC,0.23308096826076508,I-PER,0.11102726310491562
),),O,O,O,0.9963250756263733,O,0.9963250756263733,I-MISC,0.0016348074423149228,I-ORG,0.0014622050803154707
1:16.47,CD,B-NP,O,O,0.9977635145187378,O,0.9977635145187378,I-ORG,0.0013515035388991237,I-MISC,0.0006412366055883467
