0,1,2,3,predictions,confidence,pred_1,pred_1_confidence,pred_2,pred_2_confidence,pred_3,pred_3_confidence
6.,CD,B-NP,O,O,0.9999319314956665,O,0.9999319314956665,I-ORG,3.0348113796208054e-05,I-MISC,2.6105284632649273e-05
Inoue,NNP,I-NP,B-PER,B-PER,0.5308334231376648,B-PER,0.5308334231376648,I-PER,0.23782281577587128,B-LOC,0.1006801426410675
Junichi,NNP,I-NP,I-PER,I-PER,0.4801934063434601,B-PER,0.4801934063434601,I-PER,0.2992246448993683,B-LOC,0.14897949993610382
(,(,O,O,O,0.9977515339851379,O,0.9977515339851379,I-MISC,0.0007320183794945478,I-ORG,0.0006296680076047778
Japan,NNP,B-NP,B-LOC,B-LOC,0.6609876155853271,B-LOC,0.6609876155853271,B-PER,0.10409175604581833,I-PER,0.10164035856723785
),),O,O,O,0.9983912110328674,O,0.9983912110328674,I-MISC,0.0006547567900270224,I-ORG,0.0006286828429438174
1:16.61,CD,B-NP,O,O,0.998643696308136,O,0.998643696308136,I-ORG,0.0007955023320391774,I-MISC,0.00031492672860622406
