0,1,2,3,predictions,confidence,pred_1,pred_1_confidence,pred_2,pred_2_confidence,pred_3,pred_3_confidence
8.,NNP,B-NP,O,O,0.9998144507408142,O,0.9998144507408142,I-ORG,9.243120439350605e-05,I-MISC,6.827126344433054e-05
Kim,NNP,I-NP,B-PER,B-PER,0.5499598383903503,B-PER,0.5499598383903503,I-PER,0.1929473727941513,B-LOC,0.07344339787960052
Yoon-man,NNP,I-NP,I-PER,I-PER,0.40903350710868835,B-PER,0.40903350710868835,I-PER,0.3214041292667389,B-LOC,0.07716625183820724
(,(,O,O,O,0.9983772039413452,O,0.9983772039413452,I-MISC,0.0006488626240752637,I-ORG,0.0005974106024950743
South,NNP,B-NP,B-LOC,B-LOC,0.4344964027404785,B-LOC,0.4344964027404785,I-LOC,0.1926366686820984,I-PER,0.10349761694669724
Korea,NNP,I-NP,I-LOC,I-LOC,0.38065606355667114,B-LOC,0.38065606355667114,I-LOC,0.25748130679130554,I-PER,0.09459038078784943
),),O,O,O,0.995881199836731,O,0.995881199836731,I-MISC,0.0019026219379156828,I-ORG,0.0016376236453652382
1:16.75,CD,B-NP,O,O,0.9971190690994263,O,0.9971190690994263,I-ORG,0.001768861198797822,I-MISC,0.0008326677489094436
