0,1,2,3,predictions,confidence,pred_1,pred_1_confidence,pred_2,pred_2_confidence,pred_3,pred_3_confidence
7.,NNP,B-NP,O,O,0.9999326467514038,O,0.9999326467514038,I-ORG,2.502920506231021e-05,I-MISC,2.345990105823148e-05
Gerard,NNP,I-NP,B-PER,B-PER,0.6333850622177124,B-PER,0.6333850622177124,I-PER,0.2547432482242584,B-LOC,0.07557406276464462
Van,NNP,I-NP,I-PER,I-PER,0.5759822130203247,B-PER,0.5759822130203247,I-PER,0.2772243022918701,B-LOC,0.10471408814191818
Velde,NNP,I-NP,I-PER,I-PER,0.5286734700202942,B-PER,0.5286734700202942,I-PER,0.36337828636169434,B-LOC,0.07503722608089447
(,(,I-NP,O,O,0.9981814622879028,O,0.9981814622879028,I-PER,0.00042529363417997956,I-MISC,0.000405961211072281
Netherlands,NNP,I-NP,B-LOC,B-LOC,0.6939200162887573,B-LOC,0.6939200162887573,I-PER,0.1015152856707573,I-LOC,0.06044253706932068
),),O,O,O,0.9982571005821228,O,0.9982571005821228,I-ORG,0.0006614377489313483,I-MISC,0.0006461241864599288
1:16.63,CD,B-NP,O,O,0.9990501999855042,O,0.9990501999855042,I-ORG,0.0005396352498792112,I-MISC,0.00021630353876389563
