0,1,2,3,predictions,confidence,pred_1,pred_1_confidence,pred_2,pred_2_confidence,pred_3,pred_3_confidence
10.,CD,B-NP,O,O,0.9993584752082825,O,0.9993584752082825,I-ORG,0.0002379861834924668,I-MISC,0.00018374877981841564
Miyabe,NNP,I-NP,B-PER,B-PER,0.613921582698822,B-PER,0.613921582698822,I-PER,0.25866255164146423,B-LOC,0.05765964463353157
Yasunori,NNP,I-NP,I-PER,I-PER,0.5619654059410095,B-PER,0.5619654059410095,I-PER,0.32279977202415466,B-LOC,0.07491496205329895
(,(,O,O,O,0.9977515339851379,O,0.9977515339851379,I-MISC,0.0007320183794945478,I-ORG,0.0006296680076047778
Japan,NNP,B-NP,B-LOC,B-LOC,0.6609876155853271,B-LOC,0.6609876155853271,B-PER,0.10409175604581833,I-PER,0.10164035856723785
),),O,O,O,0.9983912110328674,O,0.9983912110328674,I-MISC,0.0006547567900270224,I-ORG,0.0006286828429438174
1:16.86,CD,B-NP,O,O,0.9988324046134949,O,0.9988324046134949,I-ORG,0.0006876189727336168,I-MISC,0.0002773666346911341
