0,1,2,3,predictions,confidence,pred_1,pred_1_confidence,pred_2,pred_2_confidence,pred_3,pred_3_confidence
Women,NNS,B-NP,O,O,0.2594272196292877,B-PER,0.2594272196292877,O,0.16059541702270508,B-MISC,0.15970247983932495
's,POS,B-NP,O,O,0.9985835552215576,O,0.9985835552215576,I-MISC,0.0008745781960897148,I-ORG,0.0003720139793585986
"1,000",CD,I-NP,O,O,0.9994502663612366,O,0.9994502663612366,I-MISC,0.0003837939875666052,I-ORG,0.00011510240437928587
metres,NNS,I-NP,O,O,0.9998101592063904,O,0.9998101592063904,I-MISC,0.0001321295858360827,I-ORG,3.803792787948623e-05
first,RB,B-ADVP,O,O,0.9999740123748779,O,0.9999740123748779,I-MISC,2.0646610209951177e-05,I-ORG,3.1546771879220614e-06
round,NN,B-NP,O,O,0.9999897480010986,O,0.9999897480010986,I-MISC,8.286454431072343e-06,B-MISC,9.911209417623468e-07
:,:,O,O,O,0.9989498257637024,O,0.9989498257637024,I-MISC,0.0007571568712592125,I-ORG,0.00019596872152760625
