0,1,2,3,predictions,confidence,pred_1,pred_1_confidence,pred_2,pred_2_confidence,pred_3,pred_3_confidence
1.,CD,B-NP,O,O,0.9992129802703857,O,0.9992129802703857,I-ORG,0.00025426814681850374,I-MISC,0.0002291793207405135
Franziska,NNP,I-NP,B-PER,B-PER,0.5750816464424133,B-PER,0.5750816464424133,I-PER,0.26410725712776184,B-LOC,0.09827733784914017
Schenk,NNP,I-NP,I-PER,I-PER,0.5161311626434326,B-PER,0.5161311626434326,I-PER,0.3625916838645935,B-LOC,0.07954232394695282
(,(,O,O,O,0.9975427389144897,O,0.9975427389144897,I-MISC,0.0007256913813762367,I-ORG,0.0006228045094758272
Germany,NNP,B-NP,B-LOC,B-LOC,0.716142475605011,B-LOC,0.716142475605011,I-LOC,0.08801669627428055,I-PER,0.07736215740442276
),),O,O,O,0.9970887303352356,O,0.9970887303352356,I-MISC,0.001197072328068316,I-ORG,0.0011355075985193253
1:23.17,CD,B-NP,O,O,0.9977282881736755,O,0.9977282881736755,I-ORG,0.0013765031471848488,I-MISC,0.0005490321782417595
