0,1,2,3,predictions,confidence,pred_1,pred_1_confidence,pred_2,pred_2_confidence,pred_3,pred_3_confidence
3.,NNP,B-NP,O,O,0.9998941421508789,O,0.9998941421508789,I-MISC,2.8976121029700153e-05,I-PER,2.8451275284169242e-05
Marianne,NNP,I-NP,B-PER,B-PER,0.5242273211479187,B-PER,0.5242273211479187,I-PER,0.31702491641044617,B-LOC,0.12075728923082352
Timmer,NNP,I-NP,I-PER,I-PER,0.43322908878326416,I-PER,0.43322908878326416,B-PER,0.3986190855503082,B-LOC,0.0686832144856453
(,(,I-NP,O,O,0.9969105124473572,O,0.9969105124473572,I-ORG,0.0007042112993076444,I-MISC,0.0006993478164076805
Netherlands,NNP,I-NP,B-LOC,B-LOC,0.7047061920166016,B-LOC,0.7047061920166016,I-PER,0.09184346348047256,I-LOC,0.068893663585186
),),O,O,O,0.9977534413337708,O,0.9977534413337708,I-ORG,0.0008471715846098959,I-MISC,0.0008279075846076012
1:24.86,CD,B-NP,O,O,0.9979044198989868,O,0.9979044198989868,I-ORG,0.0012179928598925471,I-MISC,0.00042942544678226113
