0,1,2,3,predictions,confidence,pred_1,pred_1_confidence,pred_2,pred_2_confidence,pred_3,pred_3_confidence
4.,CD,B-NP,O,O,0.9999277591705322,O,0.9999277591705322,I-ORG,3.0410770705202594e-05,I-MISC,2.681162368389778e-05
Anka,NNP,I-NP,B-PER,B-PER,0.6451140642166138,B-PER,0.6451140642166138,I-PER,0.23165355622768402,B-LOC,0.08099796622991562
Baier,NNP,I-NP,I-PER,I-PER,0.6243829727172852,B-PER,0.6243829727172852,I-PER,0.2755139172077179,B-LOC,0.06481584906578064
(,(,O,O,O,0.9975427389144897,O,0.9975427389144897,I-MISC,0.0007256913813762367,I-ORG,0.0006228045094758272
Germany,NNP,B-NP,B-LOC,B-LOC,0.716142475605011,B-LOC,0.716142475605011,I-LOC,0.08801669627428055,I-PER,0.07736215740442276
),),O,O,O,0.9970887303352356,O,0.9970887303352356,I-MISC,0.001197072328068316,I-ORG,0.0011355075985193253
1:25.16,CD,B-NP,O,O,0.9974457025527954,O,0.9974457025527954,I-ORG,0.0015692111337557435,I-MISC,0.000607687805313617
