0,1,2,3,predictions,confidence,pred_1,pred_1_confidence,pred_2,pred_2_confidence,pred_3,pred_3_confidence
5.,CD,B-NP,O,O,0.9999254941940308,O,0.9999254941940308,I-ORG,3.366203236510046e-05,I-MISC,3.0875493393978104e-05
Becky,NNP,I-NP,B-PER,B-PER,0.6505486369132996,B-PER,0.6505486369132996,I-PER,0.1934995949268341,B-LOC,0.04221094399690628
Sundstrom,NNP,I-NP,I-PER,I-PER,0.3087949752807617,B-PER,0.3087949752807617,I-PER,0.25360971689224243,O,0.1428762525320053
(,(,O,O,O,0.9985795021057129,O,0.9985795021057129,I-MISC,0.0005917557864449918,I-ORG,0.0004228289471939206
U.S.,NNP,B-NP,B-LOC,B-LOC,0.8154329061508179,B-LOC,0.8154329061508179,I-LOC,0.06312987208366394,B-PER,0.032988328486680984
),),O,O,O,0.9971930384635925,O,0.9971930384635925,I-MISC,0.0012708522845059633,I-ORG,0.0011247301008552313
1:25.39,CD,B-NP,O,O,0.9964062571525574,O,0.9964062571525574,I-ORG,0.0022330062929540873,I-MISC,0.0009144539944827557
