0,1,2,3,predictions,confidence,pred_1,pred_1_confidence,pred_2,pred_2_confidence,pred_3,pred_3_confidence
8.,CD,B-NP,O,O,0.999815046787262,O,0.999815046787262,I-ORG,7.667762110941112e-05,I-MISC,6.49599387543276e-05
Sammiya,NNP,I-NP,B-PER,B-PER,0.5111687183380127,B-PER,0.5111687183380127,I-PER,0.2583649754524231,B-LOC,0.1255875676870346
Eriko,NNP,I-NP,I-PER,I-PER,0.5026776790618896,B-PER,0.5026776790618896,I-PER,0.2878643572330475,B-LOC,0.15895606577396393
(,(,O,O,O,0.9977515339851379,O,0.9977515339851379,I-MISC,0.0007320183794945478,I-ORG,0.0006296680076047778
Japan,NNP,B-NP,B-LOC,B-LOC,0.6609876155853271,B-LOC,0.6609876155853271,B-PER,0.10409175604581833,I-PER,0.10164035856723785
),),O,O,O,0.9983912110328674,O,0.9983912110328674,I-MISC,0.0006547567900270224,I-ORG,0.0006286828429438174
1:25.79,CD,B-NP,O,O,0.9982307553291321,O,0.9982307553291321,I-ORG,0.0010373666882514954,I-MISC,0.0003867969790007919
