0,1,2,3,predictions,confidence,pred_1,pred_1_confidence,pred_2,pred_2_confidence,pred_3,pred_3_confidence
9.,CD,B-NP,O,O,0.9809601306915283,O,0.9809601306915283,B-PER,0.00885796919465065,I-PER,0.005242025014013052
Chris,NNP,I-NP,B-PER,B-PER,0.5890775322914124,B-PER,0.5890775322914124,I-PER,0.22472350299358368,B-LOC,0.14382649958133698
Witty,NNP,I-NP,I-PER,I-PER,0.5857903361320496,B-PER,0.5857903361320496,I-PER,0.26999616622924805,B-LOC,0.05371897667646408
(,(,O,O,O,0.9991563558578491,O,0.9991563558578491,I-MISC,0.00026301175239495933,I-ORG,0.00019937353499699384
U.S.,NNP,B-NP,B-LOC,B-LOC,0.8165403604507446,B-LOC,0.8165403604507446,B-PER,0.05038459226489067,I-LOC,0.047988977283239365
),),O,O,O,0.9980031847953796,O,0.9980031847953796,I-MISC,0.0008417941280640662,I-ORG,0.0007906982209533453
1:25.85,CD,B-NP,O,O,0.9979198575019836,O,0.9979198575019836,I-ORG,0.001283915713429451,I-MISC,0.0005177176790311933
