0,1,2,3,predictions,confidence,pred_1,pred_1_confidence,pred_2,pred_2_confidence,pred_3,pred_3_confidence
10.,CD,B-NP,O,O,0.9994109869003296,O,0.9994109869003296,I-ORG,0.00023020156368147582,I-MISC,0.00017876214405987412
Xue,NNP,I-NP,B-PER,B-PER,0.39266127347946167,O,0.39266127347946167,B-PER,0.3137120306491852,I-PER,0.15326835215091705
Rulhong,NNP,I-NP,I-PER,I-PER,0.5816991329193115,B-PER,0.5816991329193115,I-PER,0.289379745721817,B-LOC,0.08075197786092758
(,(,O,O,O,0.9979669451713562,O,0.9979669451713562,I-MISC,0.0006967672379687428,I-ORG,0.0005755639285780489
China,NNP,B-NP,B-LOC,B-LOC,0.7740762829780579,B-LOC,0.7740762829780579,I-LOC,0.08119133114814758,I-PER,0.061357494443655014
),),O,O,O,0.9978419542312622,O,0.9978419542312622,I-MISC,0.0009241973166354001,I-ORG,0.0008564942399971187
1:25.89,CD,B-NP,O,O,0.9974744915962219,O,0.9974744915962219,I-ORG,0.0015502930618822575,I-MISC,0.000584942230489105
