0,1,2,3,predictions,confidence,pred_1,pred_1_confidence,pred_2,pred_2_confidence,pred_3,pred_3_confidence
ALPINE,NNP,B-NP,O,O,0.2818414270877838,O,0.2818414270877838,B-ORG,0.19053523242473602,B-LOC,0.14063936471939087
SKIING-OFFICIALS,NNP,I-NP,O,O,0.41873976588249207,O,0.41873976588249207,B-MISC,0.16238243877887726,I-MISC,0.16209949553012848
HOPE,NNP,I-NP,O,O,0.49165427684783936,O,0.49165427684783936,B-MISC,0.190316841006279,I-MISC,0.1712132692337036
TO,TO,B-PP,O,O,0.95899498462677,O,0.95899498462677,B-MISC,0.021117866039276123,I-MISC,0.01184680126607418
SALVAGE,NN,B-NP,O,O,0.7895432710647583,O,0.7895432710647583,I-MISC,0.05586083605885506,B-PER,0.0523662269115448
WORLD,NN,I-NP,B-MISC,O,0.8821791410446167,O,0.8821791410446167,B-PER,0.043893780559301376,I-MISC,0.02568383328616619
CUP,RP,B-PRT,I-MISC,O,0.6602060198783875,O,0.6602060198783875,B-ORG,0.13968120515346527,I-MISC,0.06201113387942314
WEEKEND,VBN,B-VP,O,O,0.3697264492511749,O,0.3697264492511749,B-ORG,0.16119323670864105,B-LOC,0.13915614783763885
.,.,O,O,O,0.9999433755874634,O,0.9999433755874634,I-MISC,3.5276050766697153e-05,I-ORG,1.631714985705912e-05
