0,1,2,3,predictions,confidence,pred_1,pred_1_confidence,pred_2,pred_2_confidence,pred_3,pred_3_confidence
WHISTLER,NNP,B-NP,B-LOC,B-LOC,0.2739202380180359,B-LOC,0.2739202380180359,O,0.22475452721118927,B-PER,0.14943818747997284
",",",",O,O,O,0.9998090863227844,O,0.9998090863227844,I-MISC,0.00011947377061005682,I-ORG,4.487749902182259e-05
British,NNP,B-NP,B-LOC,B-PER,0.49764183163642883,B-MISC,0.49764183163642883,B-PER,0.12462124973535538,B-ORG,0.11229255795478821
Columbia,NNP,I-NP,I-LOC,I-PER,0.22353073954582214,B-LOC,0.22353073954582214,B-ORG,0.18379196524620056,B-PER,0.16404438018798828
1996-12-06,CD,I-NP,O,O,0.9991738200187683,O,0.9991738200187683,I-ORG,0.0004652979550883174,I-MISC,0.00024163648777175695
