0,1,2,3,predictions,confidence,pred_1,pred_1_confidence,pred_2,pred_2_confidence,pred_3,pred_3_confidence
SOCCER,NN,B-NP,O,O,0.6670516729354858,O,0.6670516729354858,B-MISC,0.11356860399246216,I-MISC,0.11228552460670471
-,:,O,O,O,0.9997145533561707,O,0.9997145533561707,I-MISC,0.00020454477635212243,I-ORG,4.228538091410883e-05
LEADING,NNP,B-NP,O,O,0.9166367053985596,O,0.9166367053985596,B-MISC,0.0421685129404068,I-MISC,0.026686646044254303
SCOTTISH,JJ,I-NP,B-MISC,O,0.6481185555458069,O,0.6481185555458069,B-MISC,0.14050477743148804,I-MISC,0.08075332641601562
PREMIER,NNPS,I-NP,I-MISC,O,0.898510217666626,O,0.898510217666626,I-MISC,0.029851561412215233,B-MISC,0.02973564714193344
DIVISION,NNP,I-NP,I-MISC,O,0.8270450830459595,O,0.8270450830459595,B-MISC,0.07146690785884857,B-PER,0.041099391877651215
SCORERS,NNS,I-NP,O,O,0.8286499381065369,O,0.8286499381065369,B-PER,0.04520786553621292,B-ORG,0.03813374042510986
.,.,O,O,O,0.9999774694442749,O,0.9999774694442749,I-MISC,1.437400896975305e-05,I-ORG,5.437697836896405e-06
