0,1,2,3,predictions,confidence,pred_1,pred_1_confidence,pred_2,pred_2_confidence,pred_3,pred_3_confidence
Scottish,JJ,B-NP,B-MISC,O,0.4455191195011139,B-MISC,0.4455191195011139,O,0.29944080114364624,I-MISC,0.07206376641988754
premier,JJ,I-NP,I-MISC,O,0.9999775886535645,O,0.9999775886535645,I-MISC,1.3249917174107395e-05,I-ORG,5.966910975985229e-06
division,NN,I-NP,O,O,0.9987406134605408,O,0.9987406134605408,I-MISC,0.0006128172972239554,I-ORG,0.0004268235352355987
after,IN,B-PP,O,O,0.9999661445617676,O,0.9999661445617676,I-MISC,2.1540134184760973e-05,I-ORG,1.0621669389365707e-05
Saturday,NNP,B-NP,O,O,0.8237891793251038,O,0.8237891793251038,I-ORG,0.046324413269758224,I-MISC,0.039206016808748245
's,POS,B-NP,O,O,0.9983627200126648,O,0.9983627200126648,I-MISC,0.0011017897631973028,I-ORG,0.00038428118568845093
matches,NNS,I-NP,O,O,0.9998162388801575,O,0.9998162388801575,I-MISC,0.0001224207371706143,I-ORG,4.6599241613876075e-05
:,:,O,O,O,0.9984692931175232,O,0.9984692931175232,I-MISC,0.0010436713928356767,I-ORG,0.0003365366137586534
