0,1,2,3,predictions,confidence,pred_1,pred_1_confidence,pred_2,pred_2_confidence,pred_3,pred_3_confidence
9,CD,B-NP,O,O,0.998671293258667,O,0.998671293258667,I-ORG,0.0005494297365657985,I-MISC,0.00043186204857192934
-,:,I-NP,O,O,0.9993271827697754,O,0.9993271827697754,I-MISC,0.0004023543151561171,I-ORG,0.00021250183635856956
Paul,NNP,I-NP,B-PER,B-PER,0.6937997937202454,B-PER,0.6937997937202454,I-PER,0.16788651049137115,B-LOC,0.08333252370357513
Gascoigne,NNP,I-NP,I-PER,I-PER,0.6018629670143127,B-PER,0.6018629670143127,I-PER,0.2665921747684479,B-LOC,0.04990530014038086
(,(,O,O,O,0.9998181462287903,O,0.9998181462287903,I-MISC,5.714137660106644e-05,I-ORG,4.2007344745798036e-05
Rangers,NNPS,B-NP,B-ORG,B-PER,0.5872647166252136,B-PER,0.5872647166252136,I-PER,0.26968786120414734,B-LOC,0.06215907633304596
),),O,O,O,0.9998613595962524,O,0.9998613595962524,I-MISC,4.801199247594923e-05,I-ORG,4.039296254632063e-05
