0,1,2,3,predictions,confidence,pred_1,pred_1_confidence,pred_2,pred_2_confidence,pred_3,pred_3_confidence
(,(,O,O,O,0.9994617104530334,O,0.9994617104530334,I-MISC,0.00024065659090410918,I-ORG,0.00017491115431766957
Hibernian,NNP,B-NP,B-ORG,B-LOC,0.2811791002750397,B-PER,0.2811791002750397,B-LOC,0.27818718552589417,I-PER,0.1854030191898346
),),O,O,O,0.9994317889213562,O,0.9994317889213562,I-MISC,0.0002536105748731643,I-ORG,0.0002104288578266278
