0,1,2,3,predictions,confidence,pred_1,pred_1_confidence,pred_2,pred_2_confidence,pred_3,pred_3_confidence
CRICKET,NNP,B-NP,O,O,0.3922233283519745,O,0.3922233283519745,B-ORG,0.2952871024608612,I-MISC,0.11435540020465851
-,:,O,O,O,0.9990850687026978,O,0.9990850687026978,I-ORG,0.0004329104267526418,I-MISC,0.00040041853208094835
LARA,NNP,B-NP,B-PER,B-LOC,0.4330851435661316,B-ORG,0.4330851435661316,B-LOC,0.1368562877178192,B-PER,0.11473296582698822
SUFFERS,NNP,I-NP,O,O,0.4215147793292999,O,0.4215147793292999,B-ORG,0.16220800578594208,B-LOC,0.14513693749904633
MORE,JJR,B-ADJP,O,O,0.35995304584503174,O,0.35995304584503174,B-ORG,0.2379429042339325,B-PER,0.09430772066116333
AUSTRALIAN,IN,B-PP,O,B-MISC,0.32391783595085144,B-LOC,0.32391783595085144,B-MISC,0.21202878654003143,B-ORG,0.16816194355487823
TOUR,JJ,B-NP,O,I-MISC,0.2425517588853836,B-ORG,0.2425517588853836,I-MISC,0.16970236599445343,B-LOC,0.1576918065547943
MISERY,NN,I-NP,O,I-MISC,0.25311198830604553,B-ORG,0.25311198830604553,B-LOC,0.21211528778076172,I-MISC,0.16768643260002136
.,.,O,O,O,0.9993639588356018,O,0.9993639588356018,I-MISC,0.00032759879832156,I-ORG,0.00025562397786416113
