0,1,2,3,predictions,confidence,pred_1,pred_1_confidence,pred_2,pred_2_confidence,pred_3,pred_3_confidence
SOCCER,NN,B-NP,O,O,0.6678402423858643,O,0.6678402423858643,I-MISC,0.10791686922311783,B-MISC,0.10114815831184387
-,:,O,O,O,0.9997074007987976,O,0.9997074007987976,I-MISC,0.00020212020899634808,I-ORG,5.4743504733778536e-05
LEADING,NNP,B-NP,O,O,0.9219655990600586,O,0.9219655990600586,B-MISC,0.03462055325508118,I-MISC,0.025204533711075783
ENGLISH,JJ,I-NP,B-MISC,O,0.4563288688659668,O,0.4563288688659668,B-MISC,0.22351577877998352,I-MISC,0.131532683968544
GOALSCORERS,NNS,I-NP,O,O,0.8362959623336792,O,0.8362959623336792,B-ORG,0.058040227741003036,I-MISC,0.03591817989945412
.,.,O,O,O,0.9999639987945557,O,0.9999639987945557,I-MISC,2.1720794393331744e-05,I-ORG,9.959547242033295e-06
