0,1,2,3,predictions,confidence,pred_1,pred_1_confidence,pred_2,pred_2_confidence,pred_3,pred_3_confidence
premier,NN,B-NP,O,O,0.9999843835830688,O,0.9999843835830688,I-MISC,1.017688828142127e-05,I-ORG,2.7141254577145446e-06
league,NN,I-NP,O,O,0.9999138116836548,O,0.9999138116836548,I-MISC,5.600470831268467e-05,I-ORG,2.200227572757285e-05
after,IN,B-PP,O,O,0.9999377727508545,O,0.9999377727508545,I-MISC,4.074993194080889e-05,I-ORG,1.9166858692187816e-05
Saturday,NNP,B-NP,O,O,0.7463429570198059,O,0.7463429570198059,I-ORG,0.07603903114795685,I-MISC,0.0664004534482956
's,POS,B-NP,O,O,0.9974478483200073,O,0.9974478483200073,I-MISC,0.0017439865041524172,I-ORG,0.0005947566824033856
matches,NNS,I-NP,O,O,0.999763548374176,O,0.999763548374176,I-MISC,0.00015898991841822863,I-ORG,5.945763405179605e-05
:,:,O,O,O,0.9982187151908875,O,0.9982187151908875,I-MISC,0.0012234734604135156,I-ORG,0.00038812553975731134
