0,1,2,3,predictions,confidence,pred_1,pred_1_confidence,pred_2,pred_2_confidence,pred_3,pred_3_confidence
13,CD,B-NP,O,O,0.9999605417251587,O,0.9999605417251587,I-ORG,2.664134808583185e-05,I-MISC,1.0906999705184717e-05
-,:,I-NP,O,O,0.9988685846328735,O,0.9988685846328735,I-ORG,0.0005754153826273978,I-MISC,0.0004772438551299274
Ian,NNP,I-NP,B-PER,B-PER,0.3856312036514282,B-PER,0.3856312036514282,I-PER,0.1284172087907791,B-LOC,0.11530627310276031
Wright,NNP,I-NP,I-PER,I-PER,0.5428855419158936,B-PER,0.5428855419158936,I-PER,0.19857509434223175,O,0.06624261289834976
(,(,O,O,O,0.9995266199111938,O,0.9995266199111938,I-MISC,0.0002278984320582822,I-ORG,0.00015882904699537903
Arsenal,NNP,B-NP,B-ORG,B-LOC,0.3284505307674408,B-LOC,0.3284505307674408,B-PER,0.27430611848831177,I-PER,0.1715017855167389
),),O,O,O,0.9995354413986206,O,0.9995354413986206,I-MISC,0.00020321542979218066,I-ORG,0.0001712662779027596
