0,1,2,3,predictions,confidence,pred_1,pred_1_confidence,pred_2,pred_2_confidence,pred_3,pred_3_confidence
Sutton,NNP,B-NP,B-PER,I-PER,0.39318230748176575,B-PER,0.39318230748176575,I-PER,0.18493710458278656,B-LOC,0.1696089655160904
(,(,O,O,O,0.9994126558303833,O,0.9994126558303833,I-MISC,0.0002781178045552224,I-ORG,0.00020018266513943672
Blackburn,NNP,B-NP,B-ORG,B-LOC,0.3439088463783264,B-PER,0.3439088463783264,I-PER,0.2403593212366104,B-LOC,0.2036118507385254
),),O,O,O,0.9992996454238892,O,0.9992996454238892,I-MISC,0.00031471552210859954,I-ORG,0.0002661398029886186
