0,1,2,3,predictions,confidence,pred_1,pred_1_confidence,pred_2,pred_2_confidence,pred_3,pred_3_confidence
4,CD,B-NP,O,O,0.9999786615371704,O,0.9999786615371704,I-ORG,1.4370585631695576e-05,I-MISC,5.319946922099916e-06
-,:,I-NP,O,O,0.9995808005332947,O,0.9995808005332947,I-MISC,0.00024294732429552823,I-ORG,0.0001397396990796551
Peter,NNP,I-NP,B-PER,B-PER,0.5535436868667603,B-PER,0.5535436868667603,I-PER,0.2084532231092453,B-LOC,0.06787688285112381
Beardsley,NNP,I-NP,I-PER,I-PER,0.37605032324790955,B-PER,0.37605032324790955,O,0.2416226863861084,I-PER,0.16606955230236053
(,(,O,O,O,0.9998214840888977,O,0.9998214840888977,I-MISC,7.053505396470428e-05,I-ORG,4.8680904001230374e-05
Newcastle,NNP,B-NP,B-ORG,B-LOC,0.37357187271118164,B-PER,0.37357187271118164,I-PER,0.25041237473487854,B-LOC,0.10530491173267365
),),O,O,O,0.9998263716697693,O,0.9998263716697693,I-MISC,6.877919804537669e-05,I-ORG,4.845002695219591e-05
.,.,O,O,O,0.9999175071716309,O,0.9999175071716309,I-MISC,3.580938937375322e-05,I-ORG,2.7930354917771183e-05
