0,1,2,3,predictions,confidence,pred_1,pred_1_confidence,pred_2,pred_2_confidence,pred_3,pred_3_confidence
LONDON,NNP,B-NP,B-LOC,B-LOC,0.8402479887008667,B-LOC,0.8402479887008667,B-PER,0.08228299021720886,B-ORG,0.028029855340719223
1996-12-07,CD,I-NP,O,O,0.9999103546142578,O,0.9999103546142578,I-ORG,4.991820969735272e-05,I-MISC,2.219327689090278e-05
Results,NNS,B-NP,O,O,0.5235380530357361,O,0.5235380530357361,B-ORG,0.22359205782413483,B-PER,0.09074316918849945
of,IN,B-PP,O,O,0.9926360249519348,O,0.9926360249519348,I-ORG,0.0038067137356847525,I-MISC,0.002811754820868373
Northern,NNP,B-NP,B-LOC,B-ORG,0.3531413674354553,B-ORG,0.3531413674354553,I-ORG,0.2073500156402588,B-MISC,0.17222486436367035
Ireland,NNP,I-NP,I-LOC,I-ORG,0.358355849981308,B-MISC,0.358355849981308,I-ORG,0.16217800974845886,I-MISC,0.15251603722572327
premier,NN,I-NP,O,O,0.999466598033905,O,0.999466598033905,I-ORG,0.00025698685203678906,I-MISC,0.00023757925373502076
