0,1,2,3,predictions,confidence,pred_1,pred_1_confidence,pred_2,pred_2_confidence,pred_3,pred_3_confidence
Ards,RB,B-ADVP,B-ORG,B-ORG,0.8485789895057678,B-ORG,0.8485789895057678,I-ORG,0.1267586350440979,O,0.013490824028849602
0,CD,B-NP,O,O,0.9998440742492676,O,0.9998440742492676,I-ORG,0.00012475102266762406,B-ORG,1.649836303840857e-05
Crusaders,NNPS,I-NP,B-ORG,B-ORG,0.6201895475387573,B-ORG,0.6201895475387573,I-ORG,0.30276376008987427,O,0.04554836452007294
0,CD,I-NP,O,O,0.999894380569458,O,0.999894380569458,I-ORG,6.762358680134639e-05,I-MISC,3.299944000900723e-05
