0,1,2,3,predictions,confidence,pred_1,pred_1_confidence,pred_2,pred_2_confidence,pred_3,pred_3_confidence
Glenavon,NN,B-NP,B-ORG,B-ORG,0.8723724484443665,B-ORG,0.8723724484443665,I-ORG,0.10517410188913345,B-MISC,0.006149944383651018
2,CD,I-NP,O,O,0.9998379945755005,O,0.9998379945755005,I-ORG,0.00012769743625540286,B-ORG,1.802464248612523e-05
Linfield,NNP,I-NP,B-ORG,B-ORG,0.6467775702476501,B-ORG,0.6467775702476501,I-ORG,0.2599658668041229,O,0.05884059891104698
1,CD,I-NP,O,O,0.9997168183326721,O,0.9997168183326721,I-ORG,0.000164187527843751,I-MISC,8.514614455634728e-05
