0,1,2,3,predictions,confidence,pred_1,pred_1_confidence,pred_2,pred_2_confidence,pred_3,pred_3_confidence
Cliftonville,VB,B-VP,B-ORG,B-ORG,0.8996833562850952,B-ORG,0.8996833562850952,I-ORG,0.08727902919054031,O,0.006794398184865713
1,CD,B-NP,O,O,0.9992658495903015,O,0.9992658495903015,I-ORG,0.0005029459134675562,B-ORG,0.00016408982628490776
Portadown,NNP,I-NP,B-ORG,B-ORG,0.5748233199119568,B-ORG,0.5748233199119568,I-ORG,0.3072022795677185,O,0.06610728055238724
1,CD,I-NP,O,O,0.9996528625488281,O,0.9996528625488281,I-ORG,0.0002047950547421351,I-MISC,0.00010396111611044034
