0,1,2,3,predictions,confidence,pred_1,pred_1_confidence,pred_2,pred_2_confidence,pred_3,pred_3_confidence
Glentoran,NNP,B-NP,B-ORG,B-ORG,0.9104974865913391,B-ORG,0.9104974865913391,I-ORG,0.08043763786554337,O,0.002847767900675535
1,CD,I-NP,O,O,0.9991682767868042,O,0.9991682767868042,I-ORG,0.0005755504826083779,B-ORG,0.00018626212840899825
Coleraine,NNP,I-NP,B-ORG,B-ORG,0.6174266338348389,B-ORG,0.6174266338348389,I-ORG,0.31738805770874023,O,0.025821935385465622
0,CD,I-NP,O,O,0.9999229907989502,O,0.9999229907989502,I-ORG,4.858316242462024e-05,I-MISC,2.4551696697017178e-05
