0,1,2,3,predictions,confidence,pred_1,pred_1_confidence,pred_2,pred_2_confidence,pred_3,pred_3_confidence
goals,NNS,B-NP,O,O,0.9996833801269531,O,0.9996833801269531,I-ORG,0.0001403498463332653,I-MISC,0.00013188082084525377
against,IN,B-PP,O,O,0.9998600482940674,O,0.9998600482940674,I-ORG,6.36182157904841e-05,I-MISC,6.274459883570671e-05
",",",",O,O,O,0.9997476935386658,O,0.9997476935386658,I-MISC,0.0001543052785564214,I-ORG,6.854703678982332e-05
points,VBZ,B-VP,O,O,0.9997164607048035,O,0.9997164607048035,I-MISC,0.00013033898721914738,I-ORG,9.945223428076133e-05
),),O,O,O,0.9999090433120728,O,0.9999090433120728,I-MISC,6.198867049533874e-05,I-ORG,1.4100161934038624e-05
:,:,O,O,O,0.999648928642273,O,0.999648928642273,I-MISC,0.00021793374617118388,I-ORG,7.802211621310562e-05
