0,1,2,3,predictions,confidence,pred_1,pred_1_confidence,pred_2,pred_2_confidence,pred_3,pred_3_confidence
Coleraine,NNP,B-NP,B-ORG,B-ORG,0.7667301893234253,B-ORG,0.7667301893234253,I-ORG,0.17128752171993256,O,0.026743575930595398
10,CD,I-NP,O,O,0.9993060827255249,O,0.9993060827255249,I-ORG,0.0005816082120873034,B-ORG,6.199023482622579e-05
7,CD,I-NP,O,O,0.9985839128494263,O,0.9985839128494263,I-ORG,0.0012223328230902553,B-ORG,0.00010660772386472672
1,CD,I-NP,O,O,0.9993871450424194,O,0.9993871450424194,I-ORG,0.0004437001480255276,B-ORG,0.00010437768651172519
2,CD,I-NP,O,O,0.9999219179153442,O,0.9999219179153442,I-ORG,4.872639328823425e-05,I-MISC,2.5736209863680415e-05
18,CD,I-NP,O,O,0.9999163150787354,O,0.9999163150787354,I-MISC,5.941456402069889e-05,I-ORG,2.087209577439353e-05
11,CD,I-NP,O,O,0.9996638298034668,O,0.9996638298034668,I-ORG,0.0002174841647502035,I-MISC,0.00010524653771426529
22,CD,I-NP,O,O,0.9999960660934448,O,0.9999960660934448,I-MISC,2.0320849216659553e-06,I-ORG,1.8423285155222402e-06
