0,1,2,3,predictions,confidence,pred_1,pred_1_confidence,pred_2,pred_2_confidence,pred_3,pred_3_confidence
Linfield,RB,B-NP,B-ORG,B-ORG,0.8385523557662964,B-ORG,0.8385523557662964,I-ORG,0.13470739126205444,O,0.017448805272579193
10,CD,I-NP,O,O,0.9992434978485107,O,0.9992434978485107,I-ORG,0.0006425856263376772,B-ORG,7.511988223996013e-05
4,CD,I-NP,O,O,0.9999067783355713,O,0.9999067783355713,I-ORG,7.597854710184038e-05,B-ORG,1.0541501978877932e-05
3,CD,I-NP,O,O,0.9999076128005981,O,0.9999076128005981,I-ORG,7.420640031341463e-05,I-MISC,9.669292921898887e-06
3,CD,I-NP,O,O,0.9999616146087646,O,0.9999616146087646,I-ORG,2.9142613129806705e-05,I-MISC,6.4130936152650975e-06
13,CD,I-NP,O,O,0.9999725818634033,O,0.9999725818634033,I-ORG,1.8988877855008468e-05,I-MISC,7.501409527321812e-06
10,CD,I-NP,O,O,0.9999423027038574,O,0.9999423027038574,I-ORG,3.232903691241518e-05,I-MISC,2.3425029212376103e-05
15,CD,I-NP,O,O,0.9999352693557739,O,0.9999352693557739,I-MISC,3.589228799683042e-05,I-ORG,2.6570998670649715e-05
