0,1,2,3,predictions,confidence,pred_1,pred_1_confidence,pred_2,pred_2_confidence,pred_3,pred_3_confidence
Crusaders,NNPS,B-NP,B-ORG,B-ORG,0.8106147050857544,B-ORG,0.8106147050857544,I-ORG,0.13372118771076202,O,0.04436897113919258
10,CD,I-NP,O,O,0.9991637468338013,O,0.9991637468338013,I-ORG,0.0007089487044140697,B-ORG,8.324442023877054e-05
3,CD,I-NP,O,O,0.9998039603233337,O,0.9998039603233337,I-ORG,0.00016228649474214762,B-ORG,2.1406265659607016e-05
4,CD,I-NP,O,O,0.9999219179153442,O,0.9999219179153442,I-ORG,6.318190571619198e-05,B-ORG,7.601582638017135e-06
3,CD,I-NP,O,O,0.9999409914016724,O,0.9999409914016724,I-ORG,4.513202657108195e-05,I-MISC,9.172504178422969e-06
11,CD,I-NP,O,O,0.9996262788772583,O,0.9996262788772583,I-ORG,0.00028176652267575264,I-MISC,7.189140887930989e-05
9,CD,I-NP,O,O,0.9986662864685059,O,0.9986662864685059,I-ORG,0.0006970466929487884,B-ORG,0.0003045008925255388
13,CD,I-NP,O,O,0.9999650716781616,O,0.9999650716781616,I-MISC,1.7879976439871825e-05,I-ORG,1.6076555766630918e-05
