0,1,2,3,predictions,confidence,pred_1,pred_1_confidence,pred_2,pred_2_confidence,pred_3,pred_3_confidence
Glenavon,NN,B-NP,B-ORG,B-ORG,0.883463978767395,B-ORG,0.883463978767395,I-ORG,0.09856050461530685,B-MISC,0.005306850653141737
10,CD,I-NP,O,O,0.9991600513458252,O,0.9991600513458252,I-ORG,0.0007123706745915115,B-ORG,8.417221397394314e-05
3,CD,I-NP,O,O,0.9998013377189636,O,0.9998013377189636,I-ORG,0.00016463009524159133,B-ORG,2.188312282669358e-05
4,CD,I-NP,O,O,0.9999185800552368,O,0.9999185800552368,I-ORG,6.617811595788226e-05,B-ORG,8.107348548946902e-06
3,CD,I-NP,O,O,0.9999362230300903,O,0.9999362230300903,I-ORG,4.9931117246160284e-05,I-MISC,8.444313607469667e-06
15,CD,I-NP,O,O,0.9998928308486938,O,0.9998928308486938,I-ORG,8.442703256150708e-05,I-MISC,1.7016413039527833e-05
14,CD,I-NP,O,O,0.9999585151672363,O,0.9999585151672363,I-ORG,3.1058199965627864e-05,I-MISC,8.693884410604369e-06
13,CD,I-NP,O,O,0.9999723434448242,O,0.9999723434448242,I-MISC,1.4049951460037846e-05,I-ORG,1.2857904039265122e-05
