0,1,2,3,predictions,confidence,pred_1,pred_1_confidence,pred_2,pred_2_confidence,pred_3,pred_3_confidence
Glentoran,NNP,B-NP,B-ORG,B-ORG,0.8958274722099304,B-ORG,0.8958274722099304,I-ORG,0.08750920742750168,B-MISC,0.005348410923033953
10,CD,I-NP,O,O,0.9994053840637207,O,0.9994053840637207,I-ORG,0.0005006089340895414,B-ORG,4.700917634181678e-05
3,CD,I-NP,O,O,0.9998699426651001,O,0.9998699426651001,I-ORG,0.0001060952854459174,I-MISC,1.2506056918937247e-05
3,CD,I-NP,O,O,0.9999469518661499,O,0.9999469518661499,I-ORG,4.0328515751753e-05,I-MISC,9.342149496660568e-06
4,CD,I-NP,O,O,0.9999914169311523,O,0.9999914169311523,I-MISC,4.2272108657925855e-06,I-ORG,3.931208084395621e-06
18,CD,I-NP,O,O,0.9999639987945557,O,0.9999639987945557,I-MISC,2.9476508643710986e-05,I-ORG,4.425194674695376e-06
18,CD,I-NP,O,O,0.999967098236084,O,0.999967098236084,I-MISC,2.0806595784961246e-05,I-ORG,1.0804658813867718e-05
12,CD,I-NP,O,O,0.9999666213989258,O,0.9999666213989258,I-ORG,1.7121659766416997e-05,I-MISC,1.5031966540846042e-05
