0,1,2,3,predictions,confidence,pred_1,pred_1_confidence,pred_2,pred_2_confidence,pred_3,pred_3_confidence
Portadown,NNP,B-NP,B-ORG,B-ORG,0.8059515357017517,B-ORG,0.8059515357017517,I-ORG,0.15094347298145294,O,0.029564669355750084
9,CD,I-NP,O,O,0.9804744720458984,O,0.9804744720458984,I-ORG,0.009612783789634705,B-ORG,0.009151737205684185
3,CD,I-NP,O,O,0.9997047781944275,O,0.9997047781944275,I-ORG,0.00024660807684995234,B-ORG,2.781623879855033e-05
3,CD,I-NP,O,O,0.9998121857643127,O,0.9998121857643127,I-ORG,0.00015554601850453764,I-MISC,1.604219687578734e-05
3,CD,I-NP,O,O,0.9998719692230225,O,0.9998719692230225,I-ORG,0.00010319388820789754,I-MISC,1.444549980078591e-05
11,CD,I-NP,O,O,0.9988214373588562,O,0.9988214373588562,I-ORG,0.000979869975708425,I-MISC,0.00013106789265293628
12,CD,I-NP,O,O,0.9998931884765625,O,0.9998931884765625,I-ORG,8.395855547860265e-05,I-MISC,1.8345190255786292e-05
12,CD,I-NP,O,O,0.9999135732650757,O,0.9999135732650757,I-ORG,4.852593338000588e-05,I-MISC,3.521587132127024e-05
