0,1,2,3,predictions,confidence,pred_1,pred_1_confidence,pred_2,pred_2_confidence,pred_3,pred_3_confidence
Cliftonville,VB,B-VP,B-ORG,B-ORG,0.9193600416183472,B-ORG,0.9193600416183472,I-ORG,0.07386846095323563,O,0.003945719450712204
9,CD,B-NP,O,O,0.9765604138374329,O,0.9765604138374329,B-ORG,0.011471888981759548,I-ORG,0.011297700926661491
1,CD,I-NP,O,O,0.9988672733306885,O,0.9988672733306885,I-ORG,0.0007981305825524032,B-ORG,0.00027135637355968356
4,CD,I-NP,O,O,0.9998735189437866,O,0.9998735189437866,I-ORG,0.00010444850340718403,B-ORG,1.1864039151987527e-05
4,CD,I-NP,O,O,0.9999531507492065,O,0.9999531507492065,I-ORG,3.717925210366957e-05,I-MISC,5.373472504288657e-06
5,CD,I-NP,O,O,0.9999316930770874,O,0.9999316930770874,I-ORG,5.164400863577612e-05,I-MISC,1.2053249520249665e-05
12,CD,I-NP,O,O,0.9999700784683228,O,0.9999700784683228,I-ORG,1.9406610590522178e-05,I-MISC,9.401658644492272e-06
7,CD,I-NP,O,O,0.999932050704956,O,0.999932050704956,I-MISC,3.919484879588708e-05,I-ORG,2.5591407393221743e-05
