0,1,2,3,predictions,confidence,pred_1,pred_1_confidence,pred_2,pred_2_confidence,pred_3,pred_3_confidence
RUGBY,NNP,B-NP,B-ORG,O,0.4440355598926544,O,0.4440355598926544,B-ORG,0.20358134806156158,I-MISC,0.12031946331262589
UNION,NN,I-NP,I-ORG,O,0.30771273374557495,B-MISC,0.30771273374557495,O,0.25620847940444946,B-ORG,0.19607658684253693
-,:,O,O,O,0.9995299577713013,O,0.9995299577713013,I-MISC,0.000317526631988585,I-ORG,0.00010274798114551231
BRITISH,JJ,B-NP,O,O,0.38743677735328674,O,0.38743677735328674,B-MISC,0.2956129014492035,I-MISC,0.16618187725543976
RESULTS,NNS,I-NP,O,O,0.9900457262992859,O,0.9900457262992859,I-MISC,0.0038604438304901123,B-MISC,0.003046017838642001
.,.,O,O,O,0.9999557733535767,O,0.9999557733535767,I-MISC,2.741851676546503e-05,I-ORG,1.2778940799762495e-05
