0,1,2,3,predictions,confidence,pred_1,pred_1_confidence,pred_2,pred_2_confidence,pred_3,pred_3_confidence
LONDON,NNP,B-NP,B-LOC,B-LOC,0.8338115811347961,B-LOC,0.8338115811347961,B-PER,0.10700035840272903,I-PER,0.016039114445447922
1996-12-07,CD,I-NP,O,O,0.9999513626098633,O,0.9999513626098633,I-MISC,1.869613515737001e-05,I-ORG,1.833138958318159e-05
Results,NNS,B-NP,O,O,0.7243572473526001,O,0.7243572473526001,B-PER,0.10837073624134064,B-ORG,0.05301087349653244
of,IN,B-PP,O,O,0.9974710941314697,O,0.9974710941314697,I-MISC,0.0016025223303586245,I-ORG,0.000670139561407268
British,JJ,B-NP,B-MISC,B-MISC,0.6714587211608887,B-MISC,0.6714587211608887,I-MISC,0.12224941700696945,I-ORG,0.06968621164560318
rugby,JJ,I-NP,O,O,0.9992262125015259,O,0.9992262125015259,I-ORG,0.00046931125689297915,I-MISC,0.0002665159699972719
union,NN,I-NP,O,O,0.977016031742096,O,0.977016031742096,I-ORG,0.010854274034500122,I-MISC,0.008196295239031315
