0,1,2,3,predictions,confidence,pred_1,pred_1_confidence,pred_2,pred_2_confidence,pred_3,pred_3_confidence
Pilkington,NNP,B-NP,B-MISC,O,0.34378594160079956,B-PER,0.34378594160079956,B-ORG,0.18731576204299927,B-MISC,0.14968173205852509
Cup,NNP,I-NP,I-MISC,O,0.4637283682823181,O,0.4637283682823181,B-PER,0.14883360266685486,I-MISC,0.1374724805355072
fourth,JJ,I-NP,O,O,0.9989402890205383,O,0.9989402890205383,I-MISC,0.0006171842687763274,I-ORG,0.00022383338364306837
round,NN,I-NP,O,O,0.999948263168335,O,0.999948263168335,I-MISC,3.36691846314352e-05,I-ORG,1.3869744179828558e-05
