0,1,2,3,predictions,confidence,pred_1,pred_1_confidence,pred_2,pred_2_confidence,pred_3,pred_3_confidence
Reading,VBG,B-VP,B-ORG,O,0.3965872526168823,B-PER,0.3965872526168823,O,0.3161761164665222,I-PER,0.0985594391822815
50,CD,B-NP,O,O,0.9998311996459961,O,0.9998311996459961,I-MISC,9.770091128302738e-05,I-ORG,5.30043980688788e-05
Widnes,NNPS,I-NP,B-ORG,B-ORG,0.5402206778526306,B-ORG,0.5402206778526306,I-ORG,0.2291410267353058,O,0.12944640219211578
3,CD,I-NP,O,O,0.9999254941940308,O,0.9999254941940308,I-ORG,4.25134421675466e-05,I-MISC,2.7996527933282778e-05
