0,1,2,3,predictions,confidence,pred_1,pred_1_confidence,pred_2,pred_2_confidence,pred_3,pred_3_confidence
Bath,IN,B-PP,B-ORG,B-PER,0.709057092666626,B-PER,0.709057092666626,I-PER,0.1352851390838623,B-LOC,0.052424002438783646
35,CD,B-NP,O,O,0.9999500513076782,O,0.9999500513076782,I-MISC,2.880503780033905e-05,I-ORG,1.3270418094180059e-05
Harlequins,NNP,I-NP,B-ORG,B-ORG,0.4963543117046356,B-ORG,0.4963543117046356,I-ORG,0.18981346487998962,B-PER,0.07494620233774185
20,CD,I-NP,O,O,0.9999592304229736,O,0.9999592304229736,I-ORG,2.158602910640184e-05,I-MISC,1.796685864974279e-05
