0,1,2,3,predictions,confidence,pred_1,pred_1_confidence,pred_2,pred_2_confidence,pred_3,pred_3_confidence
Gloucester,NNP,B-NP,B-ORG,B-ORG,0.6097710132598877,B-ORG,0.6097710132598877,I-ORG,0.14611469209194183,O,0.1191704124212265
29,CD,I-NP,O,O,0.9995602965354919,O,0.9995602965354919,I-ORG,0.0002730604319367558,I-MISC,0.00014227400242816657
London,NNP,I-NP,B-ORG,B-ORG,0.214042067527771,B-LOC,0.214042067527771,B-ORG,0.20425660908222198,I-ORG,0.18505604565143585
Irish,NNP,I-NP,I-ORG,I-ORG,0.29383689165115356,B-ORG,0.29383689165115356,B-MISC,0.25841107964515686,I-ORG,0.1886255145072937
19,CD,I-NP,O,O,0.9906806349754333,O,0.9906806349754333,I-ORG,0.004568849224597216,I-MISC,0.003961690701544285
