0,1,2,3,predictions,confidence,pred_1,pred_1_confidence,pred_2,pred_2_confidence,pred_3,pred_3_confidence
Welsh,NNP,B-NP,B-MISC,B-MISC,0.33758407831192017,B-MISC,0.33758407831192017,B-PER,0.2124232053756714,B-ORG,0.12267974764108658
division,NN,I-NP,O,O,0.9983795881271362,O,0.9983795881271362,I-MISC,0.0008297780877910554,I-ORG,0.000481400202261284
one,CD,B-NP,O,O,0.9993064403533936,O,0.9993064403533936,I-MISC,0.00043538070167414844,I-ORG,0.00019673501083161682
