0,1,2,3,predictions,confidence,pred_1,pred_1_confidence,pred_2,pred_2_confidence,pred_3,pred_3_confidence
Llanelli,RB,B-NP,B-ORG,B-PER,0.5048157572746277,B-PER,0.5048157572746277,B-ORG,0.12606018781661987,B-MISC,0.09881392121315002
97,CD,I-NP,O,O,0.9990875720977783,O,0.9990875720977783,I-MISC,0.0005347462138161063,I-ORG,0.0002447314909659326
Newbridge,NNP,I-NP,B-ORG,O,0.4464433491230011,B-ORG,0.4464433491230011,O,0.26474514603614807,I-ORG,0.15461069345474243
10,CD,I-NP,O,O,0.9998654127120972,O,0.9998654127120972,I-ORG,6.661504448857158e-05,I-MISC,6.124639912741259e-05
