0,1,2,3,predictions,confidence,pred_1,pred_1_confidence,pred_2,pred_2_confidence,pred_3,pred_3_confidence
Pontypridd,NNP,B-NP,B-ORG,B-ORG,0.5760628581047058,B-ORG,0.5760628581047058,I-ORG,0.19969448447227478,O,0.173169806599617
53,CD,I-NP,O,O,0.9999080896377563,O,0.9999080896377563,I-ORG,7.183724665082991e-05,I-MISC,1.7810034478316084e-05
Bridgend,NNP,I-NP,B-ORG,B-ORG,0.5511508584022522,B-ORG,0.5511508584022522,I-ORG,0.2225428968667984,O,0.10315066576004028
9,CD,I-NP,O,O,0.995888888835907,O,0.995888888835907,I-ORG,0.001759975217282772,I-MISC,0.0013880926417186856
