0,1,2,3,predictions,confidence,pred_1,pred_1_confidence,pred_2,pred_2_confidence,pred_3,pred_3_confidence
Newport,NNP,B-NP,B-ORG,B-ORG,0.5091126561164856,B-ORG,0.5091126561164856,O,0.16699372231960297,I-ORG,0.16517359018325806
45,CD,I-NP,O,O,0.9999599456787109,O,0.9999599456787109,I-ORG,2.6210491341771558e-05,I-MISC,1.277818955713883e-05
Dunvant,NNP,I-NP,B-ORG,O,0.3018275499343872,B-ORG,0.3018275499343872,O,0.27255678176879883,I-ORG,0.23620125651359558
22,CD,I-NP,O,O,0.9999901056289673,O,0.9999901056289673,I-ORG,5.214031261857599e-06,I-MISC,4.401856585900532e-06
