0,1,2,3,predictions,confidence,pred_1,pred_1_confidence,pred_2,pred_2_confidence,pred_3,pred_3_confidence
Swansea,NN,B-NP,B-ORG,B-ORG,0.48478442430496216,B-ORG,0.48478442430496216,I-ORG,0.1508086770772934,B-MISC,0.09018167108297348
49,CD,I-NP,O,O,0.9991592168807983,O,0.9991592168807983,I-ORG,0.00038607901660725474,I-MISC,0.00036409261520020664
Neath,NNP,I-NP,B-ORG,B-ORG,0.47979000210762024,B-ORG,0.47979000210762024,B-MISC,0.16639263927936554,I-ORG,0.15889468789100647
10,CD,I-NP,O,O,0.9997493624687195,O,0.9997493624687195,I-ORG,0.00013286324974615127,I-MISC,0.00010434573778184131
