0,1,2,3,predictions,confidence,pred_1,pred_1_confidence,pred_2,pred_2_confidence,pred_3,pred_3_confidence
Boroughmuir,NNP,B-NP,B-ORG,O,0.34188154339790344,O,0.34188154339790344,B-PER,0.3335576057434082,B-MISC,0.10070875287055969
31,CD,I-NP,O,O,0.9999818801879883,O,0.9999818801879883,I-MISC,1.2940275155415293e-05,I-ORG,3.1953518373484258e-06
Watsonians,NNP,I-NP,B-ORG,B-PER,0.6017273664474487,B-PER,0.6017273664474487,I-PER,0.12524984776973724,B-MISC,0.07320412993431091
35,CD,I-NP,O,O,0.999940037727356,O,0.999940037727356,I-MISC,3.578278483473696e-05,I-ORG,1.4561247553501744e-05
