0,1,2,3,predictions,confidence,pred_1,pred_1_confidence,pred_2,pred_2_confidence,pred_3,pred_3_confidence
Treorchy,NN,B-NP,B-ORG,O,0.6232003569602966,O,0.6232003569602966,B-ORG,0.2449847012758255,I-ORG,0.0955284982919693
13,CD,I-NP,O,O,0.9999498128890991,O,0.9999498128890991,I-ORG,2.8569967980729416e-05,I-MISC,1.96197179320734e-05
Ebbw,VBG,I-NP,B-ORG,B-PER,0.3020356297492981,B-PER,0.3020356297492981,B-LOC,0.16579756140708923,B-ORG,0.11227615177631378
Vale,NNP,I-NP,I-ORG,I-PER,0.38843023777008057,B-PER,0.38843023777008057,I-PER,0.14649999141693115,B-LOC,0.0983595997095108
17,CD,I-NP,O,O,0.9987797141075134,O,0.9987797141075134,I-MISC,0.0006386326858773828,I-ORG,0.0004753312678076327
