0,1,2,3,predictions,confidence,pred_1,pred_1_confidence,pred_2,pred_2_confidence,pred_3,pred_3_confidence
SOCCER,NN,B-NP,O,O,0.6663896441459656,O,0.6663896441459656,B-MISC,0.11244740337133408,I-MISC,0.11027397960424423
-,:,O,O,O,0.9996484518051147,O,0.9996484518051147,I-MISC,0.000249477889155969,I-ORG,5.476920705405064e-05
SCOTTISH,NNP,B-NP,B-MISC,O,0.32433927059173584,B-MISC,0.32433927059173584,O,0.25232434272766113,I-MISC,0.1332072913646698
PREMIER,NNPS,I-NP,O,O,0.736961841583252,O,0.736961841583252,B-MISC,0.07950227707624435,B-PER,0.06546297669410706
DIVISION,NNP,I-NP,O,O,0.7418220043182373,O,0.7418220043182373,B-MISC,0.09920984506607056,B-PER,0.07894624769687653
SUMMARIES,NNP,I-NP,O,O,0.8009158372879028,O,0.8009158372879028,B-PER,0.06308582425117493,B-ORG,0.04273837432265282
.,.,O,O,O,0.9999792575836182,O,0.9999792575836182,I-MISC,1.22434330478427e-05,I-ORG,5.176078502699966e-06
