0,1,2,3,predictions,confidence,pred_1,pred_1_confidence,pred_2,pred_2_confidence,pred_3,pred_3_confidence
Hearts,NNPS,B-NP,B-ORG,B-ORG,0.8789990544319153,B-ORG,0.8789990544319153,I-ORG,0.11476850509643555,O,0.002324300119653344
0,CD,I-NP,O,O,0.9996356964111328,O,0.9996356964111328,I-ORG,0.0002999774878844619,B-ORG,3.8649101043120027e-05
Raith,NNP,I-NP,B-ORG,B-ORG,0.7065930962562561,B-ORG,0.7065930962562561,I-ORG,0.25969094038009644,I-MISC,0.014351816847920418
0,CD,I-NP,O,O,0.9998001456260681,O,0.9998001456260681,I-ORG,0.00013186440628487617,I-MISC,5.9094112657476217e-05
.,.,O,O,O,0.9988495111465454,O,0.9988495111465454,I-MISC,0.0006527687073685229,I-ORG,0.0004427832318469882
