0,1,2,3,predictions,confidence,pred_1,pred_1_confidence,pred_2,pred_2_confidence,pred_3,pred_3_confidence
1-2,NN,B-NP,O,O,0.9997746348381042,O,0.9997746348381042,I-MISC,0.00011613436072366312,I-ORG,8.675585559103638e-05
.,.,O,O,O,0.9999054670333862,O,0.9999054670333862,I-MISC,5.562817386817187e-05,I-ORG,3.0266759495134465e-05
"48,053",CD,B-NP,O,O,0.9999738931655884,O,0.9999738931655884,I-ORG,1.312425774813164e-05,I-MISC,1.1810036085080355e-05
.,.,O,O,O,0.9998220801353455,O,0.9998220801353455,I-MISC,0.00010071802535094321,I-ORG,6.336590740829706e-05
