0,1,2,3,predictions,confidence,pred_1,pred_1_confidence,pred_2,pred_2_confidence,pred_3,pred_3_confidence
RUGBY,NNP,B-NP,B-ORG,O,0.4041472375392914,B-ORG,0.4041472375392914,O,0.29725635051727295,I-MISC,0.09304379671812057
UNION,NN,I-NP,I-ORG,B-ORG,0.46947503089904785,B-ORG,0.46947503089904785,B-MISC,0.1587018519639969,O,0.14946942031383514
-,:,O,O,O,0.9990435242652893,O,0.9990435242652893,I-ORG,0.00045160274021327496,I-MISC,0.0004314803518354893
RETIRING,NNP,B-NP,O,O,0.2919688820838928,B-ORG,0.2919688820838928,O,0.23665760457515717,B-LOC,0.13839386403560638
CAMPESE,NNP,I-NP,B-PER,O,0.4916097819805145,O,0.4916097819805145,B-ORG,0.16805532574653625,I-MISC,0.10466241091489792
WEIGHS,NNP,I-NP,O,O,0.5916008353233337,O,0.5916008353233337,B-ORG,0.1382831484079361,I-MISC,0.1016395166516304
UP,RP,B-PRT,O,O,0.9646129608154297,O,0.9646129608154297,B-ORG,0.014628767035901546,B-MISC,0.009345604106783867
OPTIONS,NNS,B-NP,O,O,0.7326139807701111,O,0.7326139807701111,B-ORG,0.1267818957567215,I-MISC,0.06088249012827873
.,.,O,O,O,0.999850869178772,O,0.999850869178772,I-MISC,9.076922287931666e-05,I-ORG,4.90121565235313e-05
