0,1,2,3,predictions,confidence,pred_1,pred_1_confidence,pred_2,pred_2_confidence,pred_3,pred_3_confidence
SOCCER,NN,B-NP,O,O,0.6236326098442078,O,0.6236326098442078,B-ORG,0.12403950840234756,I-MISC,0.10441943258047104
-,:,O,O,O,0.999576985836029,O,0.999576985836029,I-MISC,0.0002542518777772784,I-ORG,0.00012607572716660798
ENGLISH,JJ,B-NP,B-MISC,B-LOC,0.2720271348953247,B-MISC,0.2720271348953247,B-ORG,0.23965932428836823,I-MISC,0.12906016409397125
PREMIER,NNPS,I-NP,O,O,0.2742360532283783,B-ORG,0.2742360532283783,O,0.23829060792922974,B-LOC,0.1931735873222351
LEAGUE,NNP,I-NP,O,O,0.3759559094905853,O,0.3759559094905853,B-ORG,0.2541464865207672,B-LOC,0.12445090711116791
SUMMARIES,NNP,I-NP,O,O,0.4917815327644348,O,0.4917815327644348,B-LOC,0.13482753932476044,B-ORG,0.12956610321998596
.,.,O,O,O,0.9999469518661499,O,0.9999469518661499,I-MISC,2.727442370087374e-05,I-ORG,1.6612146282568574e-05
