0,1,2,3,predictions,confidence,pred_1,pred_1_confidence,pred_2,pred_2_confidence,pred_3,pred_3_confidence
LONDON,NNP,B-NP,B-LOC,B-LOC,0.8295863270759583,B-LOC,0.8295863270759583,B-PER,0.10917747765779495,B-ORG,0.014857763424515724
1996-12-07,CD,I-NP,O,O,0.9999610185623169,O,0.9999610185623169,I-MISC,1.6110087017295882e-05,I-ORG,1.511283790023299e-05
Summaries,NNS,B-NP,O,O,0.8442524671554565,O,0.8442524671554565,B-MISC,0.05479300767183304,B-ORG,0.030980976298451424
of,IN,B-PP,O,O,0.9979865550994873,O,0.9979865550994873,I-MISC,0.0013369908556342125,I-ORG,0.00047194439684972167
English,JJ,B-NP,B-MISC,B-MISC,0.7966697812080383,B-MISC,0.7966697812080383,I-MISC,0.1036173477768898,I-ORG,0.042693860828876495
premier,NN,I-NP,O,O,0.9985501170158386,O,0.9985501170158386,I-ORG,0.0006988858804106712,I-MISC,0.0006610418786294758
