0,1,2,3,predictions,confidence,pred_1,pred_1_confidence,pred_2,pred_2_confidence,pred_3,pred_3_confidence
lealgue,NN,B-NP,O,O,0.9996055960655212,O,0.9996055960655212,I-ORG,0.00017926390864886343,I-MISC,0.00014794597518630326
matches,NNS,I-NP,O,O,0.9998631477355957,O,0.9998631477355957,I-MISC,6.919662700966e-05,I-ORG,5.21555011800956e-05
on,IN,B-PP,O,O,0.9998375177383423,O,0.9998375177383423,I-MISC,0.00010265470336889848,I-ORG,2.1576692233793437e-05
Saturday,NNP,B-NP,O,O,0.9671052694320679,O,0.9671052694320679,I-MISC,0.012347528710961342,B-MISC,0.00668794009834528
:,:,O,O,O,0.9995940327644348,O,0.9995940327644348,I-MISC,0.0002920053375419229,I-ORG,7.394184649456292e-05
