0,1,2,3,predictions,confidence,pred_1,pred_1_confidence,pred_2,pred_2_confidence,pred_3,pred_3_confidence
71,LS,B-LST,O,O,0.9997994303703308,O,0.9997994303703308,I-MISC,8.766131213633344e-05,I-ORG,6.472770473919809e-05
),),O,O,O,0.9998464584350586,O,0.9998464584350586,I-MISC,6.40484067844227e-05,I-ORG,4.082521263626404e-05
.,.,O,O,O,0.9999402761459351,O,0.9999402761459351,I-MISC,2.8096148525946774e-05,I-ORG,1.8976297724293545e-05
