0,1,2,3,predictions,confidence,pred_1,pred_1_confidence,pred_2,pred_2_confidence,pred_3,pred_3_confidence
Kanchelskis,NNS,B-NP,B-PER,I-PER,0.5989683866500854,B-PER,0.5989683866500854,I-PER,0.21146488189697266,B-ORG,0.08455280214548111
28,CD,B-NP,O,O,0.9998806715011597,O,0.9998806715011597,I-MISC,5.8796988014364615e-05,I-ORG,4.3811043724417686e-05
),),O,O,O,0.9996775388717651,O,0.9996775388717651,I-MISC,0.00016455868899356574,I-ORG,0.00010407121590105817
.,.,O,O,O,0.9998346567153931,O,0.9998346567153931,I-MISC,8.594152313889936e-05,I-ORG,6.105702777858824e-05
