0,1,2,3,predictions,confidence,pred_1,pred_1_confidence,pred_2,pred_2_confidence,pred_3,pred_3_confidence
1-2,NN,B-NP,O,O,0.9997327923774719,O,0.9997327923774719,I-MISC,0.00012967221846338362,I-ORG,0.00010792145621962845
.,.,O,O,O,0.9998786449432373,O,0.9998786449432373,I-MISC,6.535337888635695e-05,I-ORG,4.350406743469648e-05
"28,418",CD,B-NP,O,O,0.9999463558197021,O,0.9999463558197021,I-ORG,3.086763172177598e-05,I-MISC,1.9618673832155764e-05
