0,1,2,3,predictions,confidence,pred_1,pred_1_confidence,pred_2,pred_2_confidence,pred_3,pred_3_confidence
0-1,JJ,B-ADVP,O,O,0.9999396800994873,O,0.9999396800994873,I-MISC,3.1369785574497655e-05,I-ORG,2.530192068661563e-05
.,.,O,O,O,0.9998786449432373,O,0.9998786449432373,I-MISC,6.535337888635695e-05,I-ORG,4.350406743469648e-05
"39,507",CD,B-NP,O,O,0.9999470710754395,O,0.9999470710754395,I-ORG,2.94963683700189e-05,I-MISC,2.0508216039161198e-05
