0,1,2,3,predictions,confidence,pred_1,pred_1_confidence,pred_2,pred_2_confidence,pred_3,pred_3_confidence
Middlesbrough,JJ,B-NP,B-ORG,B-ORG,0.8943023681640625,B-ORG,0.8943023681640625,I-ORG,0.08739978820085526,O,0.014241306111216545
0,CD,I-NP,O,O,0.9998155236244202,O,0.9998155236244202,I-ORG,0.00015010309289209545,B-ORG,2.212574690929614e-05
Leeds,NNPS,I-NP,B-ORG,B-ORG,0.6546981334686279,B-ORG,0.6546981334686279,I-ORG,0.3111475706100464,I-MISC,0.013725095428526402
0,CD,I-NP,O,O,0.9998087286949158,O,0.9998087286949158,I-ORG,0.00012552220141515136,I-MISC,5.736809180234559e-05
.,.,O,O,O,0.998784601688385,O,0.998784601688385,I-MISC,0.000691243214532733,I-ORG,0.0004675071977544576
