0,1,2,3,predictions,confidence,pred_1,pred_1_confidence,pred_2,pred_2_confidence,pred_3,pred_3_confidence
89,LS,B-LST,O,O,0.999174177646637,O,0.999174177646637,I-MISC,0.00035464222310110927,I-ORG,0.00022723415168002248
),),O,O,O,0.9997835755348206,O,0.9997835755348206,I-MISC,0.00010130842565558851,I-ORG,6.405946623999625e-05
.,.,O,O,O,0.9998986721038818,O,0.9998986721038818,I-MISC,5.098742985865101e-05,I-ORG,3.5038803616771474e-05
