0,1,2,3,predictions,confidence,pred_1,pred_1_confidence,pred_2,pred_2_confidence,pred_3,pred_3_confidence
0-2,NN,B-NP,O,O,0.9999680519104004,O,0.9999680519104004,I-MISC,1.7401762306690216e-05,I-ORG,1.2929129297845066e-05
.,.,O,O,O,0.9999054670333862,O,0.9999054670333862,I-MISC,5.562817386817187e-05,I-ORG,3.0266759495134465e-05
"19,672",CD,B-NP,O,O,0.999729573726654,O,0.999729573726654,I-ORG,0.00013394108100328594,I-MISC,0.00010265007585985586
.,.,O,O,O,0.9998220801353455,O,0.9998220801353455,I-MISC,0.00010071802535094321,I-ORG,6.336590740829706e-05
