0,1,2,3,predictions,confidence,pred_1,pred_1_confidence,pred_2,pred_2_confidence,pred_3,pred_3_confidence
SOCCER,NN,B-NP,O,O,0.6800921559333801,O,0.6800921559333801,B-MISC,0.1085798591375351,I-MISC,0.10654889047145844
-,:,O,O,O,0.999665379524231,O,0.999665379524231,I-MISC,0.00023705451167188585,I-ORG,5.291570778354071e-05
SCOTTISH,NNP,B-NP,B-MISC,O,0.33724886178970337,B-MISC,0.33724886178970337,O,0.2778555154800415,I-MISC,0.13870516419410706
LEAGUE,NNP,I-NP,O,O,0.7448881268501282,O,0.7448881268501282,B-MISC,0.08850418031215668,I-MISC,0.05685538053512573
STANDINGS,NNP,I-NP,O,O,0.9860202670097351,O,0.9860202670097351,B-MISC,0.00435353210195899,I-MISC,0.003973263781517744
.,.,O,O,O,0.999992847442627,O,0.999992847442627,I-MISC,3.6802007343794685e-06,I-ORG,1.4275398143581697e-06
