0,1,2,3,predictions,confidence,pred_1,pred_1_confidence,pred_2,pred_2_confidence,pred_3,pred_3_confidence
GLASGOW,NNP,B-NP,B-LOC,B-LOC,0.29028722643852234,B-ORG,0.29028722643852234,B-LOC,0.24468693137168884,I-MISC,0.10436130315065384
1996-12-07,CD,I-NP,O,O,0.999854564666748,O,0.999854564666748,I-ORG,6.479484000010416e-05,I-MISC,6.191687134560198e-05
Scottish,JJ,B-NP,B-MISC,B-MISC,0.4098593592643738,B-MISC,0.4098593592643738,O,0.2367546260356903,B-ORG,0.10514847189188004
league,NN,I-NP,O,O,0.9997298121452332,O,0.9997298121452332,I-MISC,0.00014655244012828916,I-ORG,0.00010307633056072518
standings,NNS,I-NP,O,O,0.9994215965270996,O,0.9994215965270996,I-ORG,0.00027728130226023495,I-MISC,0.00026544195134192705
after,IN,B-PP,O,O,0.9998511075973511,O,0.9998511075973511,I-MISC,7.474980520782992e-05,I-ORG,6.584273069165647e-05
