0,1,2,3,predictions,confidence,pred_1,pred_1_confidence,pred_2,pred_2_confidence,pred_3,pred_3_confidence
Celtic,NNP,B-NP,B-ORG,B-ORG,0.8649968504905701,B-ORG,0.8649968504905701,I-ORG,0.12586888670921326,B-MISC,0.0034373891539871693
14,CD,I-NP,O,O,0.9992542862892151,O,0.9992542862892151,I-ORG,0.0006406418979167938,B-ORG,7.025142258498818e-05
8,CD,I-NP,O,O,0.9962413311004639,O,0.9962413311004639,I-ORG,0.0030802953988313675,B-ORG,0.00044720174628309906
3,CD,I-NP,O,O,0.9997952580451965,O,0.9997952580451965,I-ORG,0.00016751865041442215,I-MISC,2.1098941942909732e-05
3,CD,I-NP,O,O,0.9998952150344849,O,0.9998952150344849,I-ORG,7.608041050843894e-05,I-MISC,2.2454139980254695e-05
32,CD,I-NP,O,O,0.9998539686203003,O,0.9998539686203003,I-ORG,0.00010143795952899382,I-MISC,4.200733019388281e-05
15,CD,I-NP,O,O,0.9997949004173279,O,0.9997949004173279,I-ORG,0.00014900678070262074,I-MISC,4.870863267569803e-05
27,CD,I-NP,O,O,0.9999853372573853,O,0.9999853372573853,I-ORG,8.200318916351534e-06,I-MISC,6.220016075531021e-06
