0,1,2,3,predictions,confidence,pred_1,pred_1_confidence,pred_2,pred_2_confidence,pred_3,pred_3_confidence
Aberdeen,NNP,B-NP,B-ORG,B-ORG,0.8488942384719849,B-ORG,0.8488942384719849,I-ORG,0.10987868905067444,O,0.02561451680958271
15,CD,I-NP,O,O,0.9991315007209778,O,0.9991315007209778,I-ORG,0.000734128465410322,B-ORG,8.537860412616283e-05
7,CD,I-NP,O,O,0.9987528324127197,O,0.9987528324127197,I-ORG,0.0010732556693255901,B-ORG,0.00010645039583323523
4,CD,I-NP,O,O,0.9999009370803833,O,0.9999009370803833,I-ORG,8.09979101177305e-05,I-MISC,9.355547263112385e-06
4,CD,I-NP,O,O,0.9999632835388184,O,0.9999632835388184,I-ORG,2.46875988523243e-05,I-MISC,9.985427823266946e-06
28,CD,I-NP,O,O,0.9999397993087769,O,0.9999397993087769,I-MISC,3.056865170947276e-05,I-ORG,2.813858191075269e-05
19,CD,I-NP,O,O,0.9993749260902405,O,0.9993749260902405,I-MISC,0.00032449449645355344,I-ORG,0.0002545782190281898
25,CD,I-NP,O,O,0.9999635219573975,O,0.9999635219573975,I-MISC,2.1736199414590374e-05,I-ORG,1.3667689927387983e-05
