0,1,2,3,predictions,confidence,pred_1,pred_1_confidence,pred_2,pred_2_confidence,pred_3,pred_3_confidence
Hearts,NNPS,B-NP,B-ORG,B-ORG,0.8569627404212952,B-ORG,0.8569627404212952,I-ORG,0.12983021140098572,O,0.004464118275791407
15,CD,I-NP,O,O,0.9986178874969482,O,0.9986178874969482,I-ORG,0.0011627040803432465,B-ORG,0.00011657422874122858
5,CD,I-NP,O,O,0.9995254278182983,O,0.9995254278182983,I-ORG,0.0003913833643309772,B-ORG,4.754960900754668e-05
6,CD,I-NP,O,O,0.9995272159576416,O,0.9995272159576416,I-ORG,0.0003979510220233351,I-MISC,4.0590537537354976e-05
4,CD,I-NP,O,O,0.9999675750732422,O,0.9999675750732422,I-ORG,2.2982387235970236e-05,I-MISC,7.240500508487457e-06
18,CD,I-NP,O,O,0.9998716115951538,O,0.9998716115951538,I-MISC,6.190931890159845e-05,I-ORG,6.150708213681355e-05
19,CD,I-NP,O,O,0.9993195533752441,O,0.9993195533752441,I-ORG,0.0005087940371595323,I-MISC,0.0001163147680927068
21,CD,I-NP,O,O,0.9999946355819702,O,0.9999946355819702,I-ORG,3.0739049634576077e-06,I-MISC,2.1041385025455384e-06
