0,1,2,3,predictions,confidence,pred_1,pred_1_confidence,pred_2,pred_2_confidence,pred_3,pred_3_confidence
Hibernian,NN,B-NP,B-ORG,B-ORG,0.7502647638320923,B-ORG,0.7502647638320923,I-ORG,0.13517123460769653,B-MISC,0.04630701243877411
15,CD,I-NP,O,O,0.9996215105056763,O,0.9996215105056763,I-ORG,0.0003069785889238119,I-MISC,4.143874321016483e-05
5,CD,I-NP,O,O,0.9998074173927307,O,0.9998074173927307,I-ORG,0.00015361160330940038,I-MISC,2.2865644496050663e-05
3,CD,I-NP,O,O,0.999954342842102,O,0.999954342842102,I-ORG,3.219899735995568e-05,I-MISC,1.055460779753048e-05
7,CD,I-NP,O,O,0.9998146891593933,O,0.9998146891593933,I-ORG,0.00010220223339274526,I-MISC,7.628081948496401e-05
16,CD,I-NP,O,O,0.9994192123413086,O,0.9994192123413086,I-MISC,0.0003093035484198481,I-ORG,0.0002516387903597206
25,CD,I-NP,O,O,0.9999697208404541,O,0.9999697208404541,I-MISC,2.1887604816583917e-05,I-ORG,7.392805855488405e-06
18,CD,I-NP,O,O,0.9998632669448853,O,0.9998632669448853,I-MISC,9.349687752546743e-05,I-ORG,3.111079422524199e-05
