0,1,2,3,predictions,confidence,pred_1,pred_1_confidence,pred_2,pred_2_confidence,pred_3,pred_3_confidence
Dundee,NNP,B-NP,B-ORG,B-ORG,0.7073314189910889,B-ORG,0.7073314189910889,I-ORG,0.19391267001628876,O,0.036983832716941833
United,NNP,I-NP,I-ORG,I-ORG,0.7593654990196228,B-ORG,0.7593654990196228,I-ORG,0.177194744348526,O,0.020236432552337646
15,CD,I-NP,O,O,0.9991744160652161,O,0.9991744160652161,I-ORG,0.0007011128473095596,B-ORG,7.387888035736978e-05
4,CD,I-NP,O,O,0.9999514818191528,O,0.9999514818191528,I-ORG,3.840096542262472e-05,I-MISC,5.438017979031429e-06
5,CD,I-NP,O,O,0.9999203681945801,O,0.9999203681945801,I-ORG,5.264829087536782e-05,I-MISC,2.2916368834557943e-05
6,CD,I-NP,O,O,0.9999059438705444,O,0.9999059438705444,I-MISC,4.950846414430998e-05,I-ORG,3.800542253884487e-05
17,CD,I-NP,O,O,0.9995816349983215,O,0.9995816349983215,I-MISC,0.00024121972091961652,I-ORG,0.0001222720748046413
17,CD,I-NP,O,O,0.9994276165962219,O,0.9994276165962219,I-MISC,0.0003208092530258,I-ORG,0.0001901647774502635
17,CD,I-NP,O,O,0.9991175532341003,O,0.9991175532341003,I-MISC,0.00047206939780153334,I-ORG,0.0003380963462404907
