0,1,2,3,predictions,confidence,pred_1,pred_1_confidence,pred_2,pred_2_confidence,pred_3,pred_3_confidence
Motherwell,NNP,B-NP,B-ORG,B-ORG,0.871437132358551,B-ORG,0.871437132358551,I-ORG,0.09472630172967911,O,0.01614021696150303
15,CD,I-NP,O,O,0.9994082450866699,O,0.9994082450866699,I-ORG,0.000499348680023104,B-ORG,5.458654777612537e-05
4,CD,I-NP,O,O,0.9999501705169678,O,0.9999501705169678,I-ORG,3.928698424715549e-05,I-MISC,5.424626124295173e-06
5,CD,I-NP,O,O,0.9999058246612549,O,0.9999058246612549,I-ORG,6.67455606162548e-05,I-MISC,2.2057733076508157e-05
6,CD,I-NP,O,O,0.9999194145202637,O,0.9999194145202637,I-ORG,4.313233512220904e-05,I-MISC,3.402615402592346e-05
17,CD,I-NP,O,O,0.9997444748878479,O,0.9997444748878479,I-MISC,0.00014992791693657637,I-ORG,9.606437379261479e-05
23,CD,I-NP,O,O,0.9999909400939941,O,0.9999909400939941,I-MISC,5.146252533450024e-06,I-ORG,3.8071575545473024e-06
17,CD,I-NP,O,O,0.9985194802284241,O,0.9985194802284241,I-MISC,0.0008341317879967391,I-ORG,0.0005554836825467646
