0,1,2,3,predictions,confidence,pred_1,pred_1_confidence,pred_2,pred_2_confidence,pred_3,pred_3_confidence
Raith,NNS,B-NP,B-ORG,B-ORG,0.8725939989089966,B-ORG,0.8725939989089966,I-ORG,0.11368531733751297,B-MISC,0.005009064916521311
15,CD,I-NP,O,O,0.9980871677398682,O,0.9980871677398682,I-ORG,0.001591377891600132,B-ORG,0.0002347622939851135
3,CD,I-NP,O,O,0.9998252987861633,O,0.9998252987861633,I-ORG,0.00013923677033744752,B-ORG,2.5622006432968192e-05
3,CD,I-NP,O,O,0.9998775720596313,O,0.9998775720596313,I-ORG,9.904080798150972e-05,B-ORG,1.4043555893294979e-05
9,CD,I-NP,O,O,0.9919255375862122,O,0.9919255375862122,I-ORG,0.004291587974876165,B-ORG,0.003247586078941822
14,CD,I-NP,O,O,0.9996877908706665,O,0.9996877908706665,I-ORG,0.000265863083768636,I-MISC,3.132496931357309e-05
27,CD,I-NP,O,O,0.9999784231185913,O,0.9999784231185913,I-ORG,1.696087019809056e-05,I-MISC,4.221077233523829e-06
12,CD,I-NP,O,O,0.999798595905304,O,0.999798595905304,I-ORG,0.00011611122317845002,I-MISC,7.9951154475566e-05
