0,1,2,3,predictions,confidence,pred_1,pred_1_confidence,pred_2,pred_2_confidence,pred_3,pred_3_confidence
Kilmarnock,NN,B-NP,B-ORG,B-ORG,0.9102542996406555,B-ORG,0.9102542996406555,I-ORG,0.07787219434976578,B-MISC,0.002536974148824811
14,CD,I-NP,O,O,0.9993900060653687,O,0.9993900060653687,I-ORG,0.0005281173507682979,B-ORG,5.272902853903361e-05
3,CD,I-NP,O,O,0.9997792840003967,O,0.9997792840003967,I-ORG,0.0001832490524975583,B-ORG,2.070726259262301e-05
2,CD,I-NP,O,O,0.9998661279678345,O,0.9998661279678345,I-ORG,0.00010555514018051326,I-MISC,1.7897347788675688e-05
9,CD,I-NP,O,O,0.9970567226409912,O,0.9970567226409912,I-ORG,0.0014521946432068944,I-MISC,0.0007950987201184034
17,CD,I-NP,O,O,0.9994603991508484,O,0.9994603991508484,I-ORG,0.0002963017614092678,I-MISC,0.0002278072788612917
29,CD,I-NP,O,O,0.9997294545173645,O,0.9997294545173645,I-ORG,0.00017712489352561533,I-MISC,8.651812095195055e-05
11,CD,I-NP,O,O,0.9982097148895264,O,0.9982097148895264,I-ORG,0.000906951492652297,I-MISC,0.0008113989606499672
