0,1,2,3,predictions,confidence,pred_1,pred_1_confidence,pred_2,pred_2_confidence,pred_3,pred_3_confidence
Falkirk,NN,B-NP,B-ORG,B-ORG,0.7547196745872498,B-ORG,0.7547196745872498,I-ORG,0.10023291409015656,B-PER,0.05027766525745392
17,CD,I-NP,O,O,0.9985414743423462,O,0.9985414743423462,I-ORG,0.001144467038102448,I-MISC,0.00022508228721562773
9,CD,I-NP,O,O,0.9841395616531372,O,0.9841395616531372,I-ORG,0.008940479718148708,B-ORG,0.005879659671336412
2,CD,I-NP,O,O,0.999826967716217,O,0.999826967716217,I-ORG,0.0001338388246949762,I-MISC,2.8532667784020305e-05
6,CD,I-NP,O,O,0.9998281002044678,O,0.9998281002044678,I-ORG,8.899653039406985e-05,I-MISC,7.709077908657491e-05
18,CD,I-NP,O,O,0.9998651742935181,O,0.9998651742935181,I-MISC,9.284628322347999e-05,I-ORG,3.698227374115959e-05
15,CD,I-NP,O,O,0.9998679161071777,O,0.9998679161071777,I-ORG,8.677828009240329e-05,I-MISC,4.097145574633032e-05
29,CD,I-NP,O,O,0.999804675579071,O,0.999804675579071,I-ORG,0.0001011485728668049,I-MISC,8.851190068526193e-05
