0,1,2,3,predictions,confidence,pred_1,pred_1_confidence,pred_2,pred_2_confidence,pred_3,pred_3_confidence
Airdrieonians,NNPS,B-NP,B-ORG,B-ORG,0.6943009495735168,B-ORG,0.6943009495735168,I-ORG,0.20347659289836884,O,0.041441407054662704
16,CD,I-NP,O,O,0.9926249384880066,O,0.9926249384880066,I-ORG,0.006272729951888323,B-ORG,0.0007022651843726635
6,CD,I-NP,O,O,0.9987733960151672,O,0.9987733960151672,I-ORG,0.0010185291757807136,B-ORG,0.0001345808559563011
8,CD,I-NP,O,O,0.9979878664016724,O,0.9979878664016724,I-ORG,0.001619301619939506,B-ORG,0.000226438365643844
2,CD,I-NP,O,O,0.999924898147583,O,0.999924898147583,I-ORG,5.4515116062248126e-05,I-MISC,1.572887231304776e-05
26,CD,B-NP,O,O,0.9999833106994629,O,0.9999833106994629,I-MISC,9.061348464456387e-06,I-ORG,7.282636488525895e-06
16,CD,I-NP,O,O,0.999442994594574,O,0.999442994594574,I-ORG,0.0003153002180624753,I-MISC,0.0002238209272036329
26,CD,B-NP,O,O,0.9999842643737793,O,0.9999842643737793,I-MISC,9.68621316133067e-06,I-ORG,5.723560207115952e-06
