0,1,2,3,predictions,confidence,pred_1,pred_1_confidence,pred_2,pred_2_confidence,pred_3,pred_3_confidence
Dundee,NNP,B-NP,B-ORG,B-ORG,0.8055181503295898,B-ORG,0.8055181503295898,I-ORG,0.16322584450244904,O,0.01734662987291813
16,CD,I-NP,O,O,0.9928557872772217,O,0.9928557872772217,I-ORG,0.006059454288333654,B-ORG,0.0007222228450700641
7,CD,I-NP,O,O,0.998019814491272,O,0.998019814491272,I-ORG,0.0016384318005293608,B-ORG,0.00024116849817801267
5,CD,I-NP,O,O,0.9994353652000427,O,0.9994353652000427,I-ORG,0.0004705950559582561,B-ORG,6.38547571725212e-05
4,CD,I-NP,O,O,0.9999405145645142,O,0.9999405145645142,I-ORG,4.7886467655189335e-05,B-ORG,5.978195076750126e-06
12,CD,I-NP,O,O,0.9998784065246582,O,0.9998784065246582,I-ORG,9.765083814272657e-05,I-MISC,1.8478098354535177e-05
8,CD,I-NP,O,O,0.9997723698616028,O,0.9997723698616028,I-ORG,0.00012751200119964778,I-MISC,8.695023279869929e-05
26,CD,B-NP,O,O,0.9999866485595703,O,0.9999866485595703,I-MISC,8.599463399150409e-06,I-ORG,4.403202183311805e-06
