0,1,2,3,predictions,confidence,pred_1,pred_1_confidence,pred_2,pred_2_confidence,pred_3,pred_3_confidence
Partick,NNP,B-NP,B-ORG,B-ORG,0.8483434915542603,B-ORG,0.8483434915542603,I-ORG,0.12847693264484406,O,0.01244720071554184
16,CD,I-NP,O,O,0.9948219060897827,O,0.9948219060897827,I-ORG,0.0044587948359549046,B-ORG,0.00045816428610123694
6,CD,I-NP,O,O,0.9987857937812805,O,0.9987857937812805,I-ORG,0.0010218936949968338,B-ORG,0.0001282003941014409
6,CD,I-NP,O,O,0.9991782307624817,O,0.9991782307624817,I-ORG,0.0007045671227388084,B-ORG,6.904991460032761e-05
4,CD,I-NP,O,O,0.9999266862869263,O,0.9999266862869263,I-ORG,5.885983773623593e-05,I-MISC,7.917892617115285e-06
23,CD,I-NP,O,O,0.9999788999557495,O,0.9999788999557495,I-ORG,1.6475742086186074e-05,I-MISC,4.21335744249518e-06
16,CD,I-NP,O,O,0.9978419542312622,O,0.9978419542312622,I-ORG,0.0016527152620255947,I-MISC,0.0004413521965034306
24,CD,I-NP,O,O,0.9999103546142578,O,0.9999103546142578,I-ORG,5.326525933924131e-05,I-MISC,3.483975160634145e-05
