0,1,2,3,predictions,confidence,pred_1,pred_1_confidence,pred_2,pred_2_confidence,pred_3,pred_3_confidence
St,NNP,B-NP,B-ORG,B-ORG,0.7610202431678772,B-ORG,0.7610202431678772,I-ORG,0.19377082586288452,O,0.02052145078778267
Mirren,NNP,I-NP,I-ORG,I-ORG,0.8722371459007263,B-ORG,0.8722371459007263,I-ORG,0.11273343116044998,I-MISC,0.004182844422757626
16,CD,I-NP,O,O,0.9787832498550415,O,0.9787832498550415,I-ORG,0.01853089965879917,B-ORG,0.0017407957930117846
7,CD,I-NP,O,O,0.9944649338722229,O,0.9944649338722229,I-ORG,0.004729380365461111,B-ORG,0.0005543374572880566
2,CD,I-NP,O,O,0.9995535016059875,O,0.9995535016059875,I-ORG,0.0003681634261738509,B-ORG,4.730082946480252e-05
7,CD,I-NP,O,O,0.998499870300293,O,0.998499870300293,I-ORG,0.0012706624111160636,I-MISC,0.00014596023538615555
22,CD,I-NP,O,O,0.9999732971191406,O,0.9999732971191406,I-ORG,2.291163764311932e-05,I-MISC,3.120644123555394e-06
21,CD,I-NP,O,O,0.9999912977218628,O,0.9999912977218628,I-ORG,6.5064173213613685e-06,I-MISC,1.9375518149900017e-06
23,CD,I-NP,O,O,0.9999918937683105,O,0.9999918937683105,I-MISC,4.485829322220525e-06,I-ORG,3.3930996323761065e-06
