0,1,2,3,predictions,confidence,pred_1,pred_1_confidence,pred_2,pred_2_confidence,pred_3,pred_3_confidence
Greenock,NNP,B-NP,B-ORG,B-ORG,0.8674843311309814,B-ORG,0.8674843311309814,I-ORG,0.11166512966156006,B-MISC,0.006762317381799221
Morton,NNP,I-NP,I-ORG,I-ORG,0.8405769467353821,B-ORG,0.8405769467353821,I-ORG,0.13299430906772614,I-MISC,0.005962905008345842
16,CD,I-NP,O,O,0.9903451800346375,O,0.9903451800346375,I-ORG,0.008480788208544254,B-ORG,0.0006925155757926404
6,CD,I-NP,O,O,0.99842369556427,O,0.99842369556427,I-ORG,0.001349218306131661,B-ORG,0.00014032227045390755
4,CD,I-NP,O,O,0.9999233484268188,O,0.9999233484268188,I-ORG,6.088763984735124e-05,I-MISC,8.840822374622803e-06
6,CD,I-NP,O,O,0.9997342228889465,O,0.9997342228889465,I-ORG,0.0001850886328611523,I-MISC,6.851965008536354e-05
17,CD,I-NP,O,O,0.9994321465492249,O,0.9994321465492249,I-ORG,0.0003360628616064787,I-MISC,0.00021384628780651838
16,CD,I-NP,O,O,0.9985377788543701,O,0.9985377788543701,I-ORG,0.0011065201833844185,I-MISC,0.00030666179372929037
22,CD,I-NP,O,O,0.9999897480010986,O,0.9999897480010986,I-ORG,5.56627128389664e-06,I-MISC,4.463615823624423e-06
