0,1,2,3,predictions,confidence,pred_1,pred_1_confidence,pred_2,pred_2_confidence,pred_3,pred_3_confidence
Stirling,NNP,B-NP,B-ORG,B-ORG,0.7187381982803345,B-ORG,0.7187381982803345,I-ORG,0.16298304498195648,O,0.09560389071702957
16,CD,I-NP,O,O,0.9965654015541077,O,0.9965654015541077,I-ORG,0.0029354747384786606,B-ORG,0.00029286101926118135
3,CD,I-NP,O,O,0.9998574256896973,O,0.9998574256896973,I-ORG,0.0001136805149144493,B-ORG,1.468098798795836e-05
3,CD,I-NP,O,O,0.9999610185623169,O,0.9999610185623169,I-ORG,2.7888663680641912e-05,I-MISC,8.376242476515472e-06
10,CD,I-NP,O,O,0.999897837638855,O,0.999897837638855,I-ORG,5.146467810845934e-05,I-MISC,4.6947330702096224e-05
18,CD,I-NP,O,O,0.9998513460159302,O,0.9998513460159302,I-MISC,7.916281174402684e-05,I-ORG,6.209662387846038e-05
33,CD,I-NP,O,O,0.9998958110809326,O,0.9998958110809326,I-ORG,7.357462891377509e-05,I-MISC,2.8672719054156914e-05
12,CD,I-NP,O,O,0.9998679161071777,O,0.9998679161071777,I-ORG,7.849197572795674e-05,I-MISC,4.908160917693749e-05
