0,1,2,3,predictions,confidence,pred_1,pred_1_confidence,pred_2,pred_2_confidence,pred_3,pred_3_confidence
East,NNP,B-NP,B-ORG,B-ORG,0.7589582800865173,B-ORG,0.7589582800865173,I-ORG,0.20314441621303558,I-MISC,0.01117508765310049
Fife,NNP,I-NP,I-ORG,I-ORG,0.5990244746208191,B-ORG,0.5990244746208191,I-ORG,0.37673085927963257,I-MISC,0.010527332313358784
14,CD,I-NP,O,O,0.9927738904953003,O,0.9927738904953003,I-ORG,0.0065307472832500935,B-ORG,0.0004202818963676691
1,CD,I-NP,O,O,0.9977484345436096,O,0.9977484345436096,I-ORG,0.001718947198241949,B-ORG,0.0003684682014863938
4,CD,I-NP,O,O,0.9998953342437744,O,0.9998953342437744,I-ORG,8.109360351227224e-05,I-MISC,1.8175613149651326e-05
9,CD,I-NP,O,O,0.9987200498580933,O,0.9987200498580933,I-ORG,0.0005313558503985405,I-MISC,0.0005188401555642486
10,CD,I-NP,O,O,0.9999071359634399,O,0.9999071359634399,I-MISC,6.562761700479314e-05,I-ORG,2.2975302272243425e-05
35,CD,I-NP,O,O,0.9999701976776123,O,0.9999701976776123,I-MISC,2.166816921089776e-05,I-ORG,6.386653240042506e-06
7,CD,I-NP,O,O,0.9998301267623901,O,0.9998301267623901,I-MISC,9.030368528328836e-05,I-ORG,7.250578346429393e-05
