0,1,2,3,predictions,confidence,pred_1,pred_1_confidence,pred_2,pred_2_confidence,pred_3,pred_3_confidence
Livingston,NNP,B-NP,B-ORG,B-ORG,0.8849989771842957,B-ORG,0.8849989771842957,I-ORG,0.09474798291921616,O,0.009552931413054466
16,CD,I-NP,O,O,0.994623064994812,O,0.994623064994812,I-ORG,0.004618395585566759,B-ORG,0.0005268375971354544
10,CD,I-NP,O,O,0.9988803267478943,O,0.9988803267478943,I-ORG,0.0009547470253892243,B-ORG,0.00011312536662444472
4,CD,I-NP,O,O,0.9999165534973145,O,0.9999165534973145,I-ORG,6.777203816454858e-05,B-ORG,9.824254448176362e-06
2,CD,I-NP,O,O,0.9999256134033203,O,0.9999256134033203,I-ORG,5.850145316799171e-05,I-MISC,8.765745405980852e-06
27,CD,I-NP,O,O,0.999991774559021,O,0.999991774559021,I-ORG,6.023604782967595e-06,I-MISC,1.981335572054377e-06
13,CD,I-NP,O,O,0.9999626874923706,O,0.9999626874923706,I-MISC,1.942785456776619e-05,I-ORG,1.6916841559577733e-05
34,CD,I-NP,O,O,0.9999344348907471,O,0.9999344348907471,I-MISC,3.9908423786982894e-05,I-ORG,2.3409143977914937e-05
