0,1,2,3,predictions,confidence,pred_1,pred_1_confidence,pred_2,pred_2_confidence,pred_3,pred_3_confidence
Hamilton,NNP,B-NP,B-ORG,B-ORG,0.8303374648094177,B-ORG,0.8303374648094177,I-ORG,0.10700087249279022,B-PER,0.015162008814513683
15,CD,I-NP,O,O,0.9994109869003296,O,0.9994109869003296,I-ORG,0.0004910530988126993,B-ORG,5.252395567367785e-05
9,CD,I-NP,O,O,0.990946888923645,O,0.990946888923645,I-ORG,0.004833446815609932,B-ORG,0.003696793457493186
4,CD,I-NP,O,O,0.9999549388885498,O,0.9999549388885498,I-ORG,3.4942931961268187e-05,I-MISC,6.70594045004691e-06
2,CD,I-NP,O,O,0.9999802112579346,O,0.9999802112579346,I-ORG,9.967366167984437e-06,I-MISC,8.883888767741155e-06
31,CD,I-NP,O,O,0.9999895095825195,O,0.9999895095825195,I-MISC,8.533696927770507e-06,I-ORG,1.7008834447551635e-06
11,CD,I-NP,O,O,0.9998743534088135,O,0.9998743534088135,I-MISC,8.044780406635255e-05,I-ORG,3.9275240851566195e-05
31,CD,I-NP,O,O,0.9999867677688599,O,0.9999867677688599,I-MISC,9.63722777669318e-06,I-ORG,3.072204663112643e-06
