0,1,2,3,predictions,confidence,pred_1,pred_1_confidence,pred_2,pred_2_confidence,pred_3,pred_3_confidence
Stenhousemuir,NNP,B-NP,B-ORG,B-ORG,0.788817286491394,B-ORG,0.788817286491394,I-ORG,0.13201166689395905,O,0.05811957269906998
15,CD,I-NP,O,O,0.9994296431541443,O,0.9994296431541443,I-ORG,0.0004805897769983858,B-ORG,5.244659769232385e-05
4,CD,I-NP,O,O,0.999953031539917,O,0.999953031539917,I-ORG,3.6981891753384843e-05,I-MISC,5.250908543530386e-06
5,CD,I-NP,O,O,0.9999169111251831,O,0.9999169111251831,I-ORG,5.831879025208764e-05,I-MISC,2.0092216800549068e-05
6,CD,I-NP,O,O,0.999936580657959,O,0.999936580657959,I-ORG,3.394017039681785e-05,I-MISC,2.693020178412553e-05
18,CD,I-NP,O,O,0.9999264478683472,O,0.9999264478683472,I-MISC,4.5504388253903016e-05,I-ORG,2.4954162654466927e-05
12,CD,I-NP,O,O,0.9999421834945679,O,0.9999421834945679,I-ORG,2.9780143449897878e-05,I-MISC,2.5910945623763837e-05
17,CD,I-NP,O,O,0.9996291399002075,O,0.9996291399002075,I-MISC,0.000219782828935422,I-ORG,0.0001233225193573162
