0,1,2,3,predictions,confidence,pred_1,pred_1_confidence,pred_2,pred_2_confidence,pred_3,pred_3_confidence
Stranraer,NNP,B-NP,B-ORG,B-ORG,0.7928682565689087,B-ORG,0.7928682565689087,I-ORG,0.1393873691558838,O,0.05098685994744301
15,CD,I-NP,O,O,0.9992443323135376,O,0.9992443323135376,I-ORG,0.0006378755788318813,B-ORG,7.550290320068598e-05
5,CD,I-NP,O,O,0.999581515789032,O,0.999581515789032,I-ORG,0.0003489513765089214,B-ORG,4.6040662709856406e-05
2,CD,I-NP,O,O,0.999870777130127,O,0.999870777130127,I-ORG,0.00010481263598194346,B-ORG,1.3857721569365822e-05
8,CD,I-NP,O,O,0.9989080429077148,O,0.9989080429077148,I-ORG,0.0008791802683845162,I-MISC,0.00011030404129996896
13,CD,I-NP,O,O,0.9999291896820068,O,0.9999291896820068,I-ORG,5.543946463149041e-05,I-MISC,1.263245940208435e-05
21,CD,I-NP,O,O,0.9999926090240479,O,0.9999926090240479,I-ORG,4.036985501443269e-06,I-MISC,3.165793941661832e-06
17,CD,I-NP,O,O,0.9996757507324219,O,0.9996757507324219,I-MISC,0.00020013208268210292,I-ORG,0.00010244514851365238
