0,1,2,3,predictions,confidence,pred_1,pred_1_confidence,pred_2,pred_2_confidence,pred_3,pred_3_confidence
Dumbarton,NN,B-NP,B-ORG,B-ORG,0.9071317911148071,B-ORG,0.9071317911148071,I-ORG,0.08067072182893753,O,0.00438653351739049
16,CD,I-NP,O,O,0.9953563809394836,O,0.9953563809394836,I-ORG,0.004011337645351887,B-ORG,0.00045651334221474826
4,CD,I-NP,O,O,0.9998831748962402,O,0.9998831748962402,I-ORG,9.436074469704181e-05,B-ORG,1.4331413694890216e-05
4,CD,I-NP,O,O,0.9999772310256958,O,0.9999772310256958,I-ORG,1.7131134882220067e-05,I-MISC,3.4818747280951357e-06
8,CD,I-NP,O,O,0.9998252987861633,O,0.9998252987861633,I-ORG,9.511263488093391e-05,I-MISC,6.84172919136472e-05
18,CD,I-NP,O,O,0.999945878982544,O,0.999945878982544,I-MISC,3.509507223498076e-05,I-ORG,1.6760661310399882e-05
29,CD,I-NP,O,O,0.9999006986618042,O,0.9999006986618042,I-ORG,6.591188866877928e-05,I-MISC,3.0004026484675705e-05
16,CD,I-NP,O,O,0.9991305470466614,O,0.9991305470466614,I-ORG,0.0004611872136592865,I-MISC,0.0003766667505260557
