0,1,2,3,predictions,confidence,pred_1,pred_1_confidence,pred_2,pred_2_confidence,pred_3,pred_3_confidence
Brechin,NN,B-NP,B-ORG,B-ORG,0.881530225276947,B-ORG,0.881530225276947,I-ORG,0.08651378005743027,B-MISC,0.015020853839814663
16,CD,I-NP,O,O,0.9953019618988037,O,0.9953019618988037,I-ORG,0.004031428135931492,B-ORG,0.0004310684744268656
3,CD,I-NP,O,O,0.9997290968894958,O,0.9997290968894958,I-ORG,0.0002185798657592386,B-ORG,3.216792902094312e-05
6,CD,I-NP,O,O,0.9993933439254761,O,0.9993933439254761,I-ORG,0.0005058760289102793,I-MISC,5.440305903903209e-05
7,CD,I-NP,O,O,0.9989010095596313,O,0.9989010095596313,I-ORG,0.0009202828514389694,I-MISC,0.00011525161971803755
14,CD,I-NP,O,O,0.9995519518852234,O,0.9995519518852234,I-ORG,0.00037451842217706144,I-MISC,5.706022784579545e-05
20,CD,I-NP,O,O,0.9999361038208008,O,0.9999361038208008,I-ORG,4.3726733565563336e-05,I-MISC,1.899122798931785e-05
15,CD,I-NP,O,O,0.9997473359107971,O,0.9997473359107971,I-ORG,0.00012551831605378538,I-MISC,0.00011918132804566994
