0,1,2,3,predictions,confidence,pred_1,pred_1_confidence,pred_2,pred_2_confidence,pred_3,pred_3_confidence
Berwick,NNP,B-NP,B-ORG,B-ORG,0.8663812875747681,B-ORG,0.8663812875747681,I-ORG,0.1161656379699707,B-MISC,0.006059077102690935
16,CD,I-NP,O,O,0.9941207766532898,O,0.9941207766532898,I-ORG,0.005075980443507433,B-ORG,0.000601938518229872
1,CD,I-NP,O,O,0.9983348250389099,O,0.9983348250389099,I-ORG,0.0011424680706113577,B-ORG,0.0004386510408949107
3,CD,I-NP,O,O,0.9997428059577942,O,0.9997428059577942,I-ORG,0.0002127321931766346,B-ORG,2.2923424694454297e-05
12,CD,I-NP,O,O,0.9996217489242554,O,0.9996217489242554,I-ORG,0.00032147683668881655,I-MISC,3.78653421648778e-05
16,CD,I-NP,O,O,0.9973721504211426,O,0.9973721504211426,I-ORG,0.002173531334847212,I-MISC,0.0003526586515363306
41,CD,I-NP,O,O,0.9998773336410522,O,0.9998773336410522,I-ORG,9.287495049647987e-05,I-MISC,2.6219851861242205e-05
6,CD,I-NP,O,O,0.9998220801353455,O,0.9998220801353455,I-ORG,9.621843491913751e-05,I-MISC,7.323871977860108e-05
