0,1,2,3,predictions,confidence,pred_1,pred_1_confidence,pred_2,pred_2_confidence,pred_3,pred_3_confidence
Inverness,NNP,B-NP,B-ORG,B-ORG,0.703982949256897,B-ORG,0.703982949256897,I-ORG,0.13868741691112518,O,0.11484549194574356
Thistle,NNP,I-NP,I-ORG,I-ORG,0.6085586547851562,B-ORG,0.6085586547851562,O,0.18869392573833466,I-ORG,0.17999477684497833
16,CD,I-NP,O,O,0.9948446750640869,O,0.9948446750640869,I-ORG,0.0044627003371715546,B-ORG,0.00037910990067757666
8,CD,I-NP,O,O,0.9963515996932983,O,0.9963515996932983,I-ORG,0.0029272071551531553,B-ORG,0.00046466648927889764
5,CD,I-NP,O,O,0.9995988011360168,O,0.9995988011360168,I-ORG,0.00032811795244924724,I-MISC,4.0184771933127195e-05
3,CD,I-NP,O,O,0.9999231100082397,O,0.9999231100082397,I-ORG,5.669183883583173e-05,I-MISC,1.491505008743843e-05
28,CD,I-NP,O,O,0.9998742341995239,O,0.9998742341995239,I-ORG,8.692270057508722e-05,I-MISC,3.620596180553548e-05
20,CD,I-NP,O,O,0.9999663829803467,O,0.9999663829803467,I-ORG,2.3403732484439388e-05,I-MISC,9.519652849121485e-06
29,CD,I-NP,O,O,0.9997037053108215,O,0.9997037053108215,I-ORG,0.000157555885380134,I-MISC,0.00013036653399467468
