0,1,2,3,predictions,confidence,pred_1,pred_1_confidence,pred_2,pred_2_confidence,pred_3,pred_3_confidence
Alloa,NN,B-NP,B-ORG,B-ORG,0.8793501257896423,B-ORG,0.8793501257896423,I-ORG,0.09393785893917084,B-LOC,0.006782720796763897
16,CD,I-NP,O,O,0.994637668132782,O,0.994637668132782,I-ORG,0.004601291846483946,B-ORG,0.0005124344606883824
7,CD,I-NP,O,O,0.9982176423072815,O,0.9982176423072815,I-ORG,0.0015047478955239058,B-ORG,0.00019449269166216254
4,CD,I-NP,O,O,0.9998759031295776,O,0.9998759031295776,I-ORG,0.00010154955816688016,B-ORG,1.3573479009210132e-05
5,CD,I-NP,O,O,0.9996929168701172,O,0.9996929168701172,I-ORG,0.00025316973915323615,I-MISC,2.961247446364723e-05
24,CD,I-NP,O,O,0.9999196529388428,O,0.9999196529388428,I-ORG,6.895646220073104e-05,I-MISC,9.480639164394233e-06
21,CD,I-NP,O,O,0.9999897480010986,O,0.9999897480010986,I-ORG,6.533063242386561e-06,I-MISC,3.497620127745904e-06
25,CD,I-NP,O,O,0.9999504089355469,O,0.9999504089355469,I-MISC,2.9631939469254576e-05,I-ORG,1.8659726265468635e-05
