0,1,2,3,predictions,confidence,pred_1,pred_1_confidence,pred_2,pred_2_confidence,pred_3,pred_3_confidence
Albion,NNP,B-NP,B-ORG,B-ORG,0.8521543145179749,B-ORG,0.8521543145179749,I-ORG,0.1173781007528305,B-MISC,0.007521138526499271
16,CD,I-NP,O,O,0.9942600727081299,O,0.9942600727081299,I-ORG,0.004930165130645037,B-ORG,0.0005508022150024772
6,CD,I-NP,O,O,0.9986132383346558,O,0.9986132383346558,I-ORG,0.0011666727950796485,B-ORG,0.00015532245743088424
6,CD,I-NP,O,O,0.9989905953407288,O,0.9989905953407288,I-ORG,0.0008705115178599954,B-ORG,8.781028009252623e-05
4,CD,I-NP,O,O,0.999908447265625,O,0.999908447265625,I-ORG,7.469302363460883e-05,I-MISC,8.566386895836331e-06
21,CD,I-NP,O,O,0.9999886751174927,O,0.9999886751174927,I-ORG,8.203044671972748e-06,I-MISC,2.6702089144237107e-06
17,CD,I-NP,O,O,0.9996752738952637,O,0.9996752738952637,I-ORG,0.00017699880118016154,I-MISC,0.0001365117495879531
24,CD,I-NP,O,O,0.9999592304229736,O,0.9999592304229736,I-ORG,2.2799695216235705e-05,I-MISC,1.720919317449443e-05
