0,1,2,3,predictions,confidence,pred_1,pred_1_confidence,pred_2,pred_2_confidence,pred_3,pred_3_confidence
Cowdenbeath,VB,B-VP,B-ORG,B-ORG,0.766334056854248,B-ORG,0.766334056854248,I-ORG,0.14169587194919586,O,0.04385076463222504
15,CD,B-NP,O,O,0.9994675517082214,O,0.9994675517082214,I-ORG,0.00043797161197289824,I-MISC,4.836017615161836e-05
7,CD,I-NP,O,O,0.9990302324295044,O,0.9990302324295044,I-ORG,0.0008140214486047626,I-MISC,7.829080277588218e-05
3,CD,I-NP,O,O,0.9998162388801575,O,0.9998162388801575,I-ORG,0.00015045201871544123,I-MISC,1.8461572835803963e-05
5,CD,I-NP,O,O,0.9997244477272034,O,0.9997244477272034,I-ORG,0.00022099935449659824,I-MISC,3.743117849808186e-05
22,CD,I-NP,O,O,0.99998939037323,O,0.99998939037323,I-ORG,8.391231858695392e-06,I-MISC,2.051018782367464e-06
16,CD,I-NP,O,O,0.9991149306297302,O,0.9991149306297302,I-ORG,0.0006587972748093307,I-MISC,0.0001962998358067125
24,CD,I-NP,O,O,0.9999645948410034,O,0.9999645948410034,I-ORG,1.9975308532593772e-05,I-MISC,1.4706958609167486e-05
