0,1,2,3,predictions,confidence,pred_1,pred_1_confidence,pred_2,pred_2_confidence,pred_3,pred_3_confidence
Forfar,NNP,B-NP,B-ORG,B-ORG,0.660023033618927,B-ORG,0.660023033618927,I-ORG,0.18262465298175812,O,0.12557996809482574
15,CD,I-NP,O,O,0.999311089515686,O,0.999311089515686,I-ORG,0.00057671417016536,B-ORG,6.432652298826724e-05
6,CD,I-NP,O,O,0.9993796348571777,O,0.9993796348571777,I-ORG,0.0005261375335976481,B-ORG,5.4078598623164e-05
4,CD,I-NP,O,O,0.999942421913147,O,0.999942421913147,I-ORG,4.570313103613444e-05,I-MISC,6.941391802683938e-06
5,CD,I-NP,O,O,0.9999114274978638,O,0.9999114274978638,I-ORG,6.06445646553766e-05,I-MISC,2.3231910745380446e-05
26,CD,B-NP,O,O,0.9999890327453613,O,0.9999890327453613,I-ORG,6.66203868604498e-06,I-MISC,4.04558886657469e-06
24,CD,I-NP,O,O,0.9999711513519287,O,0.9999711513519287,I-ORG,2.146907900169026e-05,I-MISC,6.905302598170238e-06
22,CD,I-NP,O,O,0.9999929666519165,O,0.9999929666519165,I-MISC,3.552592716005165e-06,I-ORG,3.3071737561840564e-06
