0,1,2,3,predictions,confidence,pred_1,pred_1_confidence,pred_2,pred_2_confidence,pred_3,pred_3_confidence
Arbroath,NN,B-NP,B-ORG,B-ORG,0.8870501518249512,B-ORG,0.8870501518249512,I-ORG,0.09584561735391617,B-MISC,0.006368359085172415
16,CD,I-NP,O,O,0.9943652153015137,O,0.9943652153015137,I-ORG,0.0048582726158201694,B-ORG,0.0005692191189154983
2,CD,I-NP,O,O,0.9996277093887329,O,0.9996277093887329,I-ORG,0.00029990129405632615,B-ORG,5.18023589393124e-05
6,CD,I-NP,O,O,0.999338686466217,O,0.999338686466217,I-ORG,0.0005631885142065585,B-ORG,5.514557415153831e-05
8,CD,I-NP,O,O,0.9974809288978577,O,0.9974809288978577,I-ORG,0.00207872549071908,B-ORG,0.00024304671387653798
12,CD,I-NP,O,O,0.9996224641799927,O,0.9996224641799927,I-ORG,0.0003208504058420658,I-MISC,3.935197673854418e-05
23,CD,I-NP,O,O,0.9999796152114868,O,0.9999796152114868,I-ORG,1.537101161375176e-05,I-MISC,4.617027570930077e-06
12,CD,I-NP,O,O,0.999646782875061,O,0.999646782875061,I-ORG,0.00021657990873791277,I-MISC,0.0001273451780434698
