0,1,2,3,predictions,confidence,pred_1,pred_1_confidence,pred_2,pred_2_confidence,pred_3,pred_3_confidence
East,NNP,B-NP,B-ORG,B-ORG,0.6119585037231445,B-ORG,0.6119585037231445,I-ORG,0.21806927025318146,B-LOC,0.062339138239622116
Stirling,NNP,I-NP,I-ORG,I-ORG,0.7184768319129944,B-ORG,0.7184768319129944,I-ORG,0.2531868517398834,O,0.009487815201282501
16,CD,I-NP,O,O,0.9701783061027527,O,0.9701783061027527,I-ORG,0.026556968688964844,B-ORG,0.0020741266198456287
2,CD,I-NP,O,O,0.9986078143119812,O,0.9986078143119812,I-ORG,0.001166953006759286,B-ORG,0.00013964014942757785
5,CD,I-NP,O,O,0.9994776844978333,O,0.9994776844978333,I-ORG,0.00043290358735248446,I-MISC,5.0166570872534066e-05
9,CD,I-NP,O,O,0.994041383266449,O,0.994041383266449,I-ORG,0.0034332515206187963,B-ORG,0.0017549896147102118
14,CD,I-NP,O,O,0.9997454285621643,O,0.9997454285621643,I-ORG,0.00018146971706300974,I-MISC,6.575739098479971e-05
25,CD,I-NP,O,O,0.9999439716339111,O,0.9999439716339111,I-ORG,2.839988337655086e-05,I-MISC,2.6677746063796803e-05
11,CD,I-NP,O,O,0.9988682270050049,O,0.9988682270050049,I-ORG,0.0005554204108193517,I-MISC,0.0005298231262713671
