0,1,2,3,predictions,confidence,pred_1,pred_1_confidence,pred_2,pred_2_confidence,pred_3,pred_3_confidence
SOCCER,NN,B-NP,O,O,0.7021644711494446,O,0.7021644711494446,B-MISC,0.1061277911067009,I-MISC,0.10213899612426758
-,:,O,O,O,0.9997022747993469,O,0.9997022747993469,I-MISC,0.00021261608344502747,I-ORG,4.51465675723739e-05
ENGLISH,JJ,B-NP,B-MISC,B-MISC,0.5091638565063477,B-MISC,0.5091638565063477,O,0.19917604327201843,I-MISC,0.1568116545677185
LEAGUE,NN,I-NP,O,O,0.6428250074386597,O,0.6428250074386597,B-MISC,0.1319926530122757,I-MISC,0.08236414939165115
STANDINGS,NNS,I-NP,O,O,0.9814055562019348,O,0.9814055562019348,B-MISC,0.006103979889303446,I-MISC,0.005330346524715424
.,.,O,O,O,0.9999915361404419,O,0.9999915361404419,I-MISC,4.334593995736213e-06,I-ORG,1.7618008314457256e-06
