0,1,2,3,predictions,confidence,pred_1,pred_1_confidence,pred_2,pred_2_confidence,pred_3,pred_3_confidence
LONDON,NNP,B-NP,B-LOC,B-LOC,0.8178620934486389,B-LOC,0.8178620934486389,B-PER,0.12503495812416077,I-PER,0.014675316400825977
1996-12-07,CD,I-NP,O,O,0.9999673366546631,O,0.9999673366546631,I-MISC,1.5068134416651446e-05,I-ORG,1.0071138603962027e-05
Standings,NNS,B-NP,O,O,0.8484470844268799,O,0.8484470844268799,B-PER,0.04882706701755524,B-MISC,0.04722811281681061
in,IN,B-PP,O,O,0.9997403025627136,O,0.9997403025627136,I-MISC,0.00020222461898811162,B-MISC,2.8531856514746323e-05
English,JJ,B-NP,B-MISC,B-MISC,0.8578585982322693,B-MISC,0.8578585982322693,I-MISC,0.08858282119035721,I-ORG,0.018817249685525894
league,NN,I-NP,O,O,0.9979116320610046,O,0.9979116320610046,I-MISC,0.0014295533765107393,I-ORG,0.000524654402397573
soccer,NN,I-NP,O,O,0.9996360540390015,O,0.9996360540390015,I-MISC,0.0001980036322493106,I-ORG,0.00014950931654311717
