0,1,2,3,predictions,confidence,pred_1,pred_1_confidence,pred_2,pred_2_confidence,pred_3,pred_3_confidence
goals,NNS,B-NP,O,O,0.9996167421340942,O,0.9996167421340942,I-ORG,0.00018396619998384267,I-MISC,0.00014604561147280037
for,IN,B-PP,O,O,0.9995660185813904,O,0.9995660185813904,I-MISC,0.0001999388332478702,I-ORG,0.00019006579532288015
",",",",O,O,O,0.9994422793388367,O,0.9994422793388367,I-MISC,0.00029585225274786353,I-ORG,0.000214026149478741
goals,NNS,B-NP,O,O,0.9991718530654907,O,0.9991718530654907,I-ORG,0.0004018433392047882,I-MISC,0.00033852559863589704
against,IN,B-PP,O,O,0.9997445940971375,O,0.9997445940971375,I-ORG,0.00012477667769417167,I-MISC,0.00010802219185279682
",",",",O,O,O,0.999677300453186,O,0.999677300453186,I-MISC,0.00018739819643087685,I-ORG,9.37196018639952e-05
points,VBZ,B-VP,O,O,0.9996803998947144,O,0.9996803998947144,I-MISC,0.0001364500931231305,I-ORG,0.00011653766705421731
),),O,O,O,0.999908447265625,O,0.999908447265625,I-MISC,5.875338683836162e-05,I-ORG,1.473749853175832e-05
:,:,O,O,O,0.9996585845947266,O,0.9996585845947266,I-MISC,0.00020273639529477805,I-ORG,7.941724470583722e-05
