0,1,2,3,predictions,confidence,pred_1,pred_1_confidence,pred_2,pred_2_confidence,pred_3,pred_3_confidence
Wimbledon,NN,B-NP,B-ORG,B-ORG,0.841119647026062,B-ORG,0.841119647026062,I-ORG,0.11263450235128403,O,0.02400326542556286
16,CD,I-NP,O,O,0.995739221572876,O,0.995739221572876,I-ORG,0.0036485425662249327,B-ORG,0.0003855547693092376
9,CD,I-NP,O,O,0.9834721088409424,O,0.9834721088409424,I-ORG,0.008585786446928978,B-ORG,0.007150784134864807
4,CD,I-NP,O,O,0.9999505281448364,O,0.9999505281448364,I-ORG,3.89276938221883e-05,I-MISC,6.338168986985693e-06
3,CD,I-NP,O,O,0.9999748468399048,O,0.9999748468399048,I-ORG,1.526064625068102e-05,I-MISC,8.749046173761599e-06
29,CD,I-NP,O,O,0.9999165534973145,O,0.9999165534973145,I-MISC,5.233661795500666e-05,I-ORG,2.8478925742092542e-05
17,CD,I-NP,O,O,0.9996733665466309,O,0.9996733665466309,I-MISC,0.00023625204630661756,I-ORG,7.069241110002622e-05
31,CD,I-NP,O,O,0.9999597072601318,O,0.9999597072601318,I-MISC,2.793928433675319e-05,I-ORG,1.092683396564098e-05
