0,1,2,3,predictions,confidence,pred_1,pred_1_confidence,pred_2,pred_2_confidence,pred_3,pred_3_confidence
Liverpool,NNP,B-NP,B-ORG,B-ORG,0.8975735902786255,B-ORG,0.8975735902786255,I-ORG,0.0943383201956749,O,0.0052074552513659
16,CD,I-NP,O,O,0.9940106272697449,O,0.9940106272697449,I-ORG,0.005116991698741913,B-ORG,0.0005781094660051167
9,CD,I-NP,O,O,0.9796154499053955,O,0.9796154499053955,I-ORG,0.010236736387014389,B-ORG,0.009263439103960991
4,CD,I-NP,O,O,0.9999518394470215,O,0.9999518394470215,I-ORG,3.800412014243193e-05,I-MISC,5.676457931258483e-06
3,CD,I-NP,O,O,0.9999737739562988,O,0.9999737739562988,I-ORG,1.6705276721040718e-05,I-MISC,8.075794539763592e-06
26,CD,B-NP,O,O,0.9999929666519165,O,0.9999929666519165,I-MISC,3.7690845147153595e-06,I-ORG,3.09859387925826e-06
14,CD,I-NP,O,O,0.9999680519104004,O,0.9999680519104004,I-MISC,1.5967005310812965e-05,I-ORG,1.5025610082375351e-05
31,CD,I-NP,O,O,0.9999788999557495,O,0.9999788999557495,I-MISC,1.5474251995328814e-05,I-ORG,4.944236025039572e-06
