0,1,2,3,predictions,confidence,pred_1,pred_1_confidence,pred_2,pred_2_confidence,pred_3,pred_3_confidence
Aston,NNP,B-NP,B-ORG,B-ORG,0.657690703868866,B-ORG,0.657690703868866,I-ORG,0.1237882524728775,B-PER,0.060589827597141266
Villa,NNP,I-NP,I-ORG,I-ORG,0.7254739999771118,B-ORG,0.7254739999771118,I-ORG,0.13514825701713562,B-PER,0.042882997542619705
17,CD,I-NP,O,O,0.9976192116737366,O,0.9976192116737366,I-ORG,0.0017977620009332895,I-MISC,0.0004866437229793519
9,CD,I-NP,O,O,0.9753947854042053,O,0.9753947854042053,I-ORG,0.014907514676451683,B-ORG,0.007804423570632935
3,CD,I-NP,O,O,0.9996925592422485,O,0.9996925592422485,I-ORG,0.00025005172938108444,I-MISC,4.0035178244579583e-05
5,CD,I-NP,O,O,0.9998227953910828,O,0.9998227953910828,I-ORG,0.00013066199608147144,I-MISC,3.881966040353291e-05
22,CD,I-NP,O,O,0.9999943971633911,O,0.9999943971633911,I-ORG,3.652643272289424e-06,I-MISC,1.8595357005324331e-06
15,CD,I-NP,O,O,0.9999364614486694,O,0.9999364614486694,I-ORG,3.6605655623134226e-05,I-MISC,2.4981462047435343e-05
30,CD,B-NP,O,O,0.9999943971633911,O,0.9999943971633911,I-MISC,3.263138978581992e-06,I-ORG,2.2072470073908335e-06
