0,1,2,3,predictions,confidence,pred_1,pred_1_confidence,pred_2,pred_2_confidence,pred_3,pred_3_confidence
Chelsea,NNP,B-NP,B-ORG,B-ORG,0.8285356760025024,B-ORG,0.8285356760025024,I-ORG,0.11327950656414032,B-LOC,0.016167031601071358
16,CD,I-NP,O,O,0.9966534972190857,O,0.9966534972190857,I-ORG,0.002810913836583495,I-MISC,0.0002659948368091136
6,CD,I-NP,O,O,0.9993382096290588,O,0.9993382096290588,I-ORG,0.0005346075049601495,I-MISC,7.022349745966494e-05
7,CD,I-NP,O,O,0.9993001222610474,O,0.9993001222610474,I-ORG,0.0005538668483495712,I-MISC,0.00010585477139102295
3,CD,I-NP,O,O,0.9999212026596069,O,0.9999212026596069,I-ORG,5.3049723646836355e-05,I-MISC,2.183015203627292e-05
25,CD,I-NP,O,O,0.9999353885650635,O,0.9999353885650635,I-ORG,3.259685399825685e-05,I-MISC,3.087586082983762e-05
23,CD,I-NP,O,O,0.9999854564666748,O,0.9999854564666748,I-MISC,7.327377716137562e-06,I-ORG,7.014145921857562e-06
25,CD,I-NP,O,O,0.999808132648468,O,0.999808132648468,I-MISC,0.00010701728024287149,I-ORG,8.053197234403342e-05
