0,1,2,3,predictions,confidence,pred_1,pred_1_confidence,pred_2,pred_2_confidence,pred_3,pred_3_confidence
Manchester,NNP,B-NP,B-ORG,B-ORG,0.8227946758270264,B-ORG,0.8227946758270264,I-ORG,0.1448010802268982,O,0.014427046291530132
United,NNP,I-NP,I-ORG,I-ORG,0.6675118803977966,B-ORG,0.6675118803977966,I-ORG,0.23400305211544037,I-MISC,0.02700856514275074
15,CD,I-NP,O,O,0.9988083839416504,O,0.9988083839416504,I-ORG,0.000976705807261169,I-MISC,0.00014065385039430112
7,CD,I-NP,O,O,0.9986029267311096,O,0.9986029267311096,I-ORG,0.00115269108209759,I-MISC,0.00015740955132059753
5,CD,I-NP,O,O,0.9994626641273499,O,0.9994626641273499,I-ORG,0.00044246172183193266,I-MISC,6.070614836062305e-05
3,CD,I-NP,O,O,0.9999232292175293,O,0.9999232292175293,I-ORG,5.765637615695596e-05,I-MISC,1.4559100236510858e-05
29,CD,I-NP,O,O,0.9997907280921936,O,0.9997907280921936,I-ORG,0.00013899581972509623,I-MISC,6.464595935540274e-05
22,CD,I-NP,O,O,0.9999949932098389,O,0.9999949932098389,I-MISC,2.4854396087903297e-06,I-ORG,2.4252772163890768e-06
26,CD,B-NP,O,O,0.9999833106994629,O,0.9999833106994629,I-MISC,1.069316112989327e-05,I-ORG,5.635098659695359e-06
