0,1,2,3,predictions,confidence,pred_1,pred_1_confidence,pred_2,pred_2_confidence,pred_3,pred_3_confidence
Everton,NN,B-NP,B-ORG,B-ORG,0.9062696099281311,B-ORG,0.9062696099281311,I-ORG,0.08427444100379944,O,0.003081380855292082
16,CD,I-NP,O,O,0.9944434762001038,O,0.9944434762001038,I-ORG,0.0047109173610806465,B-ORG,0.0005474296631291509
6,CD,I-NP,O,O,0.9989365935325623,O,0.9989365935325623,I-ORG,0.0008782902150414884,B-ORG,0.00012452078226488084
6,CD,I-NP,O,O,0.99937504529953,O,0.99937504529953,I-ORG,0.0005276264273561537,B-ORG,5.6332850363105536e-05
4,CD,I-NP,O,O,0.9999376535415649,O,0.9999376535415649,I-ORG,4.8371806769864634e-05,I-MISC,8.667518159199972e-06
25,CD,I-NP,O,O,0.9999279975891113,O,0.9999279975891113,I-ORG,5.2626604883698747e-05,I-MISC,1.7898371879709885e-05
20,CD,I-NP,O,O,0.9999669790267944,O,0.9999669790267944,I-ORG,2.3667609639232978e-05,I-MISC,8.573745617468376e-06
24,CD,I-NP,O,O,0.999930739402771,O,0.999930739402771,I-ORG,3.949056554120034e-05,I-MISC,2.8626453058677725e-05
