0,1,2,3,predictions,confidence,pred_1,pred_1_confidence,pred_2,pred_2_confidence,pred_3,pred_3_confidence
Sheffield,NNP,B-NP,B-ORG,B-ORG,0.6813783049583435,B-ORG,0.6813783049583435,I-ORG,0.1734434813261032,O,0.10529472678899765
Wednesday,NNP,B-NP,I-ORG,O,0.9119678735733032,O,0.9119678735733032,B-ORG,0.061185091733932495,I-ORG,0.025112207978963852
16,CD,I-NP,O,O,0.9934183359146118,O,0.9934183359146118,I-ORG,0.0057762120850384235,I-MISC,0.0004762830794788897
6,CD,I-NP,O,O,0.9983474016189575,O,0.9983474016189575,I-ORG,0.0014162642182782292,I-MISC,0.000135120062623173
6,CD,I-NP,O,O,0.9991949200630188,O,0.9991949200630188,I-ORG,0.000676796305924654,I-MISC,8.758959302213043e-05
4,CD,I-NP,O,O,0.9999679327011108,O,0.9999679327011108,I-ORG,1.9184226403012872e-05,I-MISC,1.1354220077919308e-05
17,CD,I-NP,O,O,0.9995500445365906,O,0.9995500445365906,I-MISC,0.00029356760205700994,I-ORG,0.00013543115346692502
18,CD,I-NP,O,O,0.9998632669448853,O,0.9998632669448853,I-MISC,8.087460446404293e-05,I-ORG,4.993723632651381e-05
24,CD,I-NP,O,O,0.9999446868896484,O,0.9999446868896484,I-ORG,3.247450149501674e-05,I-MISC,2.188292273785919e-05
