0,1,2,3,predictions,confidence,pred_1,pred_1_confidence,pred_2,pred_2_confidence,pred_3,pred_3_confidence
Tottenham,NNP,B-NP,B-ORG,B-ORG,0.7682636976242065,B-ORG,0.7682636976242065,I-ORG,0.16178426146507263,O,0.04518571123480797
16,CD,I-NP,O,O,0.9961963891983032,O,0.9961963891983032,I-ORG,0.0032413764856755733,B-ORG,0.00030727553530596197
7,CD,I-NP,O,O,0.9989563226699829,O,0.9989563226699829,I-ORG,0.0008700061589479446,B-ORG,8.768869156483561e-05
2,CD,I-NP,O,O,0.9999014139175415,O,0.9999014139175415,I-ORG,7.26514044799842e-05,I-MISC,1.8925300537375733e-05
7,CD,I-NP,O,O,0.999559223651886,O,0.999559223651886,I-ORG,0.00021550958626903594,I-MISC,0.0002064319560304284
17,CD,I-NP,O,O,0.9990829229354858,O,0.9990829229354858,I-MISC,0.0005127108306623995,I-ORG,0.00035888177808374166
17,CD,I-NP,O,O,0.9990590214729309,O,0.9990590214729309,I-MISC,0.00046587848919443786,I-ORG,0.00044375332072377205
23,CD,I-NP,O,O,0.9999707937240601,O,0.9999707937240601,I-ORG,1.485671782575082e-05,I-MISC,1.3873071111447643e-05
