0,1,2,3,predictions,confidence,pred_1,pred_1_confidence,pred_2,pred_2_confidence,pred_3,pred_3_confidence
Derby,NNP,B-NP,B-ORG,B-ORG,0.7843692302703857,B-ORG,0.7843692302703857,I-ORG,0.15096381306648254,O,0.024127770215272903
16,CD,I-NP,O,O,0.9956525564193726,O,0.9956525564193726,I-ORG,0.0035903872922062874,B-ORG,0.0005369964637793601
5,CD,I-NP,O,O,0.9994834661483765,O,0.9994834661483765,I-ORG,0.0004032822616863996,B-ORG,8.137629629345611e-05
7,CD,I-NP,O,O,0.9996463060379028,O,0.9996463060379028,I-ORG,0.000288399460259825,B-ORG,3.8943326217122376e-05
4,CD,I-NP,O,O,0.9999613761901855,O,0.9999613761901855,I-ORG,2.9115743018337525e-05,I-MISC,6.018306066835066e-06
19,CD,I-NP,O,O,0.9990311861038208,O,0.9990311861038208,I-ORG,0.000609719252679497,I-MISC,0.0002942631545010954
19,CD,I-NP,O,O,0.9994283318519592,O,0.9994283318519592,I-ORG,0.00034310505725443363,I-MISC,0.00019387250358704478
22,CD,I-NP,O,O,0.999995231628418,O,0.999995231628418,I-MISC,2.3642480755370343e-06,I-ORG,2.2281953988567693e-06
