0,1,2,3,predictions,confidence,pred_1,pred_1_confidence,pred_2,pred_2_confidence,pred_3,pred_3_confidence
Leicester,NNP,B-NP,B-ORG,B-ORG,0.6162341237068176,B-ORG,0.6162341237068176,I-ORG,0.16550497710704803,B-LOC,0.055747292935848236
17,CD,I-NP,O,O,0.9954155683517456,O,0.9954155683517456,I-ORG,0.003755610901862383,I-MISC,0.000420775351813063
6,CD,I-NP,O,O,0.9982171654701233,O,0.9982171654701233,I-ORG,0.0014895129716023803,B-ORG,0.00019818586588371545
3,CD,I-NP,O,O,0.9997908473014832,O,0.9997908473014832,I-ORG,0.00017053086776286364,B-ORG,2.005036913033109e-05
8,CD,I-NP,O,O,0.9971081614494324,O,0.9971081614494324,I-ORG,0.0022859349846839905,I-MISC,0.00039358294452540576
17,CD,I-NP,O,O,0.997830331325531,O,0.997830331325531,I-ORG,0.0016519270138815045,I-MISC,0.0004513630410656333
22,CD,I-NP,O,O,0.9999669790267944,O,0.9999669790267944,I-ORG,2.772068910417147e-05,I-MISC,4.504872322286246e-06
21,CD,I-NP,O,O,0.9999896287918091,O,0.9999896287918091,I-ORG,6.561834652529797e-06,I-MISC,3.578682708393899e-06
