0,1,2,3,predictions,confidence,pred_1,pred_1_confidence,pred_2,pred_2_confidence,pred_3,pred_3_confidence
Leeds,NNS,B-NP,B-ORG,B-ORG,0.8292970061302185,B-ORG,0.8292970061302185,I-ORG,0.15771280229091644,O,0.004366578534245491
16,CD,I-NP,O,O,0.9861212372779846,O,0.9861212372779846,I-ORG,0.011795495636761189,B-ORG,0.0015054551186040044
6,CD,I-NP,O,O,0.9980478286743164,O,0.9980478286743164,I-ORG,0.0016117969062179327,B-ORG,0.00025625276612117887
2,CD,I-NP,O,O,0.999843955039978,O,0.999843955039978,I-ORG,0.00012412916112225503,B-ORG,2.0129300537519157e-05
8,CD,I-NP,O,O,0.9986963868141174,O,0.9986963868141174,I-ORG,0.0010232024360448122,I-MISC,0.0001613952626939863
15,CD,I-NP,O,O,0.9997066855430603,O,0.9997066855430603,I-ORG,0.0002234753337688744,I-MISC,5.7396766351303086e-05
20,CD,I-NP,O,O,0.9999687671661377,O,0.9999687671661377,I-ORG,2.1638174075633287e-05,I-MISC,8.887134754331782e-06
20,CD,I-NP,O,O,0.9999738931655884,O,0.9999738931655884,I-MISC,1.2829605111619458e-05,I-ORG,1.275033355341293e-05
