0,1,2,3,predictions,confidence,pred_1,pred_1_confidence,pred_2,pred_2_confidence,pred_3,pred_3_confidence
Sunderland,NNP,B-NP,B-ORG,B-ORG,0.7769981026649475,B-ORG,0.7769981026649475,I-ORG,0.1587754189968109,O,0.05260453373193741
16,CD,I-NP,O,O,0.9948800802230835,O,0.9948800802230835,I-ORG,0.004416033159941435,B-ORG,0.0005071313935332
4,CD,I-NP,O,O,0.9998341798782349,O,0.9998341798782349,I-ORG,0.00013395435234997422,B-ORG,2.1322051907191053e-05
5,CD,I-NP,O,O,0.9997374415397644,O,0.9997374415397644,I-ORG,0.00021472855587489903,B-ORG,2.491318628017325e-05
7,CD,I-NP,O,O,0.9995229244232178,O,0.9995229244232178,I-ORG,0.00039859730168245733,I-MISC,4.3939700844930485e-05
14,CD,I-NP,O,O,0.9998078942298889,O,0.9998078942298889,I-ORG,0.00015949647058732808,I-MISC,2.4332704924745485e-05
21,CD,I-NP,O,O,0.999991774559021,O,0.999991774559021,I-ORG,4.639006874640472e-06,I-MISC,3.352414069013321e-06
17,CD,I-NP,O,O,0.9995506405830383,O,0.9995506405830383,I-MISC,0.0002687003870960325,I-ORG,0.0001506227854406461
