0,1,2,3,predictions,confidence,pred_1,pred_1_confidence,pred_2,pred_2_confidence,pred_3,pred_3_confidence
West,NNP,B-NP,B-ORG,B-ORG,0.48252949118614197,B-ORG,0.48252949118614197,I-ORG,0.23748572170734406,B-LOC,0.08170993626117706
Ham,NNP,I-NP,I-ORG,I-ORG,0.7587648034095764,B-ORG,0.7587648034095764,I-ORG,0.20886853337287903,I-MISC,0.011871461756527424
16,CD,I-NP,O,O,0.9785495400428772,O,0.9785495400428772,I-ORG,0.018876848742365837,B-ORG,0.0017215170664712787
4,CD,I-NP,O,O,0.9995149374008179,O,0.9995149374008179,I-ORG,0.0004007522657047957,B-ORG,5.006630453863181e-05
5,CD,I-NP,O,O,0.999743640422821,O,0.999743640422821,I-ORG,0.00020431169832590967,I-MISC,3.299084710306488e-05
7,CD,I-NP,O,O,0.9996217489242554,O,0.9996217489242554,I-ORG,0.0002944075968116522,I-MISC,6.481706805061549e-05
13,CD,I-NP,O,O,0.9999210834503174,O,0.9999210834503174,I-ORG,5.388009230955504e-05,I-MISC,2.2720663764630444e-05
20,CD,I-NP,O,O,0.9999527931213379,O,0.9999527931213379,I-MISC,2.4632825443404727e-05,I-ORG,2.1505160475498997e-05
17,CD,I-NP,O,O,0.9992675185203552,O,0.9992675185203552,I-MISC,0.0004269041819497943,I-ORG,0.00025940663181245327
