0,1,2,3,predictions,confidence,pred_1,pred_1_confidence,pred_2,pred_2_confidence,pred_3,pred_3_confidence
Middlesbrough,JJ,B-NP,B-ORG,B-ORG,0.7553222179412842,B-ORG,0.7553222179412842,I-ORG,0.12278061360120773,O,0.05810748040676117
17,CD,I-NP,O,O,0.9984949827194214,O,0.9984949827194214,I-ORG,0.0012391115305945277,I-MISC,0.0001613231870578602
3,CD,I-NP,O,O,0.9997343420982361,O,0.9997343420982361,I-ORG,0.00021779841335956007,B-ORG,2.6225254259770736e-05
6,CD,I-NP,O,O,0.9991341233253479,O,0.9991341233253479,I-ORG,0.0007303378079086542,I-MISC,8.411457383772358e-05
8,CD,I-NP,O,O,0.9976704716682434,O,0.9976704716682434,I-ORG,0.001827235333621502,I-MISC,0.00034841548767872155
20,CD,I-NP,O,O,0.9999223947525024,O,0.9999223947525024,I-ORG,5.217908983468078e-05,I-MISC,2.4031342036323622e-05
28,CD,I-NP,O,O,0.9998313188552856,O,0.9998313188552856,I-ORG,9.592247806722298e-05,I-MISC,6.969955575186759e-05
15,CD,I-NP,O,O,0.9997250437736511,O,0.9997250437736511,I-ORG,0.00013964128447696567,I-MISC,0.00012648149277083576
