0,1,2,3,predictions,confidence,pred_1,pred_1_confidence,pred_2,pred_2_confidence,pred_3,pred_3_confidence
Southampton,NN,B-NP,B-ORG,B-ORG,0.8626208305358887,B-ORG,0.8626208305358887,I-ORG,0.12263654917478561,O,0.00543249910697341
17,CD,I-NP,O,O,0.997128427028656,O,0.997128427028656,I-ORG,0.0024397631641477346,B-ORG,0.0002564898459240794
3,CD,I-NP,O,O,0.9997294545173645,O,0.9997294545173645,I-ORG,0.00022154703037813306,B-ORG,3.3372289180988446e-05
4,CD,I-NP,O,O,0.9999325275421143,O,0.9999325275421143,I-ORG,5.399346264312044e-05,I-MISC,6.7470368776412215e-06
10,CD,I-NP,O,O,0.9997522234916687,O,0.9997522234916687,I-ORG,0.00019116455223411322,I-MISC,4.496907058637589e-05
24,CD,I-NP,O,O,0.9999371767044067,O,0.9999371767044067,I-ORG,4.653652649722062e-05,I-MISC,1.5168053323577624e-05
32,CD,I-NP,O,O,0.9997857213020325,O,0.9997857213020325,I-ORG,0.00013882288476452231,I-MISC,7.214459037641063e-05
13,CD,I-NP,O,O,0.9998757839202881,O,0.9998757839202881,I-ORG,6.789917824789882e-05,I-MISC,5.322782453731634e-05
