0,1,2,3,predictions,confidence,pred_1,pred_1_confidence,pred_2,pred_2_confidence,pred_3,pred_3_confidence
Nottingham,NNP,B-NP,B-ORG,B-ORG,0.7214847207069397,B-ORG,0.7214847207069397,I-ORG,0.16561463475227356,B-LOC,0.042828518897295
Forest,NNP,I-NP,I-ORG,I-ORG,0.7802565097808838,B-ORG,0.7802565097808838,I-ORG,0.18189680576324463,O,0.02437564544379711
15,CD,I-NP,O,O,0.99625164270401,O,0.99625164270401,I-ORG,0.0032684416510164738,B-ORG,0.00033134137629531324
1,CD,I-NP,O,O,0.9983232617378235,O,0.9983232617378235,I-ORG,0.001200866885483265,B-ORG,0.00037712251651100814
6,CD,I-NP,O,O,0.9975347518920898,O,0.9975347518920898,I-ORG,0.0021501558367162943,I-MISC,0.00018000663840211928
8,CD,I-NP,O,O,0.9964540004730225,O,0.9964540004730225,I-ORG,0.002927597379311919,I-MISC,0.0003599107440095395
12,CD,I-NP,O,O,0.9995543360710144,O,0.9995543360710144,I-ORG,0.0003504055493976921,I-MISC,8.110059570753947e-05
25,CD,I-NP,O,O,0.9999194145202637,O,0.9999194145202637,I-ORG,5.042757766204886e-05,I-MISC,2.8889879104099236e-05
9,CD,I-NP,O,O,0.9968839287757874,O,0.9968839287757874,I-ORG,0.0013011788250878453,I-MISC,0.0011963415890932083
