0,1,2,3,predictions,confidence,pred_1,pred_1_confidence,pred_2,pred_2_confidence,pred_3,pred_3_confidence
Sheffield,NNP,B-NP,B-ORG,B-ORG,0.7606748938560486,B-ORG,0.7606748938560486,I-ORG,0.1643998622894287,O,0.05185530707240105
United,NNP,I-NP,I-ORG,I-ORG,0.8160635828971863,B-ORG,0.8160635828971863,I-ORG,0.1593352109193802,O,0.014203119091689587
21,CD,I-NP,O,O,0.9999524354934692,O,0.9999524354934692,I-ORG,4.149668166064657e-05,B-ORG,3.0797202725807438e-06
11,CD,I-NP,O,O,0.9956542253494263,O,0.9956542253494263,I-ORG,0.0037616020999848843,B-ORG,0.0003152411081828177
6,CD,I-NP,O,O,0.9992746710777283,O,0.9992746710777283,I-ORG,0.0006268899887800217,B-ORG,5.30511315446347e-05
4,CD,I-NP,O,O,0.9999463558197021,O,0.9999463558197021,I-ORG,4.27931772719603e-05,I-MISC,6.63310629533953e-06
38,CD,I-NP,O,O,0.9999809265136719,O,0.9999809265136719,I-ORG,1.3121272786520422e-05,I-MISC,5.595894890575437e-06
20,CD,I-NP,O,O,0.9999550580978394,O,0.9999550580978394,I-MISC,2.81467946479097e-05,I-ORG,1.5531451936112717e-05
39,CD,I-NP,O,O,0.9988125562667847,O,0.9988125562667847,I-MISC,0.0007093361346051097,I-ORG,0.0003616784524638206
