0,1,2,3,predictions,confidence,pred_1,pred_1_confidence,pred_2,pred_2_confidence,pred_3,pred_3_confidence
Barnsley,NNP,B-NP,B-ORG,B-ORG,0.8820752501487732,B-ORG,0.8820752501487732,I-ORG,0.10417196899652481,O,0.009096379391849041
21,CD,I-NP,O,O,0.9999455213546753,O,0.9999455213546753,I-ORG,4.6879416913725436e-05,B-ORG,4.612583779817214e-06
10,CD,I-NP,O,O,0.9995984435081482,O,0.9995984435081482,I-ORG,0.0003387206816114485,B-ORG,3.393957013031468e-05
8,CD,I-NP,O,O,0.9978736639022827,O,0.9978736639022827,I-ORG,0.0017408395651727915,B-ORG,0.00024069413484539837
3,CD,I-NP,O,O,0.999886155128479,O,0.999886155128479,I-ORG,9.23432016861625e-05,I-MISC,1.1749260920623783e-05
38,CD,I-NP,O,O,0.999962568283081,O,0.999962568283081,I-ORG,3.0999792215880007e-05,I-MISC,5.612927452602889e-06
26,CD,B-NP,O,O,0.9999517202377319,O,0.9999517202377319,I-ORG,3.353061401867308e-05,I-MISC,1.4005956472828984e-05
38,CD,I-NP,O,O,0.9999643564224243,O,0.9999643564224243,I-ORG,2.2185799025464803e-05,I-MISC,1.2975067875231616e-05
