0,1,2,3,predictions,confidence,pred_1,pred_1_confidence,pred_2,pred_2_confidence,pred_3,pred_3_confidence
Wolverhampton,NN,B-NP,B-ORG,B-ORG,0.9175652265548706,B-ORG,0.9175652265548706,I-ORG,0.0778803601861,B-MISC,0.0015356531366705894
21,CD,I-NP,O,O,0.9999183416366577,O,0.9999183416366577,I-ORG,6.994081195443869e-05,B-ORG,7.490787083952455e-06
9,CD,I-NP,O,O,0.9922966361045837,O,0.9922966361045837,I-ORG,0.003650399623438716,B-ORG,0.0036156107671558857
6,CD,I-NP,O,O,0.9993844032287598,O,0.9993844032287598,I-ORG,0.0005182844470255077,I-MISC,5.130489807925187e-05
6,CD,I-NP,O,O,0.9994543194770813,O,0.9994543194770813,I-ORG,0.0004589669406414032,I-MISC,5.330031126504764e-05
29,CD,I-NP,O,O,0.9991894364356995,O,0.9991894364356995,I-ORG,0.0006768107414245605,I-MISC,0.00010677719546947628
21,CD,I-NP,O,O,0.9999808073043823,O,0.9999808073043823,I-ORG,1.1880914826178923e-05,I-MISC,6.7894093263021205e-06
33,CD,I-NP,O,O,0.9998043179512024,O,0.9998043179512024,I-MISC,0.00010404848580947146,I-ORG,8.513012289768085e-05
