0,1,2,3,predictions,confidence,pred_1,pred_1_confidence,pred_2,pred_2_confidence,pred_3,pred_3_confidence
Crystal,NNP,B-NP,B-ORG,B-ORG,0.812401533126831,B-ORG,0.812401533126831,I-ORG,0.12082939594984055,O,0.01400395855307579
Palace,NNP,I-NP,I-ORG,I-ORG,0.8005800843238831,B-ORG,0.8005800843238831,I-ORG,0.16814832389354706,O,0.008903591893613338
21,CD,I-NP,O,O,0.9999749660491943,O,0.9999749660491943,I-ORG,2.1450394342537038e-05,I-MISC,2.079200839943951e-06
9,CD,I-NP,O,O,0.996360719203949,O,0.996360719203949,I-ORG,0.0020372923463582993,B-ORG,0.0010918264742940664
8,CD,I-NP,O,O,0.9993269443511963,O,0.9993269443511963,I-ORG,0.0004906387766823173,I-MISC,0.000142847333336249
4,CD,I-NP,O,O,0.9999914169311523,O,0.9999914169311523,I-MISC,4.83856410937733e-06,I-ORG,3.2792045203677844e-06
46,CD,I-NP,O,O,0.9999793767929077,O,0.9999793767929077,I-MISC,1.7903421394294128e-05,I-ORG,1.8245453929921496e-06
22,CD,I-NP,O,O,0.9999980926513672,O,0.9999980926513672,I-MISC,1.3848843991581816e-06,I-ORG,4.369913426671701e-07
35,CD,I-NP,O,O,0.9999793767929077,O,0.9999793767929077,I-MISC,1.4088397620071191e-05,I-ORG,3.955944976041792e-06
