0,1,2,3,predictions,confidence,pred_1,pred_1_confidence,pred_2,pred_2_confidence,pred_3,pred_3_confidence
Tranmere,NN,B-NP,B-ORG,O,0.5430862307548523,B-ORG,0.5430862307548523,O,0.24701450765132904,I-ORG,0.13893671333789825
22,CD,I-NP,O,O,0.99998939037323,O,0.99998939037323,I-ORG,8.335616257681977e-06,I-MISC,1.889033114821359e-06
9,CD,I-NP,O,O,0.9974798560142517,O,0.9974798560142517,I-ORG,0.0013375895796343684,B-ORG,0.0007320151780731976
5,CD,I-NP,O,O,0.9999078512191772,O,0.9999078512191772,I-ORG,6.117678276496008e-05,I-MISC,2.685244362510275e-05
8,CD,I-NP,O,O,0.9997879862785339,O,0.9997879862785339,I-MISC,0.00010831997497007251,I-ORG,9.2262402176857e-05
31,CD,I-NP,O,O,0.9999760389328003,O,0.9999760389328003,I-MISC,1.7901209503179416e-05,I-ORG,5.317275281413458e-06
26,CD,B-NP,O,O,0.9999830722808838,O,0.9999830722808838,I-MISC,1.0336624654883053e-05,I-ORG,6.091243903938448e-06
32,CD,I-NP,O,O,0.99989914894104,O,0.99989914894104,I-MISC,5.5544860515510663e-05,I-ORG,4.0882885514292866e-05
