0,1,2,3,predictions,confidence,pred_1,pred_1_confidence,pred_2,pred_2_confidence,pred_3,pred_3_confidence
Birmingham,NNP,B-NP,B-ORG,B-ORG,0.8748019337654114,B-ORG,0.8748019337654114,I-ORG,0.1053057610988617,O,0.0077946484088897705
22,CD,I-NP,O,O,0.9999696016311646,O,0.9999696016311646,I-ORG,2.674629467946943e-05,I-MISC,2.0513657545961905e-06
8,CD,I-NP,O,O,0.997736930847168,O,0.997736930847168,I-ORG,0.001843731151893735,B-ORG,0.0002694531576707959
8,CD,I-NP,O,O,0.9963926672935486,O,0.9963926672935486,I-ORG,0.0029897536151111126,B-ORG,0.0003335318760946393
6,CD,I-NP,O,O,0.9992471933364868,O,0.9992471933364868,I-ORG,0.0006358118262141943,I-MISC,7.504054519813508e-05
23,CD,I-NP,O,O,0.9999655485153198,O,0.9999655485153198,I-ORG,2.7946536647505127e-05,I-MISC,5.945714292465709e-06
21,CD,I-NP,O,O,0.9999772310256958,O,0.9999772310256958,I-ORG,1.357450400973903e-05,I-MISC,8.63418335939059e-06
32,CD,I-NP,O,O,0.9998072981834412,O,0.9998072981834412,I-MISC,0.00010449519322719425,I-ORG,8.119820995489135e-05
