0,1,2,3,predictions,confidence,pred_1,pred_1_confidence,pred_2,pred_2_confidence,pred_3,pred_3_confidence
Oxford,NNP,B-NP,B-LOC,B-ORG,0.8363593220710754,B-ORG,0.8363593220710754,I-ORG,0.14828969538211823,O,0.009074066765606403
22,CD,I-NP,O,O,0.9999216794967651,O,0.9999216794967651,I-ORG,6.875814869999886e-05,B-ORG,5.035769845562754e-06
8,CD,I-NP,O,O,0.998044490814209,O,0.998044490814209,I-ORG,0.0015307783614844084,B-ORG,0.00031710159964859486
6,CD,I-NP,O,O,0.9991620779037476,O,0.9991620779037476,I-ORG,0.0007156651699915528,B-ORG,7.084132812451571e-05
8,CD,I-NP,O,O,0.9965630173683167,O,0.9965630173683167,I-ORG,0.0028575623873621225,B-ORG,0.00034116022288799286
27,CD,I-NP,O,O,0.9999412298202515,O,0.9999412298202515,I-ORG,5.183803295949474e-05,I-MISC,5.499434792000102e-06
21,CD,I-NP,O,O,0.999988317489624,O,0.999988317489624,I-ORG,8.851376151142176e-06,I-MISC,2.4956648303486872e-06
30,CD,B-NP,O,O,0.9999898672103882,O,0.9999898672103882,I-MISC,5.742789198848186e-06,I-ORG,4.204142896924168e-06
