0,1,2,3,predictions,confidence,pred_1,pred_1_confidence,pred_2,pred_2_confidence,pred_3,pred_3_confidence
Stoke,VB,B-VP,B-ORG,B-ORG,0.8703455328941345,B-ORG,0.8703455328941345,I-ORG,0.10986945033073425,I-MISC,0.005072169937193394
20,CD,B-NP,O,O,0.9998268485069275,O,0.9998268485069275,I-ORG,0.00015088109648786485,I-MISC,1.1658503353828564e-05
8,CD,I-NP,O,O,0.9979640245437622,O,0.9979640245437622,I-ORG,0.0016120105283334851,B-ORG,0.0002711130364332348
6,CD,I-NP,O,O,0.9991427659988403,O,0.9991427659988403,I-ORG,0.0007171900360845029,I-MISC,8.34050151752308e-05
6,CD,I-NP,O,O,0.9993615746498108,O,0.9993615746498108,I-ORG,0.0005223478656262159,I-MISC,8.322025678353384e-05
27,CD,I-NP,O,O,0.9999712705612183,O,0.9999712705612183,I-ORG,2.2048912796890363e-05,I-MISC,6.1418213590513915e-06
30,CD,B-NP,O,O,0.999983549118042,O,0.999983549118042,I-ORG,9.158872671832796e-06,I-MISC,6.958260200917721e-06
30,CD,I-NP,O,O,0.9999885559082031,O,0.9999885559082031,I-MISC,6.225246124813566e-06,I-ORG,4.967617314832751e-06
