0,1,2,3,predictions,confidence,pred_1,pred_1_confidence,pred_2,pred_2_confidence,pred_3,pred_3_confidence
Swindon,NN,B-NP,B-ORG,B-ORG,0.818494439125061,B-ORG,0.818494439125061,I-ORG,0.1504848450422287,B-MISC,0.010519157163798809
22,CD,I-NP,O,O,0.999955415725708,O,0.999955415725708,I-ORG,3.90240820706822e-05,I-MISC,3.267735792178428e-06
9,CD,I-NP,O,O,0.9917635917663574,O,0.9917635917663574,I-ORG,0.004419537261128426,B-ORG,0.0032510997261852026
2,CD,I-NP,O,O,0.9998681545257568,O,0.9998681545257568,I-ORG,9.636126924306154e-05,I-MISC,2.7049742129747756e-05
11,CD,I-NP,O,O,0.998790442943573,O,0.998790442943573,I-ORG,0.0007025977247394621,I-MISC,0.0004512651066761464
32,CD,I-NP,O,O,0.9998533725738525,O,0.9998533725738525,I-ORG,8.173860260285437e-05,I-MISC,6.087060319259763e-05
28,CD,I-NP,O,O,0.9998701810836792,O,0.9998701810836792,I-ORG,7.858165918150917e-05,I-MISC,4.8583697207504883e-05
29,CD,I-NP,O,O,0.9996034502983093,O,0.9996034502983093,I-ORG,0.00022001563047524542,I-MISC,0.0001654048974160105
