0,1,2,3,predictions,confidence,pred_1,pred_1_confidence,pred_2,pred_2_confidence,pred_3,pred_3_confidence
Charlton,NNP,B-NP,B-ORG,B-ORG,0.9170552492141724,B-ORG,0.9170552492141724,I-ORG,0.07421096414327621,B-MISC,0.0022627233993262053
21,CD,I-NP,O,O,0.9999644756317139,O,0.9999644756317139,I-ORG,3.073292464250699e-05,B-ORG,2.6291158974345308e-06
9,CD,I-NP,O,O,0.9915658235549927,O,0.9915658235549927,I-ORG,0.004445756319910288,B-ORG,0.003471305361017585
2,CD,I-NP,O,O,0.9998865127563477,O,0.9998865127563477,I-ORG,8.901539695216343e-05,I-MISC,1.5068568245624192e-05
10,CD,I-NP,O,O,0.9998724460601807,O,0.9998724460601807,I-ORG,8.891368634067476e-05,I-MISC,3.3557960705365986e-05
23,CD,I-NP,O,O,0.9999910593032837,O,0.9999910593032837,I-ORG,6.15969338468858e-06,I-MISC,2.567129968156223e-06
29,CD,I-NP,O,O,0.9996358156204224,O,0.9996358156204224,I-ORG,0.00025121564976871014,I-MISC,0.00010380528692621738
29,CD,I-NP,O,O,0.9995694756507874,O,0.9995694756507874,I-ORG,0.00022297103714663535,I-MISC,0.0001973005710169673
