0,1,2,3,predictions,confidence,pred_1,pred_1_confidence,pred_2,pred_2_confidence,pred_3,pred_3_confidence
Huddersfield,VBN,B-VP,B-ORG,B-ORG,0.7367645502090454,B-ORG,0.7367645502090454,I-ORG,0.1322985291481018,O,0.10426890850067139
22,CD,B-NP,O,O,0.999980092048645,O,0.999980092048645,I-ORG,1.6566989870625548e-05,I-MISC,2.5595797978894552e-06
7,CD,I-NP,O,O,0.9993778467178345,O,0.9993778467178345,I-ORG,0.0004940505605190992,I-MISC,9.108806261792779e-05
7,CD,I-NP,O,O,0.9990932941436768,O,0.9990932941436768,I-ORG,0.0007086445693857968,I-MISC,0.00015979948511812836
8,CD,I-NP,O,O,0.9979434609413147,O,0.9979434609413147,I-ORG,0.001315509551204741,I-MISC,0.0006395452073775232
25,CD,I-NP,O,O,0.9998214840888977,O,0.9998214840888977,I-ORG,8.698709279997274e-05,I-MISC,8.678765152581036e-05
28,CD,I-NP,O,O,0.9996781349182129,O,0.9996781349182129,I-MISC,0.00015731071471236646,I-ORG,0.00015488822828046978
28,CD,I-NP,O,O,0.999653697013855,O,0.999653697013855,I-MISC,0.0001775273121893406,I-ORG,0.0001581778924446553
