0,1,2,3,predictions,confidence,pred_1,pred_1_confidence,pred_2,pred_2_confidence,pred_3,pred_3_confidence
Port,NNP,B-NP,B-ORG,B-ORG,0.606634795665741,B-ORG,0.606634795665741,I-ORG,0.24692493677139282,O,0.113692507147789
Vale,NNP,I-NP,I-ORG,I-ORG,0.621734082698822,B-ORG,0.621734082698822,I-ORG,0.2953334450721741,I-MISC,0.040223944932222366
22,CD,I-NP,O,O,0.9998620748519897,O,0.9998620748519897,I-ORG,0.00012036346743116155,I-MISC,1.3859345926903188e-05
6,CD,I-NP,O,O,0.9985889792442322,O,0.9985889792442322,I-ORG,0.0011923385318368673,I-MISC,0.00014494589413516223
10,CD,I-NP,O,O,0.9991216063499451,O,0.9991216063499451,I-ORG,0.0007128434372134507,I-MISC,0.000130472777527757
6,CD,I-NP,O,O,0.9994414448738098,O,0.9994414448738098,I-ORG,0.00042992777889594436,I-MISC,0.00010560100781731308
19,CD,I-NP,O,O,0.9979560375213623,O,0.9979560375213623,I-ORG,0.0013590266462415457,I-MISC,0.0005809326539747417
22,CD,I-NP,O,O,0.9999905824661255,O,0.9999905824661255,I-ORG,5.092614628665615e-06,I-MISC,4.118292508792365e-06
28,CD,I-NP,O,O,0.9998843669891357,O,0.9998843669891357,I-MISC,6.343286077026278e-05,I-ORG,4.84612028230913e-05
