0,1,2,3,predictions,confidence,pred_1,pred_1_confidence,pred_2,pred_2_confidence,pred_3,pred_3_confidence
Ipswich,NNP,B-NP,B-ORG,B-ORG,0.8072169423103333,B-ORG,0.8072169423103333,I-ORG,0.14146903157234192,B-MISC,0.034108638763427734
22,CD,I-NP,O,O,0.9999092817306519,O,0.9999092817306519,I-ORG,7.90435224189423e-05,B-ORG,6.007115189277101e-06
6,CD,I-NP,O,O,0.9996399879455566,O,0.9996399879455566,I-ORG,0.00029468012508004904,B-ORG,4.2106341425096616e-05
8,CD,I-NP,O,O,0.9984806180000305,O,0.9984806180000305,I-ORG,0.0012222006916999817,B-ORG,0.00016273798246402293
8,CD,I-NP,O,O,0.9983428716659546,O,0.9983428716659546,I-ORG,0.0012840521521866322,I-MISC,0.00025365696637891233
27,CD,I-NP,O,O,0.9999710321426392,O,0.9999710321426392,I-ORG,1.733086355670821e-05,I-MISC,1.1174577593919821e-05
32,CD,I-NP,O,O,0.9997708201408386,O,0.9997708201408386,I-MISC,0.00012947052891831845,I-ORG,9.368788596475497e-05
26,CD,B-NP,O,O,0.9999527931213379,O,0.9999527931213379,I-MISC,2.7628975658444688e-05,I-ORG,1.8505979824112728e-05
