0,1,2,3,predictions,confidence,pred_1,pred_1_confidence,pred_2,pred_2_confidence,pred_3,pred_3_confidence
Reading,VBG,B-VP,B-ORG,O,0.40625327825546265,B-ORG,0.40625327825546265,O,0.3532491624355316,I-ORG,0.16881713271141052
22,CD,B-NP,O,O,0.9999868869781494,O,0.9999868869781494,I-ORG,1.0358206054661423e-05,I-MISC,2.274484813824529e-06
7,CD,I-NP,O,O,0.9996147155761719,O,0.9996147155761719,I-ORG,0.00029212533263489604,I-MISC,7.223310240078717e-05
5,CD,I-NP,O,O,0.9998561143875122,O,0.9998561143875122,I-ORG,0.00010115359327755868,I-MISC,3.581197597668506e-05
10,CD,I-NP,O,O,0.9998511075973511,O,0.9998511075973511,I-ORG,7.49299579183571e-05,I-MISC,6.864866736577824e-05
25,CD,I-NP,O,O,0.999950647354126,O,0.999950647354126,I-MISC,2.8394899345585145e-05,I-ORG,1.9698458345374092e-05
33,CD,I-NP,O,O,0.9998863935470581,O,0.9998863935470581,I-MISC,6.598283653147519e-05,I-ORG,4.502656156546436e-05
26,CD,B-NP,O,O,0.9999674558639526,O,0.9999674558639526,I-MISC,1.965167211892549e-05,I-ORG,1.2213363334012683e-05
