0,1,2,3,predictions,confidence,pred_1,pred_1_confidence,pred_2,pred_2_confidence,pred_3,pred_3_confidence
Portsmouth,NNP,B-NP,B-LOC,B-ORG,0.6147760152816772,B-ORG,0.6147760152816772,O,0.15185114741325378,I-ORG,0.14904963970184326
22,CD,I-NP,O,O,0.9999871253967285,O,0.9999871253967285,I-ORG,9.971942745323759e-06,I-MISC,2.3913817130960524e-06
7,CD,I-NP,O,O,0.9996100068092346,O,0.9996100068092346,I-ORG,0.00028946882230229676,I-MISC,7.91821294114925e-05
5,CD,I-NP,O,O,0.999847412109375,O,0.999847412109375,I-ORG,0.00010782796744024381,I-MISC,3.7022833566879854e-05
10,CD,I-NP,O,O,0.9998574256896973,O,0.9998574256896973,I-ORG,7.977610948728397e-05,I-MISC,5.7746896345634013e-05
25,CD,I-NP,O,O,0.9999635219573975,O,0.9999635219573975,I-MISC,1.831896042858716e-05,I-ORG,1.7493883206043392e-05
29,CD,I-NP,O,O,0.9998301267623901,O,0.9998301267623901,I-ORG,9.060820593731478e-05,I-MISC,7.486087997676805e-05
26,CD,B-NP,O,O,0.9999662637710571,O,0.9999662637710571,I-MISC,2.076338387269061e-05,I-ORG,1.2190017514512874e-05
