0,1,2,3,predictions,confidence,pred_1,pred_1_confidence,pred_2,pred_2_confidence,pred_3,pred_3_confidence
West,NNP,B-NP,B-ORG,B-ORG,0.29957351088523865,B-LOC,0.29957351088523865,B-ORG,0.19087417423725128,I-LOC,0.12913285195827484
Bromwich,NNP,I-NP,I-ORG,I-ORG,0.6114565134048462,B-ORG,0.6114565134048462,I-ORG,0.18042436242103577,B-MISC,0.13304273784160614
20,CD,I-NP,O,O,0.9995348453521729,O,0.9995348453521729,I-ORG,0.00039034796645864844,I-MISC,6.014749305904843e-05
5,CD,I-NP,O,O,0.9994699358940125,O,0.9994699358940125,I-ORG,0.0004154837806709111,I-MISC,8.342708315467462e-05
9,CD,I-NP,O,O,0.9955301880836487,O,0.9955301880836487,I-ORG,0.002450855216011405,I-MISC,0.0009735000785440207
6,CD,I-NP,O,O,0.9996764659881592,O,0.9996764659881592,I-ORG,0.00017823230882640928,I-MISC,0.00013510794087778777
26,CD,B-NP,O,O,0.9999793767929077,O,0.9999793767929077,I-MISC,1.357164637738606e-05,I-ORG,6.7177538767282385e-06
31,CD,I-NP,O,O,0.9999480247497559,O,0.9999480247497559,I-MISC,2.7577721994020976e-05,I-ORG,2.3234289983520284e-05
24,CD,I-NP,O,O,0.9999352693557739,O,0.9999352693557739,I-ORG,3.709302472998388e-05,I-MISC,2.6570465706754476e-05
