0,1,2,3,predictions,confidence,pred_1,pred_1_confidence,pred_2,pred_2_confidence,pred_3,pred_3_confidence
Southend,NNP,B-NP,B-ORG,B-ORG,0.7391800284385681,B-ORG,0.7391800284385681,I-ORG,0.14407190680503845,O,0.06904051452875137
22,CD,I-NP,O,O,0.9999839067459106,O,0.9999839067459106,I-ORG,1.351548417005688e-05,I-MISC,1.930694224938634e-06
5,CD,I-NP,O,O,0.999840259552002,O,0.999840259552002,I-ORG,0.00012693025928456336,I-MISC,1.9529927158146165e-05
9,CD,I-NP,O,O,0.9971053004264832,O,0.9971053004264832,I-ORG,0.0015819737454876304,B-ORG,0.0008791839936748147
8,CD,I-NP,O,O,0.999440610408783,O,0.999440610408783,I-ORG,0.0003731850301846862,I-MISC,0.00015332055045291781
23,CD,I-NP,O,O,0.9999911785125732,O,0.9999911785125732,I-MISC,5.026129656471312e-06,I-ORG,3.739978637895547e-06
36,CD,I-NP,O,O,0.9997912049293518,O,0.9997912049293518,I-MISC,0.00011431504390202463,I-ORG,8.929087198339403e-05
24,CD,I-NP,O,O,0.9999269247055054,O,0.9999269247055054,I-ORG,4.261831782059744e-05,I-MISC,2.9277374778757803e-05
