0,1,2,3,predictions,confidence,pred_1,pred_1_confidence,pred_2,pred_2_confidence,pred_3,pred_3_confidence
Grimsby,RB,B-NP,B-ORG,B-ORG,0.8365541100502014,B-ORG,0.8365541100502014,I-ORG,0.14626961946487427,O,0.011034633964300156
22,CD,I-NP,O,O,0.9999237060546875,O,0.9999237060546875,I-ORG,6.62383099552244e-05,I-MISC,5.191962372919079e-06
5,CD,I-NP,O,O,0.9997379183769226,O,0.9997379183769226,I-ORG,0.000209059493499808,B-ORG,3.3828095183707774e-05
6,CD,I-NP,O,O,0.9996336698532104,O,0.9996336698532104,I-ORG,0.00030232153949327767,B-ORG,3.2825348171172664e-05
11,CD,I-NP,O,O,0.9972807168960571,O,0.9972807168960571,I-ORG,0.0023100385442376137,I-MISC,0.00020936767396051437
24,CD,I-NP,O,O,0.9998040795326233,O,0.9998040795326233,I-ORG,0.00017496207146905363,I-MISC,1.5665986211388372e-05
41,CD,I-NP,O,O,0.9994930028915405,O,0.9994930028915405,I-ORG,0.0004391423426568508,I-MISC,5.438570588012226e-05
21,CD,I-NP,O,O,0.9999821186065674,O,0.9999821186065674,I-ORG,1.1722160706995055e-05,I-MISC,5.7960101003118325e-06
