0,1,2,3,predictions,confidence,pred_1,pred_1_confidence,pred_2,pred_2_confidence,pred_3,pred_3_confidence
Bradford,NNP,B-NP,B-ORG,B-ORG,0.8896421790122986,B-ORG,0.8896421790122986,I-ORG,0.10317018628120422,O,0.0030350815504789352
22,CD,I-NP,O,O,0.9999290704727173,O,0.9999290704727173,I-ORG,6.194824527483433e-05,I-MISC,4.589511263475288e-06
5,CD,I-NP,O,O,0.9996881484985352,O,0.9996881484985352,I-ORG,0.00025205122074112296,B-ORG,3.929242302547209e-05
6,CD,I-NP,O,O,0.9995478987693787,O,0.9995478987693787,I-ORG,0.00037874566623941064,B-ORG,4.213700594846159e-05
11,CD,I-NP,O,O,0.9972375631332397,O,0.9972375631332397,I-ORG,0.0023831776343286037,B-ORG,0.0002133842499461025
21,CD,I-NP,O,O,0.9999780654907227,O,0.9999780654907227,I-ORG,1.88513095054077e-05,I-MISC,2.0003724330308614e-06
37,CD,I-NP,O,O,0.9999169111251831,O,0.9999169111251831,I-ORG,7.038192416075617e-05,I-MISC,1.0946902875730302e-05
21,CD,I-NP,O,O,0.9999924898147583,O,0.9999924898147583,I-ORG,4.5461824811354745e-06,I-MISC,2.735586122071254e-06
