0,1,2,3,predictions,confidence,pred_1,pred_1_confidence,pred_2,pred_2_confidence,pred_3,pred_3_confidence
Oldham,NNP,B-NP,B-ORG,B-ORG,0.8639405369758606,B-ORG,0.8639405369758606,I-ORG,0.10651266574859619,B-MISC,0.006703908089548349
22,CD,I-NP,O,O,0.9999701976776123,O,0.9999701976776123,I-ORG,2.6300653189537115e-05,I-MISC,1.875040311460907e-06
4,CD,I-NP,O,O,0.9999501705169678,O,0.9999501705169678,I-ORG,3.962907430832274e-05,B-ORG,5.264767423796002e-06
8,CD,I-NP,O,O,0.9992967844009399,O,0.9992967844009399,I-ORG,0.0005298705655150115,I-MISC,0.00011342385550960898
10,CD,I-NP,O,O,0.9998849630355835,O,0.9998849630355835,I-ORG,7.682007708353922e-05,I-MISC,3.3581116440473124e-05
23,CD,I-NP,O,O,0.9999897480010986,O,0.9999897480010986,I-ORG,6.060319719836116e-06,I-MISC,4.012872523162514e-06
28,CD,I-NP,O,O,0.9998250603675842,O,0.9998250603675842,I-ORG,0.00010114513133885339,I-MISC,7.062327495077625e-05
20,CD,I-NP,O,O,0.9999521970748901,O,0.9999521970748901,I-ORG,2.3610989956068806e-05,I-MISC,2.32606143981684e-05
