0,1,2,3,predictions,confidence,pred_1,pred_1_confidence,pred_2,pred_2_confidence,pred_3,pred_3_confidence
Millwall,NNP,B-NP,B-ORG,B-ORG,0.891076922416687,B-ORG,0.891076922416687,I-ORG,0.09646343439817429,O,0.003030650783330202
22,CD,I-NP,O,O,0.9999690055847168,O,0.9999690055847168,I-ORG,2.5934758014045656e-05,I-MISC,3.2403593195340363e-06
11,CD,I-NP,O,O,0.9988783001899719,O,0.9988783001899719,I-ORG,0.0009046451305039227,I-MISC,0.00010515350732021034
7,CD,I-NP,O,O,0.9995691180229187,O,0.9995691180229187,I-ORG,0.0003527043154463172,I-MISC,4.525248732534237e-05
4,CD,I-NP,O,O,0.999972939491272,O,0.999972939491272,I-ORG,1.7682899851934053e-05,I-MISC,7.735695362498518e-06
32,CD,I-NP,O,O,0.999929666519165,O,0.999929666519165,I-MISC,3.8455102185253054e-05,I-ORG,3.006292536156252e-05
22,CD,I-NP,O,O,0.9999948740005493,O,0.9999948740005493,I-MISC,3.1177485197986243e-06,I-ORG,1.9284025256638415e-06
40,CD,I-NP,O,O,0.999849796295166,O,0.999849796295166,I-MISC,9.678443893790245e-05,I-ORG,4.3320604163454846e-05
