0,1,2,3,predictions,confidence,pred_1,pred_1_confidence,pred_2,pred_2_confidence,pred_3,pred_3_confidence
Bury,VB,B-VP,B-ORG,B-ORG,0.8556182384490967,B-ORG,0.8556182384490967,I-ORG,0.10864313691854477,O,0.025160612538456917
21,CD,B-NP,O,O,0.999966025352478,O,0.999966025352478,I-ORG,2.9154167350498028e-05,I-MISC,2.477000634826254e-06
11,CD,I-NP,O,O,0.9974164962768555,O,0.9974164962768555,I-ORG,0.0021823684219270945,I-MISC,0.00022000166063662618
6,CD,I-NP,O,O,0.9995369911193848,O,0.9995369911193848,I-ORG,0.00038777993177063763,I-MISC,4.631622141459957e-05
4,CD,I-NP,O,O,0.9999644756317139,O,0.9999644756317139,I-ORG,2.2827118300483562e-05,I-MISC,1.0749214197858237e-05
33,CD,I-NP,O,O,0.9999139308929443,O,0.9999139308929443,I-MISC,4.512774830800481e-05,I-ORG,3.857831688947044e-05
20,CD,I-NP,O,O,0.999972939491272,O,0.999972939491272,I-MISC,1.6499119738000445e-05,I-ORG,9.556965778756421e-06
39,CD,I-NP,O,O,0.9990221261978149,O,0.9990221261978149,I-MISC,0.0005623815231956542,I-ORG,0.0003002806624863297
