0,1,2,3,predictions,confidence,pred_1,pred_1_confidence,pred_2,pred_2_confidence,pred_3,pred_3_confidence
Luton,NN,B-NP,B-ORG,B-ORG,0.8921073079109192,B-ORG,0.8921073079109192,I-ORG,0.09844808280467987,I-MISC,0.002779959235340357
21,CD,I-NP,O,O,0.9999585151672363,O,0.9999585151672363,I-ORG,3.600347918109037e-05,B-ORG,2.757910351647297e-06
11,CD,I-NP,O,O,0.9970018267631531,O,0.9970018267631531,I-ORG,0.0025745106395334005,I-MISC,0.00021290758741088212
4,CD,I-NP,O,O,0.9999393224716187,O,0.9999393224716187,I-ORG,4.673672447097488e-05,I-MISC,9.50815410760697e-06
6,CD,I-NP,O,O,0.9998076558113098,O,0.9998076558113098,I-ORG,0.00011289365647826344,I-MISC,7.115924381650984e-05
34,CD,I-NP,O,O,0.9999362230300903,O,0.9999362230300903,I-ORG,3.201420986442827e-05,I-MISC,3.0176179279806092e-05
25,CD,I-NP,O,O,0.999970555305481,O,0.999970555305481,I-ORG,1.6750098438933492e-05,I-MISC,1.2061801498930436e-05
37,CD,I-NP,O,O,0.9999523162841797,O,0.9999523162841797,I-ORG,2.5958697733585723e-05,I-MISC,2.0862018573097885e-05
