0,1,2,3,predictions,confidence,pred_1,pred_1_confidence,pred_2,pred_2_confidence,pred_3,pred_3_confidence
Burnley,RB,B-NP,B-ORG,B-ORG,0.8368393182754517,B-ORG,0.8368393182754517,I-ORG,0.13964730501174927,O,0.011630779132246971
22,CD,I-NP,O,O,0.9999070167541504,O,0.9999070167541504,I-ORG,8.10152487247251e-05,I-MISC,6.738080628565513e-06
11,CD,I-NP,O,O,0.9971539974212646,O,0.9971539974212646,I-ORG,0.002389700384810567,B-ORG,0.0002914620563387871
4,CD,I-NP,O,O,0.9999324083328247,O,0.9999324083328247,I-ORG,5.33845741301775e-05,I-MISC,7.096179160726024e-06
7,CD,I-NP,O,O,0.9997434020042419,O,0.9997434020042419,I-ORG,0.00018714410543907434,I-MISC,5.6380922615062445e-05
30,CD,B-NP,O,O,0.9999897480010986,O,0.9999897480010986,I-ORG,6.9791854002687614e-06,I-MISC,2.9438342608045787e-06
22,CD,I-NP,O,O,0.9999954700469971,O,0.9999954700469971,I-ORG,2.937882754849852e-06,I-MISC,1.496934714850795e-06
37,CD,I-NP,O,O,0.9999716281890869,O,0.9999716281890869,I-ORG,1.4307663150248118e-05,I-MISC,1.3572150237450842e-05
