0,1,2,3,predictions,confidence,pred_1,pred_1_confidence,pred_2,pred_2_confidence,pred_3,pred_3_confidence
Chesterfield,NNP,B-NP,B-ORG,B-ORG,0.8796325325965881,B-ORG,0.8796325325965881,I-ORG,0.10256429016590118,O,0.013525238260626793
21,CD,I-NP,O,O,0.9999591112136841,O,0.9999591112136841,I-ORG,3.539745375746861e-05,B-ORG,3.054666876778356e-06
11,CD,I-NP,O,O,0.996908962726593,O,0.996908962726593,I-ORG,0.002664061263203621,B-ORG,0.0002508275501895696
4,CD,I-NP,O,O,0.9999135732650757,O,0.9999135732650757,I-ORG,7.019098848104477e-05,B-ORG,8.176553819794208e-06
6,CD,I-NP,O,O,0.9997355341911316,O,0.9997355341911316,I-ORG,0.00021221353381406516,I-MISC,3.603563891374506e-05
22,CD,I-NP,O,O,0.9999934434890747,O,0.9999934434890747,I-ORG,4.8635838538757525e-06,I-MISC,1.463157900616352e-06
16,CD,I-NP,O,O,0.9994083642959595,O,0.9994083642959595,I-ORG,0.00041206349851563573,I-MISC,0.00015949674707371742
37,CD,I-NP,O,O,0.9999688863754272,O,0.9999688863754272,I-ORG,1.6330939615727402e-05,I-MISC,1.4155304597807117e-05
