0,1,2,3,predictions,confidence,pred_1,pred_1_confidence,pred_2,pred_2_confidence,pred_3,pred_3_confidence
Stockport,VB,B-VP,B-ORG,B-ORG,0.8481089472770691,B-ORG,0.8481089472770691,I-ORG,0.1148008480668068,O,0.022686323150992393
22,CD,B-NP,O,O,0.9999821186065674,O,0.9999821186065674,I-ORG,1.4509959328279365e-05,I-MISC,2.4967323497548932e-06
10,CD,I-NP,O,O,0.9997789263725281,O,0.9997789263725281,I-ORG,0.00017249277152586728,I-MISC,3.447898052399978e-05
6,CD,I-NP,O,O,0.9997311234474182,O,0.9997311234474182,I-ORG,0.00020645681070163846,I-MISC,4.779309529112652e-05
6,CD,I-NP,O,O,0.9998258948326111,O,0.9998258948326111,I-ORG,0.00011475539213279262,I-MISC,5.253999916021712e-05
29,CD,I-NP,O,O,0.9997815489768982,O,0.9997815489768982,I-MISC,0.00011649545194813982,I-ORG,9.533858974464238e-05
25,CD,I-NP,O,O,0.999922513961792,O,0.999922513961792,I-MISC,5.1430819439701736e-05,I-ORG,2.2644335331278853e-05
36,CD,I-NP,O,O,0.9998119473457336,O,0.9998119473457336,I-MISC,0.00011573192023206502,I-ORG,6.0541220591403544e-05
