0,1,2,3,predictions,confidence,pred_1,pred_1_confidence,pred_2,pred_2_confidence,pred_3,pred_3_confidence
Wrexham,UH,B-INTJ,B-ORG,B-ORG,0.8059178590774536,B-ORG,0.8059178590774536,I-ORG,0.11438317596912384,B-LOC,0.01953570358455181
20,CD,B-NP,O,O,0.9999035596847534,O,0.9999035596847534,I-ORG,8.29897471703589e-05,I-MISC,9.072437023860402e-06
9,CD,I-NP,O,O,0.9914035201072693,O,0.9914035201072693,I-ORG,0.004788600839674473,B-ORG,0.0031039766035974026
8,CD,I-NP,O,O,0.9970218539237976,O,0.9970218539237976,I-ORG,0.002425404032692313,I-MISC,0.0003423437010496855
3,CD,I-NP,O,O,0.9999356269836426,O,0.9999356269836426,I-ORG,4.644016007659957e-05,I-MISC,1.4849495528324042e-05
27,CD,I-NP,O,O,0.9999892711639404,O,0.9999892711639404,I-ORG,6.034509169694502e-06,I-MISC,4.520853508438449e-06
22,CD,I-NP,O,O,0.9999955892562866,O,0.9999955892562866,I-MISC,3.1785605187906185e-06,I-ORG,1.0957304539260804e-06
35,CD,I-NP,O,O,0.9999595880508423,O,0.9999595880508423,I-MISC,2.809058059938252e-05,I-ORG,8.710308975423686e-06
