0,1,2,3,predictions,confidence,pred_1,pred_1_confidence,pred_2,pred_2_confidence,pred_3,pred_3_confidence
Watford,NNP,B-NP,B-ORG,B-ORG,0.8614076972007751,B-ORG,0.8614076972007751,I-ORG,0.11499722301959991,O,0.014650662429630756
21,CD,I-NP,O,O,0.9999741315841675,O,0.9999741315841675,I-ORG,2.215193489973899e-05,I-MISC,1.923946456372505e-06
9,CD,I-NP,O,O,0.9953352808952332,O,0.9953352808952332,I-ORG,0.002528574550524354,B-ORG,0.0016108928248286247
9,CD,I-NP,O,O,0.9963719844818115,O,0.9963719844818115,I-ORG,0.0020391892176121473,B-ORG,0.0009577172459103167
3,CD,I-NP,O,O,0.999969482421875,O,0.999969482421875,I-ORG,1.760352279234212e-05,I-MISC,1.1656530659820419e-05
24,CD,I-NP,O,O,0.9999799728393555,O,0.9999799728393555,I-MISC,1.3592768482340034e-05,I-ORG,6.083608695917064e-06
18,CD,I-NP,O,O,0.9998384714126587,O,0.9998384714126587,I-MISC,0.00012281427916605026,I-ORG,2.3446309569408186e-05
36,CD,I-NP,O,O,0.9998946189880371,O,0.9998946189880371,I-MISC,6.919768202351406e-05,I-ORG,3.035963345610071e-05
