0,1,2,3,predictions,confidence,pred_1,pred_1_confidence,pred_2,pred_2_confidence,pred_3,pred_3_confidence
Crewe,VB,B-VP,B-ORG,B-ORG,0.8903618454933167,B-ORG,0.8903618454933167,I-ORG,0.09629151225090027,O,0.004124528728425503
21,CD,B-NP,O,O,0.9999558925628662,O,0.9999558925628662,I-ORG,3.8275069528026506e-05,B-ORG,3.3534577141836053e-06
11,CD,I-NP,O,O,0.9965631365776062,O,0.9965631365776062,I-ORG,0.0029698878061026335,B-ORG,0.0002874117926694453
1,CD,I-NP,O,O,0.9992040991783142,O,0.9992040991783142,I-ORG,0.0005690065445378423,B-ORG,0.0001656401000218466
9,CD,I-NP,O,O,0.9918107986450195,O,0.9918107986450195,I-ORG,0.004661437589675188,B-ORG,0.002645943546667695
29,CD,I-NP,O,O,0.9995802044868469,O,0.9995802044868469,I-ORG,0.00033848558086901903,I-MISC,6.741416291333735e-05
21,CD,I-NP,O,O,0.9999897480010986,O,0.9999897480010986,I-ORG,5.78406115891994e-06,I-MISC,4.1404759940633085e-06
34,CD,I-NP,O,O,0.9999150037765503,O,0.9999150037765503,I-MISC,5.0788894441211596e-05,I-ORG,3.1360905268229544e-05
