0,1,2,3,predictions,confidence,pred_1,pred_1_confidence,pred_2,pred_2_confidence,pred_3,pred_3_confidence
Bristol,NNP,B-NP,B-ORG,B-ORG,0.8719751238822937,B-ORG,0.8719751238822937,I-ORG,0.1030922681093216,O,0.006538543850183487
City,NNP,I-NP,I-ORG,I-ORG,0.7630791664123535,B-ORG,0.7630791664123535,I-ORG,0.21771597862243652,I-MISC,0.006867918185889721
21,CD,I-NP,O,O,0.9997851252555847,O,0.9997851252555847,I-ORG,0.00018953884136863053,I-MISC,1.44213836392737e-05
9,CD,I-NP,O,O,0.9906260967254639,O,0.9906260967254639,I-ORG,0.005514080170542002,B-ORG,0.0026555857621133327
6,CD,I-NP,O,O,0.9991676807403564,O,0.9991676807403564,I-ORG,0.0006175905582495034,I-MISC,0.00018680887296795845
6,CD,I-NP,O,O,0.9996968507766724,O,0.9996968507766724,I-ORG,0.00015102284669410437,I-MISC,0.00014230726810637861
36,CD,I-NP,O,O,0.9998093247413635,O,0.9998093247413635,I-MISC,0.00011542817810550332,I-ORG,6.964652129681781e-05
23,CD,I-NP,O,O,0.9999798536300659,O,0.9999798536300659,I-ORG,1.0436357115395367e-05,I-MISC,9.295123163610697e-06
33,CD,I-NP,O,O,0.9996341466903687,O,0.9996341466903687,I-MISC,0.00018097857537213713,I-ORG,0.00017137109534814954
