0,1,2,3,predictions,confidence,pred_1,pred_1_confidence,pred_2,pred_2_confidence,pred_3,pred_3_confidence
Bristol,NNP,B-NP,B-ORG,B-ORG,0.8603367805480957,B-ORG,0.8603367805480957,I-ORG,0.10898534953594208,O,0.01527042593806982
Rovers,NNP,I-NP,I-ORG,I-ORG,0.7763486504554749,B-ORG,0.7763486504554749,I-ORG,0.16749794781208038,O,0.04623597860336304
22,CD,I-NP,O,O,0.9999634027481079,O,0.9999634027481079,I-ORG,3.097384251304902e-05,I-MISC,4.2577357817208394e-06
7,CD,I-NP,O,O,0.9989308714866638,O,0.9989308714866638,I-ORG,0.0008790016872808337,I-MISC,0.00012583717762026936
7,CD,I-NP,O,O,0.998802900314331,O,0.998802900314331,I-ORG,0.0009923871839419007,I-MISC,0.0001442645734641701
8,CD,I-NP,O,O,0.9978488683700562,O,0.9978488683700562,I-ORG,0.0017003911780193448,I-MISC,0.0003147183742839843
22,CD,I-NP,O,O,0.9999872446060181,O,0.9999872446060181,I-ORG,8.7263724708464e-06,I-MISC,3.8350863178493455e-06
23,CD,I-NP,O,O,0.9999843835830688,O,0.9999843835830688,I-ORG,7.815036951797083e-06,I-MISC,7.494948022213066e-06
28,CD,I-NP,O,O,0.9997169375419617,O,0.9997169375419617,I-MISC,0.0001527825224911794,I-ORG,0.00012227953993715346
