0,1,2,3,predictions,confidence,pred_1,pred_1_confidence,pred_2,pred_2_confidence,pred_3,pred_3_confidence
Shrewsbury,RB,B-NP,B-ORG,B-ORG,0.7983840703964233,B-ORG,0.7983840703964233,I-ORG,0.16520459949970245,O,0.030294492840766907
22,CD,I-NP,O,O,0.999930739402771,O,0.999930739402771,I-ORG,5.866264837095514e-05,I-MISC,7.224790806503734e-06
7,CD,I-NP,O,O,0.9993281364440918,O,0.9993281364440918,I-ORG,0.0005402722745202482,I-MISC,7.801657193340361e-05
6,CD,I-NP,O,O,0.9994237422943115,O,0.9994237422943115,I-ORG,0.00046626082621514797,I-MISC,7.751813245704398e-05
9,CD,I-NP,O,O,0.9957512617111206,O,0.9957512617111206,I-ORG,0.0022981290239840746,I-MISC,0.0009486933122389019
26,CD,B-NP,O,O,0.9999178647994995,O,0.9999178647994995,I-ORG,4.884506779490039e-05,I-MISC,3.194505916326307e-05
33,CD,I-NP,O,O,0.9997422099113464,O,0.9997422099113464,I-ORG,0.00017734368157107383,I-MISC,7.636022928636521e-05
27,CD,I-NP,O,O,0.9999585151672363,O,0.9999585151672363,I-ORG,2.460425275785383e-05,I-MISC,1.621164301468525e-05
