0,1,2,3,predictions,confidence,pred_1,pred_1_confidence,pred_2,pred_2_confidence,pred_3,pred_3_confidence
Blackpool,NNP,B-NP,B-ORG,B-ORG,0.8484846353530884,B-ORG,0.8484846353530884,I-ORG,0.10013124346733093,B-PER,0.01338290050625801
22,CD,I-NP,O,O,0.9999841451644897,O,0.9999841451644897,I-ORG,1.3072067304165103e-05,I-MISC,2.037202420979156e-06
5,CD,I-NP,O,O,0.9998314380645752,O,0.9998314380645752,I-ORG,0.00013221331755630672,I-MISC,2.257804044347722e-05
10,CD,I-NP,O,O,0.9997707009315491,O,0.9997707009315491,I-ORG,0.0001762228348525241,I-MISC,4.1325656638946384e-05
7,CD,I-NP,O,O,0.999626874923706,O,0.999626874923706,I-ORG,0.00028521832427941263,I-MISC,6.967746594455093e-05
22,CD,I-NP,O,O,0.9999903440475464,O,0.9999903440475464,I-ORG,6.870822744531324e-06,I-MISC,2.5630256459407974e-06
24,CD,I-NP,O,O,0.9999432563781738,O,0.9999432563781738,I-ORG,3.32619711116422e-05,I-MISC,2.2589523723581806e-05
25,CD,I-NP,O,O,0.9999088048934937,O,0.9999088048934937,I-MISC,5.2161311032250524e-05,I-ORG,3.676459164125845e-05
