0,1,2,3,predictions,confidence,pred_1,pred_1_confidence,pred_2,pred_2_confidence,pred_3,pred_3_confidence
Walsall,NNP,B-NP,B-ORG,B-ORG,0.9026239514350891,B-ORG,0.9026239514350891,I-ORG,0.08697876334190369,O,0.0036617103032767773
21,CD,I-NP,O,O,0.9999592304229736,O,0.9999592304229736,I-ORG,3.535319410730153e-05,B-ORG,3.028035507668392e-06
7,CD,I-NP,O,O,0.9988855719566345,O,0.9988855719566345,I-ORG,0.0009579077013768256,B-ORG,8.398609497817233e-05
4,CD,I-NP,O,O,0.9999197721481323,O,0.9999197721481323,I-ORG,6.513157131848857e-05,I-MISC,8.23840127850417e-06
10,CD,I-NP,O,O,0.9997569918632507,O,0.9997569918632507,I-ORG,0.0001904370728880167,I-MISC,4.174412606516853e-05
21,CD,I-NP,O,O,0.9999947547912598,O,0.9999947547912598,I-ORG,3.2366067443945212e-06,I-MISC,1.939553158081253e-06
25,CD,I-NP,O,O,0.9999775886535645,O,0.9999775886535645,I-MISC,1.415207952959463e-05,I-ORG,7.6039709711039905e-06
25,CD,I-NP,O,O,0.9999790191650391,O,0.9999790191650391,I-MISC,1.32321192722884e-05,I-ORG,7.142373306123773e-06
