0,1,2,3,predictions,confidence,pred_1,pred_1_confidence,pred_2,pred_2_confidence,pred_3,pred_3_confidence
Bournemouth,NNP,B-NP,B-ORG,B-ORG,0.8874555826187134,B-ORG,0.8874555826187134,I-ORG,0.09921442717313766,O,0.004822980612516403
22,CD,I-NP,O,O,0.9999532699584961,O,0.9999532699584961,I-ORG,4.0622362575959414e-05,I-MISC,3.4407712519168854e-06
7,CD,I-NP,O,O,0.999148964881897,O,0.999148964881897,I-ORG,0.000718186201993376,B-ORG,7.470800483133644e-05
4,CD,I-NP,O,O,0.9999179840087891,O,0.9999179840087891,I-ORG,6.537527224281803e-05,I-MISC,9.276722266804427e-06
11,CD,I-NP,O,O,0.9985253214836121,O,0.9985253214836121,I-ORG,0.0011504649883136153,I-MISC,0.00024996374850161374
20,CD,I-NP,O,O,0.9999672174453735,O,0.9999672174453735,I-ORG,2.4599281459813938e-05,I-MISC,7.407656994473655e-06
27,CD,I-NP,O,O,0.9999872446060181,O,0.9999872446060181,I-ORG,7.360265954048373e-06,I-MISC,5.171906195755582e-06
25,CD,I-NP,O,O,0.9999386072158813,O,0.9999386072158813,I-MISC,3.605282472562976e-05,I-ORG,2.37651911447756e-05
