0,1,2,3,predictions,confidence,pred_1,pred_1_confidence,pred_2,pred_2_confidence,pred_3,pred_3_confidence
Plymouth,NN,B-NP,B-ORG,B-ORG,0.8510149717330933,B-ORG,0.8510149717330933,I-ORG,0.1235426589846611,O,0.01164043415337801
22,CD,I-NP,O,O,0.9999624490737915,O,0.9999624490737915,I-ORG,3.2044645195128396e-05,I-MISC,3.865393409796525e-06
5,CD,I-NP,O,O,0.9997536540031433,O,0.9997536540031433,I-ORG,0.00019930578127969056,I-MISC,2.588163988548331e-05
8,CD,I-NP,O,O,0.9989833235740662,O,0.9989833235740662,I-ORG,0.0007872711285017431,I-MISC,0.00014335152809508145
9,CD,I-NP,O,O,0.9975559711456299,O,0.9975559711456299,I-ORG,0.0012782963458448648,I-MISC,0.0005721269408240914
24,CD,I-NP,O,O,0.9999452829360962,O,0.9999452829360962,I-ORG,3.0035538657102734e-05,I-MISC,2.386873893556185e-05
31,CD,I-NP,O,O,0.9999558925628662,O,0.9999558925628662,I-MISC,3.0389737730729394e-05,I-ORG,1.2593438441399485e-05
23,CD,I-NP,O,O,0.9999849796295166,O,0.9999849796295166,I-MISC,7.737477972113993e-06,I-ORG,6.968178240640555e-06
