0,1,2,3,predictions,confidence,pred_1,pred_1_confidence,pred_2,pred_2_confidence,pred_3,pred_3_confidence
Peterborough,NNP,B-NP,B-ORG,B-ORG,0.8568617701530457,B-ORG,0.8568617701530457,I-ORG,0.11935706436634064,O,0.014463025145232677
22,CD,I-NP,O,O,0.999940037727356,O,0.999940037727356,I-ORG,5.334141678758897e-05,I-MISC,3.348892050780705e-06
4,CD,I-NP,O,O,0.999927282333374,O,0.999927282333374,I-ORG,5.843117833137512e-05,B-ORG,7.658964932488743e-06
8,CD,I-NP,O,O,0.9987731575965881,O,0.9987731575965881,I-ORG,0.0009428292396478355,I-MISC,0.0001815620926208794
10,CD,I-NP,O,O,0.999729573726654,O,0.999729573726654,I-ORG,0.00018304854165762663,I-MISC,7.626269507454708e-05
32,CD,I-NP,O,O,0.9998157620429993,O,0.9998157620429993,I-ORG,0.00012965057976543903,I-MISC,5.085752491140738e-05
41,CD,I-NP,O,O,0.999880313873291,O,0.999880313873291,I-ORG,8.686852379469201e-05,I-MISC,2.981714715133421e-05
20,CD,I-NP,O,O,0.9999591112136841,O,0.9999591112136841,I-ORG,2.0851481167483144e-05,I-MISC,1.9145272744935937e-05
