0,1,2,3,predictions,confidence,pred_1,pred_1_confidence,pred_2,pred_2_confidence,pred_3,pred_3_confidence
Notts,NNP,B-NP,B-ORG,B-ORG,0.763359010219574,B-ORG,0.763359010219574,I-ORG,0.14930346608161926,O,0.02693665586411953
County,NNP,I-NP,I-ORG,I-ORG,0.7535581588745117,B-ORG,0.7535581588745117,I-ORG,0.17813031375408173,O,0.055475857108831406
21,CD,I-NP,O,O,0.9999723434448242,O,0.9999723434448242,I-ORG,2.3764654542901553e-05,I-MISC,2.273150585097028e-06
5,CD,I-NP,O,O,0.9998069405555725,O,0.9998069405555725,I-ORG,0.0001509452995378524,I-MISC,2.842237699951511e-05
5,CD,I-NP,O,O,0.9998934268951416,O,0.9998934268951416,I-ORG,7.838049350539222e-05,I-MISC,2.139134448952973e-05
11,CD,I-NP,O,O,0.9995160102844238,O,0.9995160102844238,I-ORG,0.0003416992840357125,I-MISC,0.00011881413229275495
15,CD,I-NP,O,O,0.999920129776001,O,0.999920129776001,I-ORG,5.45630173292011e-05,I-MISC,2.196968489442952e-05
23,CD,I-NP,O,O,0.9999942779541016,O,0.9999942779541016,I-ORG,3.5807545373245375e-06,I-MISC,2.090554289679858e-06
20,CD,I-NP,O,O,0.9999613761901855,O,0.9999613761901855,I-MISC,1.9347548004589044e-05,I-ORG,1.8423639630782418e-05
