0,1,2,3,predictions,confidence,pred_1,pred_1_confidence,pred_2,pred_2_confidence,pred_3,pred_3_confidence
Wycombe,NNP,B-NP,B-ORG,B-ORG,0.8085977435112,B-ORG,0.8085977435112,I-ORG,0.1366468071937561,O,0.028594085946679115
22,CD,I-NP,O,O,0.9999756813049316,O,0.9999756813049316,I-ORG,2.1319701772881672e-05,I-MISC,1.7333314872303163e-06
4,CD,I-NP,O,O,0.9999648332595825,O,0.9999648332595825,I-ORG,2.7655249141389504e-05,I-MISC,4.1562766455172095e-06
5,CD,I-NP,O,O,0.9999428987503052,O,0.9999428987503052,I-ORG,3.9434482459910214e-05,I-MISC,1.4654111510026269e-05
13,CD,I-NP,O,O,0.9999709129333496,O,0.9999709129333496,I-MISC,1.5182936294877436e-05,I-ORG,1.2896901353087742e-05
17,CD,I-NP,O,O,0.9995278120040894,O,0.9995278120040894,I-MISC,0.000262522284174338,I-ORG,0.00015541014727205038
33,CD,I-NP,O,O,0.9998764991760254,O,0.9998764991760254,I-MISC,6.917215068824589e-05,I-ORG,4.8069574404507875e-05
17,CD,I-NP,O,O,0.9991670846939087,O,0.9991670846939087,I-MISC,0.0004598888335749507,I-ORG,0.0003076459397561848
