0,1,2,3,predictions,confidence,pred_1,pred_1_confidence,pred_2,pred_2_confidence,pred_3,pred_3_confidence
Rotherham,NNP,B-NP,B-ORG,B-ORG,0.9078131318092346,B-ORG,0.9078131318092346,I-ORG,0.08766942471265793,B-MISC,0.0011494928039610386
21,CD,I-NP,O,O,0.9999369382858276,O,0.9999369382858276,I-ORG,5.459422754938714e-05,B-ORG,4.6291447688417975e-06
3,CD,I-NP,O,O,0.9999246597290039,O,0.9999246597290039,I-ORG,5.913947461522184e-05,I-MISC,9.039455107995309e-06
6,CD,I-NP,O,O,0.9998123049736023,O,0.9998123049736023,I-ORG,0.00014103537250775844,I-MISC,3.724172347574495e-05
12,CD,I-NP,O,O,0.9999252557754517,O,0.9999252557754517,I-ORG,4.118952710996382e-05,I-MISC,3.1287378078559414e-05
18,CD,I-NP,O,O,0.9998718500137329,O,0.9998718500137329,I-MISC,8.465965220239013e-05,I-ORG,3.595668022171594e-05
33,CD,I-NP,O,O,0.9999227523803711,O,0.9999227523803711,I-ORG,4.247604010743089e-05,I-MISC,3.329420360387303e-05
15,CD,I-NP,O,O,0.999842643737793,O,0.999842643737793,I-ORG,7.708660268690437e-05,I-MISC,7.435047155013308e-05
