0,1,2,3,predictions,confidence,pred_1,pred_1_confidence,pred_2,pred_2_confidence,pred_3,pred_3_confidence
Cambridge,NNP,B-NP,B-ORG,B-ORG,0.8626012206077576,B-ORG,0.8626012206077576,I-ORG,0.10378263145685196,O,0.018041834235191345
22,CD,I-NP,O,O,0.9999754428863525,O,0.9999754428863525,I-ORG,2.1350319002522156e-05,I-MISC,2.008556521104765e-06
13,CD,I-NP,O,O,0.9997841715812683,O,0.9997841715812683,I-ORG,0.0001843997888499871,I-MISC,1.8237049516756088e-05
3,CD,I-NP,O,O,0.9998282194137573,O,0.9998282194137573,I-ORG,0.00013772188685834408,I-MISC,2.090663110720925e-05
6,CD,I-NP,O,O,0.9995051622390747,O,0.9995051622390747,I-ORG,0.0003828094049822539,I-MISC,8.754278678679839e-05
33,CD,I-NP,O,O,0.9997661709785461,O,0.9997661709785461,I-ORG,0.0001832409034250304,I-MISC,4.659197657019831e-05
27,CD,I-NP,O,O,0.9999696016311646,O,0.9999696016311646,I-ORG,2.3722426703898236e-05,I-MISC,6.181717253639363e-06
42,CD,I-NP,O,O,0.9998798370361328,O,0.9998798370361328,I-ORG,7.108475983841345e-05,I-MISC,4.729010834125802e-05
