0,1,2,3,predictions,confidence,pred_1,pred_1_confidence,pred_2,pred_2_confidence,pred_3,pred_3_confidence
Carlisle,NNP,B-NP,B-ORG,B-ORG,0.8123310208320618,B-ORG,0.8123310208320618,I-ORG,0.12353204190731049,O,0.017983390018343925
22,CD,I-NP,O,O,0.9999773502349854,O,0.9999773502349854,I-ORG,1.904253804241307e-05,I-MISC,2.565951490396401e-06
11,CD,I-NP,O,O,0.9977729916572571,O,0.9977729916572571,I-ORG,0.001851994195021689,I-MISC,0.0002154992107534781
7,CD,I-NP,O,O,0.9992102384567261,O,0.9992102384567261,I-ORG,0.0006558416644111276,I-MISC,8.688825619174168e-05
4,CD,I-NP,O,O,0.9999545812606812,O,0.9999545812606812,I-ORG,2.9354425350902602e-05,I-MISC,1.3611816029879265e-05
32,CD,I-NP,O,O,0.9998811483383179,O,0.9998811483383179,I-MISC,6.0791713622165844e-05,I-ORG,5.451158722280525e-05
20,CD,I-NP,O,O,0.999969482421875,O,0.999969482421875,I-MISC,1.8228969565825537e-05,I-ORG,1.1415309018047992e-05
40,CD,I-NP,O,O,0.999761164188385,O,0.999761164188385,I-MISC,0.00015283067477867007,I-ORG,7.152987382141873e-05
