0,1,2,3,predictions,confidence,pred_1,pred_1_confidence,pred_2,pred_2_confidence,pred_3,pred_3_confidence
Cardiff,NNP,B-NP,B-ORG,B-ORG,0.8234087824821472,B-ORG,0.8234087824821472,I-ORG,0.15085667371749878,I-MISC,0.005396568216383457
21,CD,I-NP,O,O,0.99992835521698,O,0.99992835521698,I-ORG,6.197496986715123e-05,B-ORG,5.4540237215405796e-06
10,CD,I-NP,O,O,0.9996205568313599,O,0.9996205568313599,I-ORG,0.0003176299505867064,I-MISC,3.470684168860316e-05
4,CD,I-NP,O,O,0.999962329864502,O,0.999962329864502,I-ORG,2.7974017939413898e-05,I-MISC,6.887884865136584e-06
7,CD,I-NP,O,O,0.9997739195823669,O,0.9997739195823669,I-ORG,0.00012397553655318916,I-MISC,9.349716856377199e-05
25,CD,I-NP,O,O,0.9999716281890869,O,0.9999716281890869,I-MISC,1.4208577340468764e-05,I-ORG,1.3627830412588082e-05
22,CD,I-NP,O,O,0.9999939203262329,O,0.9999939203262329,I-MISC,3.2588393423793605e-06,I-ORG,2.7607895844994346e-06
34,CD,I-NP,O,O,0.9999308586120605,O,0.9999308586120605,I-MISC,4.0748291212366894e-05,I-ORG,2.5760602511581965e-05
