0,1,2,3,predictions,confidence,pred_1,pred_1_confidence,pred_2,pred_2_confidence,pred_3,pred_3_confidence
Barnet,NN,B-NP,B-ORG,B-ORG,0.8393003344535828,B-ORG,0.8393003344535828,I-ORG,0.12132443487644196,O,0.014919420704245567
22,CD,I-NP,O,O,0.9999758005142212,O,0.9999758005142212,I-ORG,2.1004552763770334e-05,I-MISC,1.959319661182235e-06
8,CD,I-NP,O,O,0.998415470123291,O,0.998415470123291,I-ORG,0.0012804437428712845,B-ORG,0.00016585065168328583
8,CD,I-NP,O,O,0.998101532459259,O,0.998101532459259,I-ORG,0.001510009285993874,I-MISC,0.00024518975988030434
6,CD,I-NP,O,O,0.9996989965438843,O,0.9996989965438843,I-ORG,0.00020899533410556614,I-MISC,8.082261047093198e-05
23,CD,I-NP,O,O,0.9999774694442749,O,0.9999774694442749,I-MISC,1.1779965461755637e-05,I-ORG,1.0324488357582595e-05
17,CD,I-NP,O,O,0.9974567294120789,O,0.9974567294120789,I-MISC,0.0012851477367803454,I-ORG,0.001034109853208065
32,CD,I-NP,O,O,0.9995250701904297,O,0.9995250701904297,I-MISC,0.00023537575907539576,I-ORG,0.00021900363208260387
