0,1,2,3,predictions,confidence,pred_1,pred_1_confidence,pred_2,pred_2_confidence,pred_3,pred_3_confidence
Scunthorpe,NNP,B-NP,B-ORG,B-ORG,0.8211243748664856,B-ORG,0.8211243748664856,I-ORG,0.10870027542114258,O,0.04666994512081146
22,CD,I-NP,O,O,0.9999760389328003,O,0.9999760389328003,I-ORG,2.061391387542244e-05,I-MISC,2.1239093257463537e-06
9,CD,I-NP,O,O,0.9937399625778198,O,0.9937399625778198,I-ORG,0.003361566923558712,B-ORG,0.002441993448883295
4,CD,I-NP,O,O,0.999967098236084,O,0.999967098236084,I-ORG,2.4235645469161682e-05,I-MISC,6.436147032218287e-06
9,CD,I-NP,O,O,0.9989595413208008,O,0.9989595413208008,I-MISC,0.0004448866529855877,I-ORG,0.00038957083597779274
28,CD,I-NP,O,O,0.9999690055847168,O,0.9999690055847168,I-MISC,2.1618006940116175e-05,I-ORG,8.76824833540013e-06
30,CD,B-NP,O,O,0.9999957084655762,O,0.9999957084655762,I-MISC,3.005881580975256e-06,I-ORG,1.144722887147509e-06
31,CD,I-NP,O,O,0.9999791383743286,O,0.9999791383743286,I-MISC,1.5211409845505841e-05,I-ORG,4.886765509581892e-06
