0,1,2,3,predictions,confidence,pred_1,pred_1_confidence,pred_2,pred_2_confidence,pred_3,pred_3_confidence
Scarborough,NNP,B-NP,B-ORG,B-ORG,0.9138088226318359,B-ORG,0.9138088226318359,I-ORG,0.07908507436513901,B-MISC,0.0028305721934884787
21,CD,I-NP,O,O,0.999951958656311,O,0.999951958656311,I-ORG,4.088005152880214e-05,I-MISC,3.6614057989936555e-06
7,CD,I-NP,O,O,0.9995032548904419,O,0.9995032548904419,I-ORG,0.0003932050312869251,I-MISC,6.905959889991209e-05
9,CD,I-NP,O,O,0.9948881268501282,O,0.9948881268501282,I-ORG,0.0028711091727018356,B-ORG,0.0015584900975227356
5,CD,I-NP,O,O,0.9997993111610413,O,0.9997993111610413,I-ORG,0.00014953043137211353,I-MISC,4.096411430509761e-05
30,CD,B-NP,O,O,0.9999903440475464,O,0.9999903440475464,I-ORG,6.527331152028637e-06,I-MISC,2.8916142582602333e-06
27,CD,I-NP,O,O,0.9999922513961792,O,0.9999922513961792,I-ORG,5.347365004126914e-06,I-MISC,2.2943461317481706e-06
30,CD,B-NP,O,O,0.9999910593032837,O,0.9999910593032837,I-MISC,5.188005161471665e-06,I-ORG,3.5143125387548935e-06
