0,1,2,3,predictions,confidence,pred_1,pred_1_confidence,pred_2,pred_2_confidence,pred_3,pred_3_confidence
Northampton,NN,B-NP,B-ORG,B-ORG,0.6979368925094604,B-ORG,0.6979368925094604,I-ORG,0.14149455726146698,B-MISC,0.05324730649590492
22,CD,I-NP,O,O,0.9998887777328491,O,0.9998887777328491,I-ORG,9.486023191129789e-05,I-MISC,1.1136743523820769e-05
8,CD,I-NP,O,O,0.9986057877540588,O,0.9986057877540588,I-ORG,0.0010666644666343927,I-MISC,0.00016801875608507544
6,CD,I-NP,O,O,0.9997133612632751,O,0.9997133612632751,I-ORG,0.00020767351088579744,I-MISC,6.528552330564708e-05
8,CD,I-NP,O,O,0.9994518160820007,O,0.9994518160820007,I-ORG,0.00026168295880779624,I-MISC,0.0002538883709348738
31,CD,I-NP,O,O,0.9999641180038452,O,0.9999641180038452,I-MISC,2.7999667508993298e-05,I-ORG,6.611498065467458e-06
26,CD,B-NP,O,O,0.9999885559082031,O,0.9999885559082031,I-MISC,6.442967787734233e-06,I-ORG,4.707522293756483e-06
30,CD,I-NP,O,O,0.9999902248382568,O,0.9999902248382568,I-MISC,5.215354576648679e-06,I-ORG,4.336908205004875e-06
