0,1,2,3,predictions,confidence,pred_1,pred_1_confidence,pred_2,pred_2_confidence,pred_3,pred_3_confidence
Lincoln,NNP,B-NP,B-ORG,B-ORG,0.851137638092041,B-ORG,0.851137638092041,I-ORG,0.11385214328765869,B-MISC,0.009957906790077686
22,CD,I-NP,O,O,0.9999743700027466,O,0.9999743700027466,I-ORG,2.234216663055122e-05,I-MISC,2.0905388282699278e-06
8,CD,I-NP,O,O,0.998196542263031,O,0.998196542263031,I-ORG,0.0014537752140313387,B-ORG,0.000189202866749838
6,CD,I-NP,O,O,0.9994574189186096,O,0.9994574189186096,I-ORG,0.00044361394247971475,I-MISC,7.002661732258275e-05
8,CD,I-NP,O,O,0.9985187649726868,O,0.9985187649726868,I-ORG,0.0010183214908465743,I-MISC,0.0003788541944231838
28,CD,I-NP,O,O,0.9997687935829163,O,0.9997687935829163,I-ORG,0.00012844019511248916,I-MISC,9.774345380719751e-05
33,CD,I-NP,O,O,0.9997835755348206,O,0.9997835755348206,I-ORG,0.0001232912327395752,I-MISC,8.93609831109643e-05
30,CD,B-NP,O,O,0.9999676942825317,O,0.9999676942825317,I-ORG,1.591681211721152e-05,I-MISC,1.567442450323142e-05
