0,1,2,3,predictions,confidence,pred_1,pred_1_confidence,pred_2,pred_2_confidence,pred_3,pred_3_confidence
Chester,NNP,B-NP,B-ORG,B-ORG,0.8818414211273193,B-ORG,0.8818414211273193,I-ORG,0.1078314259648323,O,0.006128876004368067
21,CD,I-NP,O,O,0.9999321699142456,O,0.9999321699142456,I-ORG,5.8325022109784186e-05,B-ORG,5.518714260688284e-06
8,CD,I-NP,O,O,0.9988746047019958,O,0.9988746047019958,I-ORG,0.0008777199545875192,B-ORG,0.0001360380119876936
6,CD,I-NP,O,O,0.999658465385437,O,0.999658465385437,I-ORG,0.00026752601843327284,I-MISC,5.4151081712916493e-05
7,CD,I-NP,O,O,0.9996215105056763,O,0.9996215105056763,I-ORG,0.0002617468708194792,I-MISC,0.00010157001815969124
23,CD,I-NP,O,O,0.9999867677688599,O,0.9999867677688599,I-ORG,8.295308361994103e-06,I-MISC,4.728120529762236e-06
23,CD,I-NP,O,O,0.999970555305481,O,0.999970555305481,I-ORG,1.784321284503676e-05,I-MISC,1.1185789844603278e-05
30,CD,B-NP,O,O,0.9999531507492065,O,0.9999531507492065,I-MISC,2.43774957198184e-05,I-ORG,2.164200668630656e-05
