0,1,2,3,predictions,confidence,pred_1,pred_1_confidence,pred_2,pred_2_confidence,pred_3,pred_3_confidence
Hull,NNP,B-NP,B-ORG,B-ORG,0.7354723811149597,B-ORG,0.7354723811149597,I-ORG,0.1356741338968277,B-PER,0.031123101711273193
22,CD,I-NP,O,O,0.999980092048645,O,0.999980092048645,I-ORG,1.6461830455227755e-05,I-MISC,2.5984841158788186e-06
6,CD,I-NP,O,O,0.9996002316474915,O,0.9996002316474915,I-ORG,0.0003181388310622424,I-MISC,5.404943658504635e-05
11,CD,I-NP,O,O,0.9977133274078369,O,0.9977133274078369,I-ORG,0.0018258104100823402,I-MISC,0.0003377609245944768
5,CD,I-NP,O,O,0.9997590184211731,O,0.9997590184211731,I-ORG,0.00018917852139566094,I-MISC,3.603734148782678e-05
20,CD,I-NP,O,O,0.9999659061431885,O,0.9999659061431885,I-ORG,2.6165120289078914e-05,I-MISC,7.013152753643226e-06
22,CD,I-NP,O,O,0.9999946355819702,O,0.9999946355819702,I-ORG,3.527948592818575e-06,I-MISC,1.6717585822334513e-06
29,CD,I-NP,O,O,0.9998488426208496,O,0.9998488426208496,I-ORG,7.636866939719766e-05,I-MISC,7.03627010807395e-05
