0,1,2,3,predictions,confidence,pred_1,pred_1_confidence,pred_2,pred_2_confidence,pred_3,pred_3_confidence
Torquay,RB,B-NP,B-ORG,O,0.5325139760971069,B-ORG,0.5325139760971069,O,0.26412391662597656,I-ORG,0.1897820681333542
22,CD,I-NP,O,O,0.9999665021896362,O,0.9999665021896362,I-ORG,2.9503045880119316e-05,I-MISC,2.099515313602751e-06
8,CD,I-NP,O,O,0.997802197933197,O,0.997802197933197,I-ORG,0.001795280841179192,B-ORG,0.0002681741025298834
4,CD,I-NP,O,O,0.9999290704727173,O,0.9999290704727173,I-ORG,5.70051051909104e-05,I-MISC,7.675422239117324e-06
10,CD,I-NP,O,O,0.999800980091095,O,0.999800980091095,I-ORG,0.00015166688535828143,I-MISC,3.821304926532321e-05
22,CD,I-NP,O,O,0.9999942779541016,O,0.9999942779541016,I-ORG,4.0333134165848605e-06,I-MISC,1.5490944633711479e-06
24,CD,I-NP,O,O,0.9999687671661377,O,0.9999687671661377,I-ORG,1.7673943148110993e-05,I-MISC,1.2990441064175684e-05
28,CD,I-NP,O,O,0.9998887777328491,O,0.9998887777328491,I-MISC,6.332126213237643e-05,I-ORG,4.445148806553334e-05
