0,1,2,3,predictions,confidence,pred_1,pred_1_confidence,pred_2,pred_2_confidence,pred_3,pred_3_confidence
Rochdale,NNP,B-NP,B-ORG,B-ORG,0.8485548496246338,B-ORG,0.8485548496246338,I-ORG,0.13901442289352417,O,0.006152860354632139
21,CD,I-NP,O,O,0.999922513961792,O,0.999922513961792,I-ORG,6.680927617708221e-05,B-ORG,5.9077424339193385e-06
6,CD,I-NP,O,O,0.9995976090431213,O,0.9995976090431213,I-ORG,0.00033135522971861064,I-MISC,3.846766776405275e-05
8,CD,I-NP,O,O,0.9984690546989441,O,0.9984690546989441,I-ORG,0.0011810834985226393,I-MISC,0.00022836857533548027
7,CD,I-NP,O,O,0.9994856119155884,O,0.9994856119155884,I-ORG,0.00035680856672115624,I-MISC,0.000138079296448268
27,CD,I-NP,O,O,0.9999837875366211,O,0.9999837875366211,I-ORG,9.586562555341516e-06,I-MISC,6.471121196227614e-06
26,CD,B-NP,O,O,0.9999741315841675,O,0.9999741315841675,I-MISC,1.7432746972190216e-05,I-ORG,7.81660492066294e-06
26,CD,I-NP,O,O,0.9999732971191406,O,0.9999732971191406,I-MISC,1.6588914149906486e-05,I-ORG,9.592195965524297e-06
