0,1,2,3,predictions,confidence,pred_1,pred_1_confidence,pred_2,pred_2_confidence,pred_3,pred_3_confidence
Exeter,NNP,B-NP,B-ORG,B-ORG,0.8088802695274353,B-ORG,0.8088802695274353,I-ORG,0.16132614016532898,O,0.016014734283089638
22,CD,I-NP,O,O,0.9999407529830933,O,0.9999407529830933,I-ORG,5.0350754463579506e-05,I-MISC,6.171990207803901e-06
7,CD,I-NP,O,O,0.9991268515586853,O,0.9991268515586853,I-ORG,0.0007185079739429057,I-MISC,8.850057929521427e-05
5,CD,I-NP,O,O,0.9995723366737366,O,0.9995723366737366,I-ORG,0.00035093791666440666,I-MISC,4.6504908823408186e-05
10,CD,I-NP,O,O,0.9996515512466431,O,0.9996515512466431,I-ORG,0.0002812227758113295,I-MISC,5.1157210691599175e-05
21,CD,I-NP,O,O,0.9999927282333374,O,0.9999927282333374,I-ORG,4.736981281894259e-06,I-MISC,2.271896391903283e-06
28,CD,I-NP,O,O,0.9999496936798096,O,0.9999496936798096,I-MISC,3.159374318784103e-05,I-ORG,1.7542055502417497e-05
26,CD,B-NP,O,O,0.9999871253967285,O,0.9999871253967285,I-MISC,8.350833923032042e-06,I-ORG,4.300539330870379e-06
