0,1,2,3,predictions,confidence,pred_1,pred_1_confidence,pred_2,pred_2_confidence,pred_3,pred_3_confidence
Mansfield,NNP,B-NP,B-ORG,B-ORG,0.8759943842887878,B-ORG,0.8759943842887878,I-ORG,0.11401668936014175,O,0.007036442402750254
21,CD,I-NP,O,O,0.9999595880508423,O,0.9999595880508423,I-ORG,3.488016955088824e-05,B-ORG,3.0712071747984737e-06
5,CD,I-NP,O,O,0.9997331500053406,O,0.9997331500053406,I-ORG,0.00021864350128453225,B-ORG,2.6145909941988066e-05
9,CD,I-NP,O,O,0.9923496246337891,O,0.9923496246337891,I-ORG,0.004042215645313263,B-ORG,0.003073698142543435
7,CD,I-NP,O,O,0.9992443323135376,O,0.9992443323135376,I-ORG,0.0006393457879312336,I-MISC,6.777926319045946e-05
21,CD,I-NP,O,O,0.9999876022338867,O,0.9999876022338867,I-ORG,1.0163476872548927e-05,I-MISC,1.7522997950436547e-06
22,CD,I-NP,O,O,0.9999934434890747,O,0.9999934434890747,I-ORG,4.445302238309523e-06,I-MISC,2.0073116502317134e-06
24,CD,I-NP,O,O,0.9999743700027466,O,0.9999743700027466,I-ORG,1.3259596016723663e-05,I-MISC,1.1974602784903254e-05
