0,1,2,3,predictions,confidence,pred_1,pred_1_confidence,pred_2,pred_2_confidence,pred_3,pred_3_confidence
Darlington,NNP,B-NP,B-ORG,B-ORG,0.8915429711341858,B-ORG,0.8915429711341858,I-ORG,0.08475961536169052,O,0.005475479643791914
22,CD,I-NP,O,O,0.9999682903289795,O,0.9999682903289795,I-ORG,2.771364052023273e-05,I-MISC,2.2523820462083677e-06
6,CD,I-NP,O,O,0.9994966983795166,O,0.9994966983795166,I-ORG,0.00042760599171742797,B-ORG,4.079225254827179e-05
4,CD,I-NP,O,O,0.9999562501907349,O,0.9999562501907349,I-ORG,3.4369957575108856e-05,I-MISC,5.960220732958987e-06
12,CD,I-NP,O,O,0.9999315738677979,O,0.9999315738677979,I-ORG,4.697086114902049e-05,I-MISC,1.9107079424429685e-05
30,CD,B-NP,O,O,0.9999958276748657,O,0.9999958276748657,I-MISC,2.7722928734874586e-06,I-ORG,1.293020886805607e-06
39,CD,I-NP,O,O,0.9997043013572693,O,0.9997043013572693,I-MISC,0.00019839065498672426,I-ORG,7.948111306177452e-05
22,CD,I-NP,O,O,0.9999955892562866,O,0.9999955892562866,I-MISC,2.1854721126146615e-06,I-ORG,2.174130258936202e-06
