0,1,2,3,predictions,confidence,pred_1,pred_1_confidence,pred_2,pred_2_confidence,pred_3,pred_3_confidence
Hereford,VBN,B-VP,B-ORG,B-ORG,0.7392773628234863,B-ORG,0.7392773628234863,I-ORG,0.13058368861675262,O,0.06974150240421295
22,CD,B-NP,O,O,0.9999871253967285,O,0.9999871253967285,I-ORG,1.0075930731545668e-05,I-MISC,2.233960685771308e-06
6,CD,I-NP,O,O,0.9997918009757996,O,0.9997918009757996,I-ORG,0.00015688661369495094,I-MISC,3.92172769352328e-05
5,CD,I-NP,O,O,0.9999136924743652,O,0.9999136924743652,I-ORG,5.433895785245113e-05,I-MISC,2.7897078325622715e-05
11,CD,I-NP,O,O,0.9996391534805298,O,0.9996391534805298,I-ORG,0.0001818519813241437,I-MISC,0.00016442373453173786
23,CD,I-NP,O,O,0.9999961853027344,O,0.9999961853027344,I-MISC,2.4437704269075766e-06,I-ORG,1.3510127701010788e-06
31,CD,I-NP,O,O,0.9999581575393677,O,0.9999581575393677,I-MISC,2.8521340937004425e-05,I-ORG,1.2079782209184486e-05
23,CD,I-NP,O,O,0.99998939037323,O,0.99998939037323,I-MISC,5.590704404312419e-06,I-ORG,4.907256879960187e-06
