0,1,2,3,predictions,confidence,pred_1,pred_1_confidence,pred_2,pred_2_confidence,pred_3,pred_3_confidence
Hartlepool,NNP,B-NP,B-ORG,B-ORG,0.9221881628036499,B-ORG,0.9221881628036499,I-ORG,0.07145805656909943,O,0.002894255332648754
21,CD,I-NP,O,O,0.999962329864502,O,0.999962329864502,I-ORG,3.262229802203365e-05,B-ORG,2.761563337116968e-06
6,CD,I-NP,O,O,0.9994316697120667,O,0.9994316697120667,I-ORG,0.00048193967086263,B-ORG,4.278192136553116e-05
4,CD,I-NP,O,O,0.9999549388885498,O,0.9999549388885498,I-ORG,3.454416946624406e-05,I-MISC,7.01427325111581e-06
11,CD,I-NP,O,O,0.9994370341300964,O,0.9994370341300964,I-ORG,0.00037573129520751536,I-MISC,0.0001633691426832229
23,CD,I-NP,O,O,0.9999940395355225,O,0.9999940395355225,I-ORG,3.4072093058057362e-06,I-MISC,2.4405815111094853e-06
28,CD,I-NP,O,O,0.9998669624328613,O,0.9998669624328613,I-ORG,7.509624992962927e-05,I-MISC,5.558069096878171e-05
22,CD,I-NP,O,O,0.9999914169311523,O,0.9999914169311523,I-ORG,4.256165993865579e-06,I-MISC,4.168183750152821e-06
