0,1,2,3,predictions,confidence,pred_1,pred_1_confidence,pred_2,pred_2_confidence,pred_3,pred_3_confidence
Brighton,NN,B-NP,B-ORG,B-ORG,0.9228202700614929,B-ORG,0.9228202700614929,I-ORG,0.06851495057344437,B-MISC,0.003946021199226379
22,CD,I-NP,O,O,0.9999663829803467,O,0.9999663829803467,I-ORG,2.9451541195157915e-05,I-MISC,2.416695451756823e-06
3,CD,I-NP,O,O,0.9999219179153442,O,0.9999219179153442,I-ORG,6.28329798928462e-05,I-MISC,7.614214609930059e-06
4,CD,I-NP,O,O,0.9999816417694092,O,0.9999816417694092,I-ORG,1.298618644796079e-05,I-MISC,4.078739038959611e-06
15,CD,I-NP,O,O,0.9999674558639526,O,0.9999674558639526,I-MISC,1.7932547052623704e-05,I-ORG,1.3453367500915192e-05
18,CD,I-NP,O,O,0.9999706745147705,O,0.9999706745147705,I-MISC,1.9927387256757356e-05,I-ORG,8.353388693649322e-06
42,CD,I-NP,O,O,0.9999895095825195,O,0.9999895095825195,I-ORG,7.655176887055859e-06,I-MISC,2.6444254217494745e-06
13,CD,I-NP,O,O,0.9999661445617676,O,0.9999661445617676,I-MISC,1.664954652369488e-05,I-ORG,1.617599991732277e-05
