0,1,2,3,predictions,confidence,pred_1,pred_1_confidence,pred_2,pred_2_confidence,pred_3,pred_3_confidence
SOCCER,NN,B-NP,O,O,0.38212817907333374,O,0.38212817907333374,B-ORG,0.3805082142353058,I-MISC,0.0819113552570343
-,:,O,O,O,0.9988740086555481,O,0.9988740086555481,I-ORG,0.0006030619260855019,I-MISC,0.0004264435265213251
VIEIRA,NNP,B-NP,B-PER,B-LOC,0.4501488208770752,B-ORG,0.4501488208770752,B-LOC,0.22917026281356812,B-PER,0.06616000831127167
SAVES,NNP,I-NP,O,O,0.3515365421772003,B-ORG,0.3515365421772003,O,0.3381236493587494,B-LOC,0.0998871922492981
ARSENAL,NNP,I-NP,B-ORG,B-LOC,0.37164226174354553,B-ORG,0.37164226174354553,B-LOC,0.21983075141906738,O,0.1152942106127739
WITH,IN,B-PP,O,O,0.37601861357688904,B-ORG,0.37601861357688904,O,0.21594557166099548,B-LOC,0.08930815756320953
LAST-MINUTE,NN,B-NP,O,O,0.2447475790977478,B-ORG,0.2447475790977478,O,0.2165789157152176,B-LOC,0.1638956367969513
EQUALISER,NNP,I-NP,O,B-LOC,0.2475612461566925,O,0.2475612461566925,B-LOC,0.19717317819595337,B-ORG,0.17165610194206238
.,.,O,O,O,0.9998302459716797,O,0.9998302459716797,I-MISC,8.968062320491299e-05,I-ORG,6.351192860165611e-05
