0,1,2,3,predictions,confidence,pred_1,pred_1_confidence,pred_2,pred_2_confidence,pred_3,pred_3_confidence
SOCCER,NN,B-NP,O,O,0.6676717400550842,O,0.6676717400550842,I-MISC,0.10260263085365295,B-MISC,0.09588980674743652
-,:,O,O,O,0.9996392726898193,O,0.9996392726898193,I-MISC,0.00023815140593796968,I-ORG,8.000896195881069e-05
SCOTTISH,NNP,B-NP,B-MISC,O,0.29724615812301636,B-MISC,0.29724615812301636,O,0.26524075865745544,I-MISC,0.14135432243347168
LEAGUE,NNP,I-NP,O,O,0.6017546653747559,O,0.6017546653747559,B-ORG,0.14489394426345825,B-MISC,0.07311242073774338
AND,CC,I-NP,O,O,0.7683131098747253,O,0.7683131098747253,B-MISC,0.06143508851528168,B-ORG,0.05743187665939331
CUP,NNP,I-NP,O,O,0.8508527874946594,O,0.8508527874946594,B-MISC,0.0675155445933342,I-MISC,0.035307418555021286
RESULTS,NNS,I-NP,O,O,0.9944450259208679,O,0.9944450259208679,I-MISC,0.0020736856386065483,B-MISC,0.0015697757480666041
.,.,O,O,O,0.9999676942825317,O,0.9999676942825317,I-MISC,2.0483405023696832e-05,I-ORG,8.581866495660506e-06
