0,1,2,3,predictions,confidence,pred_1,pred_1_confidence,pred_2,pred_2_confidence,pred_3,pred_3_confidence
GLASGOW,NNP,B-NP,B-LOC,B-LOC,0.36130350828170776,B-ORG,0.36130350828170776,B-LOC,0.2828190326690674,I-MISC,0.07700974494218826
1996-12-07,CD,I-NP,O,O,0.9997562766075134,O,0.9997562766075134,I-ORG,0.00013945439422968775,I-MISC,7.615228969370946e-05
Results,NNS,B-NP,O,O,0.31687822937965393,O,0.31687822937965393,B-ORG,0.2837582528591156,I-ORG,0.15918457508087158
of,IN,B-PP,O,O,0.9828895926475525,O,0.9828895926475525,I-ORG,0.008507936261594296,I-MISC,0.007440606132149696
Scottish,JJ,B-NP,B-MISC,B-MISC,0.37738510966300964,B-MISC,0.37738510966300964,I-ORG,0.2004554271697998,B-ORG,0.1826942414045334
league,NN,I-NP,O,O,0.997938334941864,O,0.997938334941864,I-ORG,0.0011264964705333114,I-MISC,0.0008224193588830531
and,CC,I-NP,O,O,0.9910739064216614,O,0.9910739064216614,I-ORG,0.004498451482504606,I-MISC,0.0038245627656579018
cup,NN,I-NP,O,O,0.9977031350135803,O,0.9977031350135803,I-MISC,0.001128869829699397,I-ORG,0.0010660204570740461
