0,1,2,3,predictions,confidence,pred_1,pred_1_confidence,pred_2,pred_2_confidence,pred_3,pred_3_confidence
Premier,NNP,B-NP,O,O,0.4850071370601654,B-ORG,0.4850071370601654,O,0.24826845526695251,I-ORG,0.1627357006072998
division,NN,I-NP,O,O,0.9924339056015015,O,0.9924339056015015,I-ORG,0.005450378637760878,B-ORG,0.0012741966638714075
Dunfermline,NNP,B-NP,B-ORG,B-ORG,0.7600829005241394,B-ORG,0.7600829005241394,I-ORG,0.18430207669734955,O,0.04119789972901344
2,CD,I-NP,O,O,0.9998301267623901,O,0.9998301267623901,I-ORG,0.00013283241423778236,I-MISC,2.2806538254371844e-05
Aberdeen,NNP,I-NP,B-ORG,B-ORG,0.579439640045166,B-ORG,0.579439640045166,I-ORG,0.24073439836502075,O,0.09510784596204758
3,CD,I-NP,O,O,0.9999417066574097,O,0.9999417066574097,I-ORG,3.2318104786099866e-05,I-MISC,2.3324479116126895e-05
