0,1,2,3,predictions,confidence,pred_1,pred_1_confidence,pred_2,pred_2_confidence,pred_3,pred_3_confidence
Kilmarnock,NN,B-NP,B-ORG,B-ORG,0.9097593426704407,B-ORG,0.9097593426704407,I-ORG,0.07974380999803543,B-MISC,0.002465542871505022
0,CD,I-NP,O,O,0.9998594522476196,O,0.9998594522476196,I-ORG,0.00011058434756705537,I-MISC,1.549300031911116e-05
Dundee,NNP,I-NP,B-ORG,B-ORG,0.551874041557312,B-ORG,0.551874041557312,I-ORG,0.34488487243652344,I-MISC,0.0370815135538578
United,NNP,I-NP,I-ORG,I-ORG,0.5964383482933044,B-ORG,0.5964383482933044,I-ORG,0.33203813433647156,I-MISC,0.02623242512345314
2,CD,I-NP,O,O,0.9998388290405273,O,0.9998388290405273,I-ORG,0.00010473984002601355,I-MISC,4.8435525968670845e-05
