0,1,2,3,predictions,confidence,pred_1,pred_1_confidence,pred_2,pred_2_confidence,pred_3,pred_3_confidence
Hearts,NNPS,B-NP,B-ORG,B-ORG,0.8791815638542175,B-ORG,0.8791815638542175,I-ORG,0.11466808617115021,O,0.002264939481392503
0,CD,I-NP,O,O,0.9996129870414734,O,0.9996129870414734,I-ORG,0.0003190936695318669,B-ORG,4.12586159654893e-05
Raith,NNP,I-NP,B-ORG,B-ORG,0.7070624828338623,B-ORG,0.7070624828338623,I-ORG,0.25995057821273804,I-MISC,0.014074466191232204
0,CD,I-NP,O,O,0.9997386336326599,O,0.9997386336326599,I-ORG,0.00017469737213104963,I-MISC,7.48755264794454e-05
