0,1,2,3,predictions,confidence,pred_1,pred_1_confidence,pred_2,pred_2_confidence,pred_3,pred_3_confidence
Rangers,NNPS,B-NP,B-ORG,B-ORG,0.865561306476593,B-ORG,0.865561306476593,I-ORG,0.10484609007835388,O,0.01650034822523594
4,CD,I-NP,O,O,0.9999433755874634,O,0.9999433755874634,I-ORG,4.324762994656339e-05,I-MISC,7.858197022869717e-06
Hibernian,JJ,I-NP,B-ORG,B-ORG,0.5870282053947449,B-ORG,0.5870282053947449,I-ORG,0.21947625279426575,B-MISC,0.0853462815284729
3,CD,I-NP,O,O,0.9999575614929199,O,0.9999575614929199,I-ORG,2.2638934751739725e-05,I-MISC,1.7678314179647714e-05
