0,1,2,3,predictions,confidence,pred_1,pred_1_confidence,pred_2,pred_2_confidence,pred_3,pred_3_confidence
Division,NN,B-NP,O,O,0.48057588934898376,B-ORG,0.48057588934898376,O,0.18700553476810455,I-ORG,0.16608254611492157
one,CD,B-NP,O,O,0.9989359974861145,O,0.9989359974861145,I-ORG,0.000732933112885803,I-MISC,0.0002153055975213647
Dundee,NNP,B-NP,B-ORG,B-ORG,0.7638449668884277,B-ORG,0.7638449668884277,I-ORG,0.20581330358982086,O,0.019443264231085777
2,CD,I-NP,O,O,0.9996521472930908,O,0.9996521472930908,I-ORG,0.00028275905060581863,B-ORG,3.5624525480670854e-05
Falkirk,NNP,I-NP,B-ORG,B-ORG,0.8120699524879456,B-ORG,0.8120699524879456,I-ORG,0.15885111689567566,O,0.007233076728880405
0,CD,I-NP,O,O,0.9999258518218994,O,0.9999258518218994,I-ORG,4.7219273255905136e-05,I-MISC,2.2826128770248033e-05
