0,1,2,3,predictions,confidence,pred_1,pred_1_confidence,pred_2,pred_2_confidence,pred_3,pred_3_confidence
Greenock,NNP,B-NP,B-ORG,B-ORG,0.8939313292503357,B-ORG,0.8939313292503357,I-ORG,0.09664169698953629,B-MISC,0.002685240935534239
Morton,NNP,I-NP,I-ORG,I-ORG,0.8774700164794922,B-ORG,0.8774700164794922,I-ORG,0.1144213154911995,I-MISC,0.0021342181134968996
0,CD,I-NP,O,O,0.9996076226234436,O,0.9996076226234436,I-ORG,0.0003239524958189577,B-ORG,3.734907659236342e-05
St,NNP,I-NP,B-ORG,B-ORG,0.5939860939979553,B-ORG,0.5939860939979553,I-ORG,0.3371225595474243,I-MISC,0.029101315885782242
Johnstone,NNP,I-NP,I-ORG,I-ORG,0.6574427485466003,B-ORG,0.6574427485466003,I-ORG,0.3213576078414917,I-MISC,0.011161565780639648
2,CD,I-NP,O,O,0.9988573789596558,O,0.9988573789596558,I-ORG,0.0007814304553903639,I-MISC,0.00031978674815036356
