0,1,2,3,predictions,confidence,pred_1,pred_1_confidence,pred_2,pred_2_confidence,pred_3,pred_3_confidence
Division,NN,B-NP,O,B-ORG,0.5020123720169067,B-ORG,0.5020123720169067,I-ORG,0.17213566601276398,O,0.12659092247486115
two,CD,I-NP,O,O,0.9997001886367798,O,0.9997001886367798,I-ORG,0.000219494933844544,I-MISC,6.204331293702126e-05
Livingston,NNP,B-NP,B-ORG,B-ORG,0.8411428332328796,B-ORG,0.8411428332328796,I-ORG,0.13902029395103455,O,0.009363940916955471
2,CD,I-NP,O,O,0.9997667670249939,O,0.9997667670249939,I-ORG,0.00018852872017305344,I-MISC,2.3459029762307182e-05
Stenhousemuir,NNP,I-NP,B-ORG,B-ORG,0.6410983204841614,B-ORG,0.6410983204841614,I-ORG,0.2517363727092743,O,0.07557707279920578
1,CD,I-NP,O,O,0.9996953010559082,O,0.9996953010559082,I-ORG,0.0001784700434654951,I-MISC,9.139224857790396e-05
