0,1,2,3,predictions,confidence,pred_1,pred_1_confidence,pred_2,pred_2_confidence,pred_3,pred_3_confidence
Division,NN,B-NP,O,O,0.38422733545303345,B-ORG,0.38422733545303345,O,0.18080930411815643,I-ORG,0.1550522893667221
three,CD,I-NP,O,O,0.9998316764831543,O,0.9998316764831543,I-ORG,0.00011056428775191307,I-MISC,4.7452129365410656e-05
Ross,NNP,B-NP,B-ORG,B-ORG,0.6448692083358765,B-ORG,0.6448692083358765,I-ORG,0.26010456681251526,I-MISC,0.028376245871186256
County,NNP,I-NP,I-ORG,I-ORG,0.7068881392478943,B-ORG,0.7068881392478943,I-ORG,0.2547021210193634,O,0.025436952710151672
4,CD,I-NP,O,O,0.9998456239700317,O,0.9998456239700317,I-ORG,0.00012562957999762148,I-MISC,1.6081703506642953e-05
Montrose,NNP,I-NP,B-ORG,B-ORG,0.6737418174743652,B-ORG,0.6737418174743652,I-ORG,0.23876501619815826,O,0.05983051657676697
4,CD,I-NP,O,O,0.9999653100967407,O,0.9999653100967407,I-ORG,2.1347046640585177e-05,I-MISC,1.1651869499473833e-05
