0,1,2,3,predictions,confidence,pred_1,pred_1_confidence,pred_2,pred_2_confidence,pred_3,pred_3_confidence
Stranraer,NNP,B-NP,B-ORG,B-ORG,0.8375180959701538,B-ORG,0.8375180959701538,I-ORG,0.1297106295824051,O,0.02481890842318535
0,CD,I-NP,O,O,0.9998637437820435,O,0.9998637437820435,I-ORG,0.00010836776345968246,B-ORG,1.3849670722265728e-05
Brechin,NNP,I-NP,B-ORG,B-ORG,0.7089624404907227,B-ORG,0.7089624404907227,I-ORG,0.20673975348472595,B-MISC,0.05220692977309227
1,CD,I-NP,O,O,0.9995192289352417,O,0.9995192289352417,I-ORG,0.00028915039729326963,I-MISC,0.0001425336376996711
