0,1,2,3,predictions,confidence,pred_1,pred_1_confidence,pred_2,pred_2_confidence,pred_3,pred_3_confidence
Scottish,NNP,B-NP,B-MISC,O,0.3947741389274597,B-MISC,0.3947741389274597,O,0.23227962851524353,B-PER,0.12353303283452988
Cup,NNP,I-NP,I-MISC,O,0.6041551232337952,O,0.6041551232337952,I-MISC,0.14329417049884796,B-MISC,0.12051339447498322
first,RB,B-ADVP,O,O,0.9999836683273315,O,0.9999836683273315,I-MISC,1.1919534699700307e-05,I-ORG,3.129572860416374e-06
round,NN,B-NP,O,O,0.9999830722808838,O,0.9999830722808838,I-MISC,1.1644722690107301e-05,I-ORG,3.816935986833414e-06
