0,1,2,3,predictions,confidence,pred_1,pred_1_confidence,pred_2,pred_2_confidence,pred_3,pred_3_confidence
Alloa,NN,B-NP,B-ORG,B-ORG,0.8457155823707581,B-ORG,0.8457155823707581,I-ORG,0.10482101887464523,B-LOC,0.013463824056088924
3,CD,I-NP,O,O,0.9998756647109985,O,0.9998756647109985,I-ORG,9.731579484650865e-05,I-MISC,1.4350494893733412e-05
Hawick,NNP,I-NP,B-ORG,B-ORG,0.6860247850418091,B-ORG,0.6860247850418091,I-ORG,0.23241998255252838,B-MISC,0.02529330365359783
1,CD,I-NP,O,O,0.9997010827064514,O,0.9997010827064514,I-ORG,0.0001739807048579678,I-MISC,8.944356522988528e-05
