0,1,2,3,predictions,confidence,pred_1,pred_1_confidence,pred_2,pred_2_confidence,pred_3,pred_3_confidence
Elgin,NNP,B-NP,B-ORG,B-ORG,0.8508756756782532,B-ORG,0.8508756756782532,I-ORG,0.0955764651298523,B-LOC,0.01688511297106743
City,NNP,I-NP,I-ORG,I-ORG,0.7492210865020752,B-ORG,0.7492210865020752,I-ORG,0.2274523824453354,I-MISC,0.007925472222268581
0,CD,I-NP,O,O,0.9993320107460022,O,0.9993320107460022,I-ORG,0.0005417040665633976,I-MISC,7.761975575704128e-05
Whitehill,NNP,I-NP,B-ORG,B-ORG,0.5342828631401062,B-ORG,0.5342828631401062,I-ORG,0.3618951737880707,I-MISC,0.03408131003379822
3,CD,I-NP,O,O,0.9997151494026184,O,0.9997151494026184,I-ORG,0.0001707207120489329,I-MISC,0.0001039376511471346
