0,1,2,3,predictions,confidence,pred_1,pred_1_confidence,pred_2,pred_2_confidence,pred_3,pred_3_confidence
December,NNP,B-NP,O,O,0.35430988669395447,O,0.35430988669395447,B-ORG,0.3367775082588196,I-ORG,0.14774467051029205
14,CD,I-NP,O,O,0.9998223185539246,O,0.9998223185539246,I-ORG,9.502069588052109e-05,I-MISC,7.023540092632174e-05
),),O,O,O,0.9996185302734375,O,0.9996185302734375,I-MISC,0.00018715194892138243,I-ORG,0.00014119080151431262
