0,1,2,3,predictions,confidence,pred_1,pred_1_confidence,pred_2,pred_2_confidence,pred_3,pred_3_confidence
SOCCER,NN,B-NP,O,O,0.6910008788108826,O,0.6910008788108826,I-MISC,0.09801363945007324,B-MISC,0.09338146448135376
-,:,O,O,O,0.9996803998947144,O,0.9996803998947144,I-MISC,0.00021259133063722402,I-ORG,6.942482286831364e-05
ENGLISH,JJ,B-NP,B-MISC,B-MISC,0.4365987777709961,B-MISC,0.4365987777709961,O,0.18213674426078796,I-MISC,0.15594780445098877
LEAGUE,NN,I-NP,O,O,0.48310142755508423,O,0.48310142755508423,B-ORG,0.18951968848705292,B-MISC,0.10143647342920303
AND,CC,I-NP,O,O,0.6875182390213013,O,0.6875182390213013,B-MISC,0.08963446319103241,B-ORG,0.08041704446077347
CUP,RP,B-PRT,O,O,0.7996218204498291,O,0.7996218204498291,B-MISC,0.0937296599149704,I-MISC,0.04677482694387436
RESULTS,NNS,B-NP,O,O,0.9937893748283386,O,0.9937893748283386,I-MISC,0.002303333953022957,B-MISC,0.001799237565137446
.,.,O,O,O,0.999962329864502,O,0.999962329864502,I-MISC,2.3772689019097015e-05,I-ORG,1.0305327123205643e-05
