0,1,2,3,predictions,confidence,pred_1,pred_1_confidence,pred_2,pred_2_confidence,pred_3,pred_3_confidence
LONDON,NNP,B-NP,B-LOC,B-LOC,0.8367039561271667,B-LOC,0.8367039561271667,B-PER,0.10170513391494751,B-ORG,0.016213707625865936
1996-12-07,CD,I-NP,O,O,0.9999556541442871,O,0.9999556541442871,I-ORG,1.909695492940955e-05,I-MISC,1.6754018361098133e-05
Results,NNS,B-NP,O,O,0.7802097797393799,O,0.7802097797393799,B-ORG,0.06605561822652817,B-PER,0.05437899008393288
of,IN,B-PP,O,O,0.9977242350578308,O,0.9977242350578308,I-MISC,0.001375854481011629,I-ORG,0.0006939921877346933
English,JJ,B-NP,B-MISC,B-MISC,0.7301071882247925,B-MISC,0.7301071882247925,I-MISC,0.11087678372859955,I-ORG,0.07222836464643478
league,NN,I-NP,O,O,0.991058349609375,O,0.991058349609375,I-ORG,0.004977253265678883,I-MISC,0.0035583460703492165
and,CC,I-NP,O,O,0.9830955862998962,O,0.9830955862998962,I-ORG,0.008374419994652271,I-MISC,0.007334545720368624
cup,NN,I-NP,O,O,0.995713472366333,O,0.995713472366333,I-MISC,0.002131147077307105,I-ORG,0.0019692566711455584
