0,1,2,3,predictions,confidence,pred_1,pred_1_confidence,pred_2,pred_2_confidence,pred_3,pred_3_confidence
Chelsea,NNP,B-NP,B-ORG,B-ORG,0.8985975980758667,B-ORG,0.8985975980758667,I-ORG,0.09116966277360916,O,0.002769232029095292
2,CD,I-NP,O,O,0.9997954964637756,O,0.9997954964637756,I-ORG,0.00016433327982667834,B-ORG,2.604271867312491e-05
Everton,NN,I-NP,B-ORG,B-ORG,0.8030868172645569,B-ORG,0.8030868172645569,I-ORG,0.16717548668384552,O,0.011721630580723286
2,CD,I-NP,O,O,0.9999219179153442,O,0.9999219179153442,I-ORG,4.845045259571634e-05,I-MISC,2.5358383936691098e-05
