0,1,2,3,predictions,confidence,pred_1,pred_1_confidence,pred_2,pred_2_confidence,pred_3,pred_3_confidence
Premier,NNP,B-NP,B-MISC,O,0.47677505016326904,O,0.47677505016326904,B-ORG,0.3027399778366089,I-ORG,0.12013975530862808
league,NN,I-NP,I-MISC,O,0.9993971586227417,O,0.9993971586227417,I-ORG,0.00043004832696169615,I-MISC,0.00011067782179452479
Arsenal,JJ,B-NP,B-ORG,B-ORG,0.7157890796661377,B-ORG,0.7157890796661377,I-ORG,0.2475154995918274,I-MISC,0.01197049766778946
2,CD,I-NP,O,O,0.9996775388717651,O,0.9996775388717651,I-ORG,0.0002572600787971169,I-MISC,4.3676711356965825e-05
Derby,NNP,I-NP,B-ORG,B-ORG,0.5349865555763245,B-ORG,0.5349865555763245,I-ORG,0.3373090326786041,O,0.04357447475194931
2,CD,I-NP,O,O,0.9998475313186646,O,0.9998475313186646,I-ORG,9.75092698354274e-05,I-MISC,4.713315865956247e-05
