0,1,2,3,predictions,confidence,pred_1,pred_1_confidence,pred_2,pred_2_confidence,pred_3,pred_3_confidence
Leicester,NNP,B-NP,B-ORG,B-ORG,0.8110820651054382,B-ORG,0.8110820651054382,I-ORG,0.15382921695709229,O,0.008203438483178616
1,CD,I-NP,O,O,0.9963185787200928,O,0.9963185787200928,I-ORG,0.0025411415845155716,B-ORG,0.0008701596525497735
Blackburn,NNP,I-NP,B-ORG,B-ORG,0.8412743210792542,B-ORG,0.8412743210792542,I-ORG,0.1260533332824707,B-MISC,0.013025661930441856
1,CD,I-NP,O,O,0.9995070695877075,O,0.9995070695877075,I-ORG,0.00030201239860616624,I-MISC,0.00013313820818439126
