0,1,2,3,predictions,confidence,pred_1,pred_1_confidence,pred_2,pred_2_confidence,pred_3,pred_3_confidence
Coventry,NNP,B-NP,B-ORG,B-ORG,0.8109186291694641,B-ORG,0.8109186291694641,I-ORG,0.12947332859039307,O,0.05255959555506706
1,CD,I-NP,O,O,0.999320387840271,O,0.999320387840271,I-ORG,0.0004649897455237806,B-ORG,0.000147249607834965
Tottenham,NNP,I-NP,B-ORG,B-ORG,0.5768479108810425,B-ORG,0.5768479108810425,I-ORG,0.30129146575927734,O,0.07693289965391159
2,CD,I-NP,O,O,0.9999092817306519,O,0.9999092817306519,I-ORG,5.6447959650540724e-05,I-MISC,2.987123662023805e-05
