0,1,2,3,predictions,confidence,pred_1,pred_1_confidence,pred_2,pred_2_confidence,pred_3,pred_3_confidence
Liverpool,NNP,B-NP,B-ORG,B-ORG,0.8985407948493958,B-ORG,0.8985407948493958,I-ORG,0.09378974884748459,O,0.005307496525347233
0,CD,I-NP,O,O,0.9998519420623779,O,0.9998519420623779,I-ORG,0.00011653500405373052,I-MISC,1.644293479330372e-05
Sheffield,NNP,I-NP,B-ORG,B-ORG,0.5432562828063965,B-ORG,0.5432562828063965,I-ORG,0.33619168400764465,O,0.059534452855587006
Wednesday,NNP,B-NP,I-ORG,O,0.9216160178184509,O,0.9216160178184509,B-ORG,0.04317402094602585,I-ORG,0.03281107172369957
1,CD,I-NP,O,O,0.9995518326759338,O,0.9995518326759338,I-ORG,0.00025801712763495743,I-MISC,0.00014382183144334704
