0,1,2,3,predictions,confidence,pred_1,pred_1_confidence,pred_2,pred_2_confidence,pred_3,pred_3_confidence
Sunderland,NNP,B-NP,B-ORG,B-ORG,0.7372322082519531,B-ORG,0.7372322082519531,I-ORG,0.1723177134990692,O,0.07400952279567719
1,CD,I-NP,O,O,0.9994932413101196,O,0.9994932413101196,I-ORG,0.00034269780735485256,B-ORG,9.87085877568461e-05
Wimbledon,NN,I-NP,B-ORG,B-ORG,0.5986117720603943,B-ORG,0.5986117720603943,I-ORG,0.24562381207942963,O,0.07128117978572845
3,CD,I-NP,O,O,0.9999310970306396,O,0.9999310970306396,I-ORG,3.821919017354958e-05,I-MISC,2.782760202535428e-05
