0,1,2,3,predictions,confidence,pred_1,pred_1_confidence,pred_2,pred_2_confidence,pred_3,pred_3_confidence
Southampton,NNP,B-NP,B-ORG,B-ORG,0.8722518086433411,B-ORG,0.8722518086433411,I-ORG,0.11712858080863953,O,0.004796660039573908
0,CD,I-NP,O,O,0.9998055100440979,O,0.9998055100440979,I-ORG,0.00015290974988602102,I-MISC,2.1446390746859834e-05
Aston,NNP,B-NP,B-ORG,B-ORG,0.6586812734603882,B-ORG,0.6586812734603882,I-ORG,0.22985109686851501,B-MISC,0.031640853732824326
Villa,NNP,I-NP,I-ORG,I-ORG,0.7557588815689087,B-ORG,0.7557588815689087,I-ORG,0.21065425872802734,I-MISC,0.012198823504149914
1,CD,I-NP,O,O,0.9994082450866699,O,0.9994082450866699,I-ORG,0.0003619283379521221,I-MISC,0.0001696082908893004
