0,1,2,3,predictions,confidence,pred_1,pred_1_confidence,pred_2,pred_2_confidence,pred_3,pred_3_confidence
Division,NN,B-NP,O,O,0.3797861635684967,O,0.3797861635684967,B-ORG,0.19831763207912445,B-MISC,0.1347958743572235
one,CD,B-NP,O,O,0.9996613264083862,O,0.9996613264083862,I-MISC,0.00017480716633144766,I-ORG,0.0001371382677461952
Barnsley,NNP,B-NP,B-ORG,B-ORG,0.7736926674842834,B-ORG,0.7736926674842834,I-ORG,0.17163053154945374,O,0.030631693080067635
3,CD,I-NP,O,O,0.9998027682304382,O,0.9998027682304382,I-ORG,0.0001571166649227962,I-MISC,1.9926739696529694e-05
Southend,NNP,I-NP,B-ORG,B-ORG,0.7156555652618408,B-ORG,0.7156555652618408,I-ORG,0.20532682538032532,O,0.05347174033522606
0,CD,I-NP,O,O,0.9999493360519409,O,0.9999493360519409,I-ORG,3.1375264370581135e-05,I-MISC,1.6199101082747802e-05
