0,1,2,3,predictions,confidence,pred_1,pred_1_confidence,pred_2,pred_2_confidence,pred_3,pred_3_confidence
Charlton,NNP,B-NP,B-ORG,B-ORG,0.9132167100906372,B-ORG,0.9132167100906372,I-ORG,0.07695269584655762,B-MISC,0.002344448585063219
2,CD,I-NP,O,O,0.9997803568840027,O,0.9997803568840027,I-ORG,0.00017613216186873615,B-ORG,2.7867967219208367e-05
Swindon,NNP,I-NP,B-ORG,B-ORG,0.6960505247116089,B-ORG,0.6960505247116089,I-ORG,0.25386369228363037,O,0.0169234499335289
0,CD,I-NP,O,O,0.9999183416366577,O,0.9999183416366577,I-ORG,5.214882912696339e-05,I-MISC,2.5188393919961527e-05
