0,1,2,3,predictions,confidence,pred_1,pred_1_confidence,pred_2,pred_2_confidence,pred_3,pred_3_confidence
Birmingham,NNP,B-NP,B-ORG,B-ORG,0.9037252068519592,B-ORG,0.9037252068519592,I-ORG,0.08948342502117157,O,0.002804199233651161
0,CD,I-NP,O,O,0.9997938275337219,O,0.9997938275337219,I-ORG,0.00016738922568038106,B-ORG,2.4103070245473646e-05
Grimsby,NNP,I-NP,B-ORG,B-ORG,0.656509518623352,B-ORG,0.656509518623352,I-ORG,0.30709603428840637,O,0.02327481471002102
0,CD,I-NP,O,O,0.999816358089447,O,0.999816358089447,I-ORG,0.00012129454262321815,I-MISC,5.359199712984264e-05
