0,1,2,3,predictions,confidence,pred_1,pred_1_confidence,pred_2,pred_2_confidence,pred_3,pred_3_confidence
Huddersfield,VBN,B-VP,B-ORG,B-ORG,0.8445597887039185,B-ORG,0.8445597887039185,I-ORG,0.11353416740894318,O,0.034727033227682114
2,CD,B-NP,O,O,0.99981290102005,O,0.99981290102005,I-ORG,0.00014855597692076117,B-ORG,2.1800389731652103e-05
Norwich,NNP,I-NP,B-ORG,B-ORG,0.6686862707138062,B-ORG,0.6686862707138062,I-ORG,0.2259107083082199,B-MISC,0.06617371737957001
0,CD,I-NP,O,O,0.9999393224716187,O,0.9999393224716187,I-ORG,3.7959307519486174e-05,I-MISC,1.940512447617948e-05
