0,1,2,3,predictions,confidence,pred_1,pred_1_confidence,pred_2,pred_2_confidence,pred_3,pred_3_confidence
Crystal,NNP,B-NP,B-ORG,B-ORG,0.8398787379264832,B-ORG,0.8398787379264832,I-ORG,0.11428181082010269,B-LOC,0.010735472664237022
Palace,NNP,I-NP,I-ORG,I-ORG,0.81703120470047,B-ORG,0.81703120470047,I-ORG,0.16135786473751068,O,0.0058769406750798225
2,CD,I-NP,O,O,0.9997619986534119,O,0.9997619986534119,I-ORG,0.00019315697136335075,B-ORG,2.592466444184538e-05
Oxford,NNP,B-NP,B-ORG,B-ORG,0.6480762362480164,B-ORG,0.6480762362480164,I-ORG,0.30180269479751587,O,0.02886359393596649
2,CD,I-NP,O,O,0.9998518228530884,O,0.9998518228530884,I-ORG,9.547022636979818e-05,I-MISC,4.463339428184554e-05
