0,1,2,3,predictions,confidence,pred_1,pred_1_confidence,pred_2,pred_2_confidence,pred_3,pred_3_confidence
Ipswich,NNP,B-NP,B-ORG,B-ORG,0.8485246300697327,B-ORG,0.8485246300697327,I-ORG,0.12913855910301208,B-MISC,0.01452171616256237
0,CD,I-NP,O,O,0.9995133876800537,O,0.9995133876800537,I-ORG,0.0003909453225787729,B-ORG,6.383532308973372e-05
Wolverhampton,NNP,I-NP,B-ORG,B-ORG,0.8125901818275452,B-ORG,0.8125901818275452,I-ORG,0.1709420531988144,B-MISC,0.006066739093512297
0,CD,I-NP,O,O,0.9998502731323242,O,0.9998502731323242,I-ORG,0.00010012777056545019,I-MISC,4.090483344043605e-05
