0,1,2,3,predictions,confidence,pred_1,pred_1_confidence,pred_2,pred_2_confidence,pred_3,pred_3_confidence
Manchester,NNP,B-NP,B-ORG,B-ORG,0.873731791973114,B-ORG,0.873731791973114,I-ORG,0.11559915542602539,O,0.0036797565408051014
City,NNP,I-NP,I-ORG,I-ORG,0.7467978596687317,B-ORG,0.7467978596687317,I-ORG,0.23576626181602478,I-MISC,0.006943881511688232
3,CD,I-NP,O,O,0.9962853193283081,O,0.9962853193283081,I-ORG,0.003192078322172165,B-ORG,0.00030728158890269697
Bradford,NNP,I-NP,B-ORG,B-ORG,0.7621539235115051,B-ORG,0.7621539235115051,I-ORG,0.22249716520309448,I-MISC,0.005726037546992302
2,CD,I-NP,O,O,0.999477207660675,O,0.999477207660675,I-ORG,0.00035575803485699,I-MISC,0.00013985426630824804
