0,1,2,3,predictions,confidence,pred_1,pred_1_confidence,pred_2,pred_2_confidence,pred_3,pred_3_confidence
Sheffield,NNP,B-NP,B-ORG,B-ORG,0.7456790804862976,B-ORG,0.7456790804862976,I-ORG,0.16983181238174438,O,0.050837453454732895
United,NNP,I-NP,I-ORG,I-ORG,0.8082451224327087,B-ORG,0.8082451224327087,I-ORG,0.16495871543884277,O,0.014808863401412964
1,CD,I-NP,O,O,0.9990333318710327,O,0.9990333318710327,I-ORG,0.0006788147147744894,B-ORG,0.00020737930026371032
Portsmouth,NNP,I-NP,B-ORG,B-ORG,0.6367141008377075,B-ORG,0.6367141008377075,I-ORG,0.2752669155597687,O,0.05133041366934776
0,CD,I-NP,O,O,0.9999195337295532,O,0.9999195337295532,I-ORG,5.1139948482159525e-05,I-MISC,2.5302231733803637e-05
