0,1,2,3,predictions,confidence,pred_1,pred_1_confidence,pred_2,pred_2_confidence,pred_3,pred_3_confidence
Playing,VBG,B-VP,O,O,0.50277179479599,O,0.50277179479599,B-ORG,0.16132967174053192,I-ORG,0.0918329581618309
Sunday,NNP,B-NP,O,O,0.8753182291984558,O,0.8753182291984558,I-ORG,0.032702263444662094,I-MISC,0.03032217174768448
:,:,O,O,O,0.9984472393989563,O,0.9984472393989563,I-MISC,0.0007817415171302855,I-ORG,0.0006183750811032951
West,NNP,B-NP,B-ORG,B-ORG,0.3510243892669678,B-ORG,0.3510243892669678,I-ORG,0.3041568398475647,B-LOC,0.09105882793664932
Bromwich,NNP,I-NP,I-ORG,I-ORG,0.6672342419624329,B-ORG,0.6672342419624329,I-ORG,0.24725748598575592,B-MISC,0.05943125858902931
v,FW,I-NP,O,O,0.9937735199928284,O,0.9937735199928284,I-ORG,0.004091465380042791,I-MISC,0.0014994650846347213
Bolton,NNP,I-NP,B-ORG,B-ORG,0.22060230374336243,B-ORG,0.22060230374336243,I-ORG,0.20476803183555603,B-MISC,0.14924518764019012
