0,1,2,3,predictions,confidence,pred_1,pred_1_confidence,pred_2,pred_2_confidence,pred_3,pred_3_confidence
F.A.,NNP,B-NP,B-MISC,B-ORG,0.24363501369953156,B-ORG,0.24363501369953156,B-PER,0.2268579602241516,B-MISC,0.1509343385696411
Challenge,NNP,I-NP,I-MISC,I-ORG,0.2710574269294739,B-ORG,0.2710574269294739,B-MISC,0.16806413233280182,B-PER,0.1580924540758133
Cup,NNP,I-NP,I-MISC,O,0.48432421684265137,O,0.48432421684265137,I-MISC,0.18926823139190674,B-MISC,0.15932850539684296
second,JJ,I-NP,O,O,0.9998996257781982,O,0.9998996257781982,I-MISC,6.826588651165366e-05,I-ORG,1.9038714526686817e-05
round,NN,I-NP,O,O,0.9999809265136719,O,0.9999809265136719,I-MISC,1.2617004358617123e-05,I-ORG,4.70793111162493e-06
