0,1,2,3,predictions,confidence,pred_1,pred_1_confidence,pred_2,pred_2_confidence,pred_3,pred_3_confidence
Barnet,NN,B-NP,B-ORG,B-ORG,0.8078397512435913,B-ORG,0.8078397512435913,I-ORG,0.13336995244026184,O,0.016571849584579468
3,CD,I-NP,O,O,0.9999173879623413,O,0.9999173879623413,I-ORG,6.159759504953399e-05,I-MISC,1.3919085176894441e-05
Wycombe,NNP,I-NP,B-ORG,B-ORG,0.553710401058197,B-ORG,0.553710401058197,I-ORG,0.24911510944366455,O,0.09294039756059647
3,CD,I-NP,O,O,0.999943733215332,O,0.999943733215332,I-ORG,3.081061004195362e-05,I-MISC,2.2847401851322502e-05
