0,1,2,3,predictions,confidence,pred_1,pred_1_confidence,pred_2,pred_2_confidence,pred_3,pred_3_confidence
Blackpool,NNP,B-NP,B-ORG,B-ORG,0.9191410541534424,B-ORG,0.9191410541534424,I-ORG,0.07405940443277359,O,0.0013536219485104084
0,CD,I-NP,O,O,0.9998637437820435,O,0.9998637437820435,I-ORG,0.00010836776345968246,B-ORG,1.3849670722265728e-05
Hednesford,NNP,I-NP,B-ORG,B-ORG,0.682950496673584,B-ORG,0.682950496673584,I-ORG,0.2575482726097107,O,0.033815301954746246
1,CD,I-NP,O,O,0.9995192289352417,O,0.9995192289352417,I-ORG,0.00028915039729326963,I-MISC,0.0001425336376996711
