0,1,2,3,predictions,confidence,pred_1,pred_1_confidence,pred_2,pred_2_confidence,pred_3,pred_3_confidence
Cambridge,NNP,B-NP,B-ORG,B-ORG,0.855255126953125,B-ORG,0.855255126953125,I-ORG,0.10515661537647247,O,0.010779331438243389
United,NNP,I-NP,I-ORG,I-ORG,0.8081841468811035,B-ORG,0.8081841468811035,I-ORG,0.16538551449775696,O,0.015069074928760529
0,CD,I-NP,O,O,0.9998501539230347,O,0.9998501539230347,I-ORG,0.00011960191477555782,I-MISC,1.615784458408598e-05
Woking,VBG,B-VP,B-ORG,B-ORG,0.5685378909111023,B-ORG,0.5685378909111023,I-ORG,0.34645041823387146,O,0.03695640712976456
2,CD,B-NP,O,O,0.9998524188995361,O,0.9998524188995361,I-ORG,9.37865479500033e-05,I-MISC,4.7353933041449636e-05
