0,1,2,3,predictions,confidence,pred_1,pred_1_confidence,pred_2,pred_2_confidence,pred_3,pred_3_confidence
Bristol,NNP,B-NP,B-ORG,B-ORG,0.8306997418403625,B-ORG,0.8306997418403625,I-ORG,0.113506019115448,B-LOC,0.015512485057115555
City,NNP,I-NP,I-ORG,I-ORG,0.7156050205230713,B-ORG,0.7156050205230713,I-ORG,0.24047131836414337,I-MISC,0.011504020541906357
9,CD,I-NP,O,O,0.8980532884597778,O,0.8980532884597778,I-ORG,0.0607604905962944,B-ORG,0.033128976821899414
St,NNP,I-NP,B-ORG,B-ORG,0.5533871650695801,B-ORG,0.5533871650695801,I-ORG,0.34916234016418457,I-MISC,0.042589616030454636
Albans,NNP,I-NP,I-ORG,I-ORG,0.5564399361610413,B-ORG,0.5564399361610413,I-ORG,0.3582587242126465,I-MISC,0.033115822821855545
2,CD,I-NP,O,O,0.9991827607154846,O,0.9991827607154846,I-ORG,0.0005569412023760378,I-MISC,0.0002280304324813187
