0,1,2,3,predictions,confidence,pred_1,pred_1_confidence,pred_2,pred_2_confidence,pred_3,pred_3_confidence
Chester,NNP,B-NP,B-ORG,B-ORG,0.8755776286125183,B-ORG,0.8755776286125183,I-ORG,0.11256534606218338,O,0.005802768748253584
1,CD,I-NP,O,O,0.9979988932609558,O,0.9979988932609558,I-ORG,0.0013450768310576677,B-ORG,0.0005178386927582324
Boston,NNP,I-NP,B-ORG,B-ORG,0.7817490100860596,B-ORG,0.7817490100860596,I-ORG,0.1784750521183014,B-MISC,0.01434400212019682
0,CD,I-NP,O,O,0.9999287128448486,O,0.9999287128448486,I-ORG,4.5860684622311965e-05,I-MISC,2.1503554307855666e-05
