0,1,2,3,predictions,confidence,pred_1,pred_1_confidence,pred_2,pred_2_confidence,pred_3,pred_3_confidence
ROME,VB,B-NP,B-LOC,B-LOC,0.6155762672424316,B-LOC,0.6155762672424316,B-PER,0.10536512732505798,B-ORG,0.09686736017465591
1996-12-06,CD,I-NP,O,O,0.999573290348053,O,0.999573290348053,I-ORG,0.0002501437847968191,I-MISC,0.00011520431871758774
Italy,NNP,B-NP,B-LOC,B-LOC,0.22036506235599518,B-PER,0.22036506235599518,B-ORG,0.22018910944461823,I-ORG,0.13517294824123383
recalled,VBD,B-VP,O,O,0.9994018077850342,O,0.9994018077850342,I-ORG,0.00037896743742749095,I-MISC,0.00016630812024232
Marcello,NNP,B-NP,B-PER,B-ORG,0.2902415692806244,B-ORG,0.2902415692806244,B-PER,0.2716312110424042,I-PER,0.14182089269161224
Cuttitta,NNP,I-NP,I-PER,I-ORG,0.24334944784641266,B-ORG,0.24334944784641266,I-ORG,0.17313861846923828,B-LOC,0.1469108909368515
