0,1,2,3,predictions,confidence,pred_1,pred_1_confidence,pred_2,pred_2_confidence,pred_3,pred_3_confidence
Chesterfield,NNP,B-NP,B-ORG,B-ORG,0.8822584748268127,B-ORG,0.8822584748268127,I-ORG,0.1022237092256546,O,0.011881496757268906
2,CD,I-NP,O,O,0.9997567534446716,O,0.9997567534446716,I-ORG,0.0001958675857167691,B-ORG,3.224978718208149e-05
Scarborough,NNP,I-NP,B-ORG,B-ORG,0.8234295845031738,B-ORG,0.8234295845031738,I-ORG,0.15583132207393646,B-MISC,0.0077367983758449554
0,CD,I-NP,O,O,0.9999111890792847,O,0.9999111890792847,I-ORG,5.709112883778289e-05,I-MISC,2.678838063729927e-05
