0,1,2,3,predictions,confidence,pred_1,pred_1_confidence,pred_2,pred_2_confidence,pred_3,pred_3_confidence
Enfield,NNP,B-NP,B-ORG,B-ORG,0.8216453790664673,B-ORG,0.8216453790664673,I-ORG,0.14835180342197418,O,0.0206375140696764
1,CD,I-NP,O,O,0.9991834759712219,O,0.9991834759712219,I-ORG,0.0005603759200312197,B-ORG,0.00019417799194343388
Peterborough,NNP,B-NP,B-ORG,B-ORG,0.6878558993339539,B-ORG,0.6878558993339539,I-ORG,0.245916485786438,O,0.03458360582590103
1,CD,I-NP,O,O,0.9994789958000183,O,0.9994789958000183,I-ORG,0.00031464893254451454,I-MISC,0.0001515506737632677
