0,1,2,3,predictions,confidence,pred_1,pred_1_confidence,pred_2,pred_2_confidence,pred_3,pred_3_confidence
Hull,NNP,B-NP,B-ORG,B-ORG,0.8273062109947205,B-ORG,0.8273062109947205,I-ORG,0.12756820023059845,O,0.013929998502135277
1,CD,I-NP,O,O,0.9996206760406494,O,0.9996206760406494,I-ORG,0.0002517077955417335,B-ORG,6.702507380396128e-05
Crewe,NNP,I-NP,B-ORG,B-ORG,0.4950283467769623,B-ORG,0.4950283467769623,I-ORG,0.24552202224731445,I-MISC,0.08563565462827682
5,CD,I-NP,O,O,0.999854564666748,O,0.999854564666748,I-ORG,7.943061791593209e-05,I-MISC,5.9879832406295463e-05
