0,1,2,3,predictions,confidence,pred_1,pred_1_confidence,pred_2,pred_2_confidence,pred_3,pred_3_confidence
Leyton,NNP,B-NP,B-ORG,B-ORG,0.9020087122917175,B-ORG,0.9020087122917175,I-ORG,0.08567322790622711,B-MISC,0.0028832994867116213
Orient,NNP,I-NP,I-ORG,I-ORG,0.7904835343360901,B-ORG,0.7904835343360901,I-ORG,0.18525491654872894,O,0.018113883212208748
1,CD,I-NP,O,O,0.9987806677818298,O,0.9987806677818298,I-ORG,0.0008708781679160893,B-ORG,0.00023013714235275984
Stevenage,NNP,I-NP,B-ORG,B-ORG,0.5980690717697144,B-ORG,0.5980690717697144,I-ORG,0.29706284403800964,O,0.05903071537613869
2,CD,I-NP,O,O,0.9998836517333984,O,0.9998836517333984,I-ORG,7.362842006841674e-05,I-MISC,3.723187910509296e-05
