0,1,2,3,predictions,confidence,pred_1,pred_1_confidence,pred_2,pred_2_confidence,pred_3,pred_3_confidence
Luton,NN,B-NP,B-ORG,B-ORG,0.8771018385887146,B-ORG,0.8771018385887146,I-ORG,0.10860583186149597,I-MISC,0.004054124467074871
2,CD,I-NP,O,O,0.9998451471328735,O,0.9998451471328735,I-ORG,0.0001192030031234026,I-MISC,2.0323857825133018e-05
Boreham,NNP,I-NP,B-ORG,B-ORG,0.6274954676628113,B-ORG,0.6274954676628113,I-ORG,0.22161830961704254,B-LOC,0.03796834871172905
Wood,NNP,I-NP,I-ORG,I-ORG,0.5649465918540955,B-ORG,0.5649465918540955,I-ORG,0.3193804919719696,O,0.059292327612638474
1,CD,I-NP,O,O,0.9996784925460815,O,0.9996784925460815,I-ORG,0.00018967541109304875,I-MISC,9.338648669654503e-05
