0,1,2,3,predictions,confidence,pred_1,pred_1_confidence,pred_2,pred_2_confidence,pred_3,pred_3_confidence
Mansfield,NNP,B-NP,B-ORG,B-ORG,0.8686735033988953,B-ORG,0.8686735033988953,I-ORG,0.11984898149967194,O,0.008146952837705612
0,CD,I-NP,O,O,0.999862790107727,O,0.999862790107727,I-ORG,0.00010921165812760592,B-ORG,1.4215094779501669e-05
Stockport,NNP,I-NP,B-ORG,B-ORG,0.6941902041435242,B-ORG,0.6941902041435242,I-ORG,0.24953693151474,O,0.02724667638540268
3,CD,I-NP,O,O,0.9998914003372192,O,0.9998914003372192,I-ORG,6.219803617568687e-05,I-MISC,4.1699637222336605e-05
