0,1,2,3,predictions,confidence,pred_1,pred_1_confidence,pred_2,pred_2_confidence,pred_3,pred_3_confidence
Notts,NNP,B-NP,B-ORG,B-ORG,0.7398872375488281,B-ORG,0.7398872375488281,I-ORG,0.1542990654706955,O,0.026019100099802017
County,NNP,I-NP,I-ORG,I-ORG,0.7329451441764832,B-ORG,0.7329451441764832,I-ORG,0.19084352254867554,O,0.055873479694128036
3,CD,I-NP,O,O,0.9998117089271545,O,0.9998117089271545,I-ORG,0.00015143552445806563,I-MISC,1.8794162315316498e-05
Rochdale,NNP,I-NP,B-ORG,B-ORG,0.6546849012374878,B-ORG,0.6546849012374878,I-ORG,0.2967566251754761,O,0.02111625112593174
1,CD,I-NP,O,O,0.9993720650672913,O,0.9993720650672913,I-ORG,0.0003849458589684218,I-MISC,0.0001702542504062876
