0,1,2,3,predictions,confidence,pred_1,pred_1_confidence,pred_2,pred_2_confidence,pred_3,pred_3_confidence
Preston,NNP,B-NP,B-ORG,B-ORG,0.8568719625473022,B-ORG,0.8568719625473022,I-ORG,0.10969982296228409,O,0.017106300219893456
2,CD,I-NP,O,O,0.999887228012085,O,0.999887228012085,I-ORG,8.627073839306831e-05,I-MISC,1.5159140275500249e-05
York,NNP,I-NP,B-ORG,B-ORG,0.5174989104270935,B-ORG,0.5174989104270935,I-ORG,0.2596592307090759,O,0.0709616169333458
3,CD,I-NP,O,O,0.9999480247497559,O,0.9999480247497559,I-ORG,2.833066537277773e-05,I-MISC,2.1229010599199682e-05
