0,1,2,3,predictions,confidence,pred_1,pred_1_confidence,pred_2,pred_2_confidence,pred_3,pred_3_confidence
Wrexham,UH,B-INTJ,B-ORG,B-ORG,0.8729909658432007,B-ORG,0.8729909658432007,I-ORG,0.103729747235775,B-MISC,0.004558809567242861
2,CD,B-NP,O,O,0.9998499155044556,O,0.9998499155044556,I-ORG,0.00011767916294047609,B-ORG,1.6096626495709643e-05
Scunthorpe,NNP,I-NP,B-ORG,B-ORG,0.7127382159233093,B-ORG,0.7127382159233093,I-ORG,0.18809646368026733,O,0.06978700309991837
2,CD,I-NP,O,O,0.9999313354492188,O,0.9999313354492188,I-ORG,4.206843368592672e-05,I-MISC,2.2906109734321944e-05
