0,1,2,3,predictions,confidence,pred_1,pred_1_confidence,pred_2,pred_2_confidence,pred_3,pred_3_confidence
Cardiff,NNP,B-NP,B-ORG,B-ORG,0.8096223473548889,B-ORG,0.8096223473548889,I-ORG,0.15625546872615814,B-LOC,0.007520562503486872
0,CD,I-NP,O,O,0.9997350573539734,O,0.9997350573539734,I-ORG,0.00021129357628524303,B-ORG,2.7855970984091982e-05
Gillingham,NNP,I-NP,B-ORG,B-ORG,0.748965322971344,B-ORG,0.748965322971344,I-ORG,0.20707297325134277,B-MISC,0.014684499241411686
2,CD,I-NP,O,O,0.9998288154602051,O,0.9998288154602051,I-ORG,0.0001110723169404082,I-MISC,5.2110208343947306e-05
