0,1,2,3,predictions,confidence,pred_1,pred_1_confidence,pred_2,pred_2_confidence,pred_3,pred_3_confidence
RUGBY,NNP,B-NP,B-ORG,O,0.45336422324180603,B-ORG,0.45336422324180603,O,0.2298734486103058,I-MISC,0.08574063330888748
UNION,NN,I-NP,I-ORG,B-ORG,0.5409072041511536,B-ORG,0.5409072041511536,B-MISC,0.1224062517285347,O,0.10914257168769836
-,:,O,O,O,0.9986187219619751,O,0.9986187219619751,I-ORG,0.0007245976012200117,I-MISC,0.000552523706573993
AUSTRALIA,NNP,B-NP,B-LOC,B-LOC,0.35229140520095825,B-ORG,0.35229140520095825,B-LOC,0.3307378888130188,B-MISC,0.0963725820183754
BEAT,NN,B-INTJ,O,O,0.3680192828178406,B-ORG,0.3680192828178406,O,0.25583869218826294,B-LOC,0.10179390758275986
BARBARIANS,VBZ,B-VP,B-ORG,B-LOC,0.2984212338924408,B-ORG,0.2984212338924408,B-LOC,0.28908467292785645,B-PER,0.10359160602092743
39-12,CD,B-NP,O,O,0.9999631643295288,O,0.9999631643295288,I-ORG,1.900478673633188e-05,I-MISC,1.5004974557086825e-05
.,.,O,O,O,0.9998761415481567,O,0.9998761415481567,I-MISC,6.524672062369063e-05,I-ORG,4.478546543396078e-05
