0,1,2,3,predictions,confidence,pred_1,pred_1_confidence,pred_2,pred_2_confidence,pred_3,pred_3_confidence
Penalties,NNS,B-NP,O,O,0.7683793306350708,O,0.7683793306350708,B-MISC,0.08614613860845566,B-ORG,0.04291582852602005
:,:,O,O,O,0.9994496703147888,O,0.9994496703147888,I-MISC,0.0003380536218173802,I-ORG,0.0001496387558290735
Burke,NNP,B-NP,B-PER,B-ORG,0.5172485113143921,B-ORG,0.5172485113143921,I-ORG,0.14908619225025177,B-PER,0.11196620017290115
(,(,O,O,O,0.9989275336265564,O,0.9989275336265564,I-ORG,0.0007509470451623201,I-MISC,0.00028735067462548614
2,CD,B-NP,O,O,0.9998101592063904,O,0.9998101592063904,I-ORG,0.000105269267805852,I-MISC,7.494689634768292e-05
),),O,O,O,0.999617338180542,O,0.999617338180542,I-MISC,0.0002154719695681706,I-ORG,0.0001247069303644821
.,.,O,O,O,0.9998469352722168,O,0.9998469352722168,I-MISC,8.465591963613406e-05,I-ORG,5.44696522410959e-05
