0,1,2,3,predictions,confidence,pred_1,pred_1_confidence,pred_2,pred_2_confidence,pred_3,pred_3_confidence
Conversions,NNS,B-NP,O,O,0.5699578523635864,O,0.5699578523635864,B-MISC,0.1568959355354309,B-ORG,0.11209555715322495
:,:,O,O,O,0.9994840621948242,O,0.9994840621948242,I-MISC,0.0003207750851288438,I-ORG,0.00013598632358480245
Burke,NNP,B-NP,B-PER,B-ORG,0.5491154193878174,B-ORG,0.5491154193878174,I-ORG,0.15516678988933563,B-PER,0.09351982176303864
(,(,O,O,O,0.9989941716194153,O,0.9989941716194153,I-ORG,0.0007114231702871621,I-MISC,0.0002637720317579806
4,CD,B-NP,O,O,0.9999152421951294,O,0.9999152421951294,I-ORG,4.679826452047564e-05,I-MISC,3.38043573719915e-05
),),O,O,O,0.9996914863586426,O,0.9996914863586426,I-MISC,0.00017661991296336055,I-ORG,9.814574877964333e-05
.,.,O,O,O,0.9998769760131836,O,0.9998769760131836,I-MISC,6.896186823723838e-05,I-ORG,4.2497074900893494e-05
