0,1,2,3,predictions,confidence,pred_1,pred_1_confidence,pred_2,pred_2_confidence,pred_3,pred_3_confidence
Conversion,NNP,B-NP,O,O,0.39462727308273315,O,0.39462727308273315,B-MISC,0.3058289587497711,B-ORG,0.09322762489318848
:,:,O,O,O,0.9995724558830261,O,0.9995724558830261,I-MISC,0.0002938783436547965,I-ORG,7.580855890410021e-05
Rob,NNP,B-NP,B-PER,B-PER,0.29281920194625854,B-PER,0.29281920194625854,B-ORG,0.11991938203573227,I-ORG,0.11803074926137924
Andrew,NNP,I-NP,I-PER,I-PER,0.19624759256839752,B-ORG,0.19624759256839752,B-PER,0.19321802258491516,I-ORG,0.13016843795776367
.,.,O,O,O,0.9997981190681458,O,0.9997981190681458,I-MISC,0.00011370358697604388,I-ORG,7.187203300418332e-05
