0,1,2,3,predictions,confidence,pred_1,pred_1_confidence,pred_2,pred_2_confidence,pred_3,pred_3_confidence
GOLF,NN,B-NP,O,O,0.3419960141181946,O,0.3419960141181946,B-PER,0.1770513355731964,B-LOC,0.14359459280967712
-,:,O,O,O,0.9997095465660095,O,0.9997095465660095,I-MISC,0.0001709248754195869,I-ORG,9.072644752450287e-05
ZIMBABWE,NNP,B-NP,B-MISC,O,0.2911296784877777,O,0.2911296784877777,B-ORG,0.19718007743358612,B-MISC,0.17355486750602722
OPEN,NNP,O,I-MISC,O,0.3502301573753357,B-ORG,0.3502301573753357,B-MISC,0.21586467325687408,O,0.18609736859798431
THIRD,NNP,B-NP,O,O,0.40423905849456787,B-ORG,0.40423905849456787,O,0.15731114149093628,B-LOC,0.14119486510753632
ROUND,NNP,I-NP,O,B-LOC,0.3725016713142395,B-ORG,0.3725016713142395,O,0.17075656354427338,B-LOC,0.1542864590883255
SCORES,NNP,I-NP,O,O,0.38621798157691956,O,0.38621798157691956,B-ORG,0.1987890750169754,B-LOC,0.13651937246322632
.,.,O,O,O,0.9998985528945923,O,0.9998985528945923,I-MISC,5.235294520389289e-05,I-ORG,3.527749504428357e-05
