0,1,2,3,predictions,confidence,pred_1,pred_1_confidence,pred_2,pred_2_confidence,pred_3,pred_3_confidence
HARARE,VB,B-VP,B-LOC,O,0.2643357813358307,O,0.2643357813358307,B-ORG,0.25446227192878723,B-MISC,0.12858471274375916
1996-12-07,CD,B-NP,O,O,0.9999051094055176,O,0.9999051094055176,I-MISC,4.936175173497759e-05,I-ORG,3.126906085526571e-05
Leading,JJ,B-NP,O,O,0.6206455826759338,O,0.6206455826759338,B-MISC,0.104964978992939,B-PER,0.09416458010673523
third,JJ,I-NP,O,O,0.9999065399169922,O,0.9999065399169922,I-MISC,7.281324360519648e-05,I-ORG,1.2958626030012965e-05
round,JJ,I-NP,O,O,0.9999905824661255,O,0.9999905824661255,I-MISC,7.226159596029902e-06,I-ORG,1.0063533864013152e-06
scores,NNS,I-NP,O,O,0.9999966621398926,O,0.9999966621398926,I-MISC,1.940393303812016e-06,I-ORG,1.1839055105156149e-06
in,IN,B-PP,O,O,0.9988278746604919,O,0.9988278746604919,I-MISC,0.0007553592440672219,I-ORG,0.0003393391380086541
the,DT,B-NP,O,O,0.9992479681968689,O,0.9992479681968689,I-MISC,0.0004611121257767081,I-ORG,0.0002696281881071627
