0,1,2,3,predictions,confidence,pred_1,pred_1_confidence,pred_2,pred_2_confidence,pred_3,pred_3_confidence
205,CD,B-NP,O,O,0.9998962879180908,O,0.9998962879180908,I-ORG,7.303302845684811e-05,I-MISC,2.7022399081033655e-05
Des,NNP,I-NP,B-PER,B-PER,0.1967809796333313,B-ORG,0.1967809796333313,I-ORG,0.16371414065361023,B-PER,0.1574069857597351
Terblanche,NNP,I-NP,I-PER,I-PER,0.32997435331344604,B-ORG,0.32997435331344604,I-ORG,0.20420262217521667,I-PER,0.09503039717674255
65,CD,I-NP,O,O,0.9991876482963562,O,0.9991876482963562,I-ORG,0.0004741898737847805,I-MISC,0.00028317212127149105
67,CD,I-NP,O,O,0.999386191368103,O,0.999386191368103,I-ORG,0.00027047807816416025,I-MISC,0.0002615071425680071
73,CD,I-NP,O,O,0.9996212720870972,O,0.9996212720870972,I-ORG,0.0001754443219397217,I-MISC,0.0001544331171317026
