0,1,2,3,predictions,confidence,pred_1,pred_1_confidence,pred_2,pred_2_confidence,pred_3,pred_3_confidence
206,CD,B-NP,O,O,0.9999396800994873,O,0.9999396800994873,I-ORG,3.976282459916547e-05,I-MISC,1.8015303794527426e-05
Nick,NNP,I-NP,B-PER,B-PER,0.4513112008571625,B-PER,0.4513112008571625,I-PER,0.21432529389858246,B-LOC,0.11018802970647812
Price,NNP,I-NP,I-PER,I-PER,0.3993671238422394,B-PER,0.3993671238422394,I-PER,0.23492707312107086,B-LOC,0.12949252128601074
(,(,O,O,O,0.9984472393989563,O,0.9984472393989563,I-ORG,0.0006796883535571396,I-MISC,0.0006395718664862216
Zimbabwe,NNP,B-NP,B-LOC,B-LOC,0.26714277267456055,B-LOC,0.26714277267456055,I-PER,0.17510069906711578,B-ORG,0.16261856257915497
),),O,O,O,0.9987910389900208,O,0.9987910389900208,I-ORG,0.0007012098212726414,I-MISC,0.0003870598447974771
68,CD,B-NP,O,O,0.9994350075721741,O,0.9994350075721741,I-ORG,0.00040447458741255105,I-MISC,0.00013459144975058734
68,CD,I-NP,O,O,0.9996592998504639,O,0.9996592998504639,I-ORG,0.00022453453857451677,I-MISC,9.047270577866584e-05
70,CD,I-NP,O,O,0.9998003840446472,O,0.9998003840446472,I-ORG,0.00010762573219835758,I-MISC,6.391829811036587e-05
