0,1,2,3,predictions,confidence,pred_1,pred_1_confidence,pred_2,pred_2_confidence,pred_3,pred_3_confidence
69,CD,B-NP,O,O,0.9985570311546326,O,0.9985570311546326,I-ORG,0.0010014661820605397,I-MISC,0.00029854278545826674
69,CD,I-NP,O,O,0.9983615279197693,O,0.9983615279197693,I-ORG,0.0010099520441144705,I-MISC,0.00039984818431548774
69,CD,I-NP,O,O,0.9981468915939331,O,0.9981468915939331,I-ORG,0.0009679030044935644,I-MISC,0.00048668598174117506
",",",",O,O,O,0.9990642666816711,O,0.9990642666816711,I-ORG,0.0004211445339024067,I-MISC,0.0002588678034953773
Justin,NNP,B-NP,B-PER,B-PER,0.25122717022895813,B-ORG,0.25122717022895813,B-PER,0.23859131336212158,I-PER,0.19979967176914215
Hobday,NNP,I-NP,I-PER,I-PER,0.25981229543685913,B-PER,0.25981229543685913,B-ORG,0.2152535319328308,I-PER,0.1801028698682785
71,CD,I-NP,O,O,0.9997724890708923,O,0.9997724890708923,I-ORG,0.0001447072281735018,I-MISC,5.2867806516587734e-05
65,CD,I-NP,O,O,0.9997838139533997,O,0.9997838139533997,I-ORG,0.0001414926373399794,I-MISC,5.4944201110629365e-05
71,CD,I-NP,O,O,0.9997983574867249,O,0.9997983574867249,I-ORG,8.647888171253726e-05,I-MISC,6.931082316441461e-05
