0,1,2,3,predictions,confidence,pred_1,pred_1_confidence,pred_2,pred_2_confidence,pred_3,pred_3_confidence
210,CD,B-NP,O,O,0.9997718930244446,O,0.9997718930244446,I-ORG,0.00017709592066239566,I-MISC,4.2382078390801325e-05
Brett,NNP,I-NP,B-PER,B-ORG,0.42547932267189026,B-ORG,0.42547932267189026,I-ORG,0.15930098295211792,B-PER,0.11527474969625473
Liddle,NNP,I-NP,I-PER,I-ORG,0.4449869692325592,B-ORG,0.4449869692325592,I-ORG,0.23051400482654572,I-PER,0.06579668074846268
75,CD,I-NP,O,O,0.9990450739860535,O,0.9990450739860535,I-ORG,0.0007149936864152551,I-MISC,0.0002098913537338376
65,CD,I-NP,O,O,0.9988232254981995,O,0.9988232254981995,I-ORG,0.0008747742976993322,I-MISC,0.00026305721257813275
70,CD,I-NP,O,O,0.9993048906326294,O,0.9993048906326294,I-ORG,0.00039068437763489783,I-MISC,0.0002580985601525754
