0,1,2,3,predictions,confidence,pred_1,pred_1_confidence,pred_2,pred_2_confidence,pred_3,pred_3_confidence
Andrew,NNP,B-NP,B-PER,B-PER,0.5209548473358154,B-PER,0.5209548473358154,I-PER,0.276917040348053,B-LOC,0.10332144796848297
Pitts,NNP,I-NP,I-PER,I-PER,0.5384888648986816,B-PER,0.5384888648986816,I-PER,0.3165366053581238,B-LOC,0.06228867545723915
(,(,O,O,O,0.9985036849975586,O,0.9985036849975586,I-MISC,0.0005233862902969122,I-ORG,0.0004353905678726733
U.S.,NNP,B-NP,B-LOC,B-LOC,0.8166139721870422,B-LOC,0.8166139721870422,I-LOC,0.06257238239049911,B-PER,0.03094632923603058
),),O,O,O,0.9962271451950073,O,0.9962271451950073,I-ORG,0.0016990320291370153,I-MISC,0.0013936498435214162
69,CD,B-NP,O,O,0.9948423504829407,O,0.9948423504829407,I-ORG,0.0025817963760346174,I-MISC,0.0017829429125413299
67,CD,I-NP,O,O,0.9990573525428772,O,0.9990573525428772,I-ORG,0.00041871771099977195,I-MISC,0.00036408775486052036
76,CD,I-NP,O,O,0.9994394183158875,O,0.9994394183158875,I-ORG,0.00026323331985622644,I-MISC,0.00020223567844368517
