0,1,2,3,predictions,confidence,pred_1,pred_1_confidence,pred_2,pred_2_confidence,pred_3,pred_3_confidence
Fourie,NNP,B-NP,B-PER,O,0.25234255194664,B-ORG,0.25234255194664,B-PER,0.17498382925987244,O,0.16830354928970337
69,CD,I-NP,O,O,0.9992226362228394,O,0.9992226362228394,I-ORG,0.0003832157817669213,I-MISC,0.0003126380033791065
73,CD,I-NP,O,O,0.9997653365135193,O,0.9997653365135193,I-MISC,0.00011059650569222867,I-ORG,0.00010072825534734875
71,CD,I-NP,O,O,0.9996770620346069,O,0.9996770620346069,I-ORG,0.00013950040738563985,I-MISC,0.00013688091712538153
