0,1,2,3,predictions,confidence,pred_1,pred_1_confidence,pred_2,pred_2_confidence,pred_3,pred_3_confidence
Squad,VB,B-VP,O,O,0.34211984276771545,B-MISC,0.34211984276771545,O,0.2561495900154114,I-MISC,0.14223630726337433
:,:,O,O,O,0.9996354579925537,O,0.9996354579925537,I-MISC,0.0002572517259977758,I-ORG,5.7162596931448206e-05
Goalkeepers,NNS,B-NP,O,B-ORG,0.5486025214195251,B-ORG,0.5486025214195251,I-ORG,0.15819552540779114,O,0.11343289166688919
-,:,O,O,O,0.9983091354370117,O,0.9983091354370117,I-ORG,0.0008702578488737345,I-MISC,0.0007028477848507464
Blendi,NNP,B-NP,B-PER,B-PER,0.35148704051971436,B-PER,0.35148704051971436,B-LOC,0.1671014279127121,I-PER,0.1579747200012207
Nallbani,NNP,I-NP,I-PER,I-PER,0.4106998145580292,B-PER,0.4106998145580292,B-LOC,0.22626826167106628,I-PER,0.14206336438655853
",",",",O,O,O,0.9997839331626892,O,0.9997839331626892,I-MISC,9.296374628320336e-05,I-ORG,8.258697198471054e-05
Armir,NNP,B-NP,B-PER,B-PER,0.5073130130767822,B-PER,0.5073130130767822,I-PER,0.152009055018425,B-ORG,0.1081177294254303
Grima,NNP,I-NP,I-PER,I-PER,0.5141466856002808,B-PER,0.5141466856002808,I-PER,0.1513155847787857,B-LOC,0.1456708014011383
