0,1,2,3,predictions,confidence,pred_1,pred_1_confidence,pred_2,pred_2_confidence,pred_3,pred_3_confidence
The,DT,B-NP,O,O,0.9237402677536011,O,0.9237402677536011,I-MISC,0.023132117465138435,I-ORG,0.01597178541123867
pair,NN,I-NP,O,O,0.9997479319572449,O,0.9997479319572449,I-MISC,0.00013546363334171474,I-ORG,9.064958430826664e-05
hammered,VBD,B-VP,O,O,0.9998780488967896,O,0.9998780488967896,I-MISC,5.47826784895733e-05,I-ORG,5.468788367579691e-05
36,CD,B-NP,O,O,0.9999001026153564,O,0.9999001026153564,I-MISC,6.68498978484422e-05,I-ORG,2.4780056264717132e-05
boundaries,NNS,I-NP,O,O,0.9999560117721558,O,0.9999560117721558,I-ORG,2.199638583988417e-05,I-MISC,1.9299768609926105e-05
between,IN,B-PP,O,O,0.9999679327011108,O,0.9999679327011108,I-MISC,1.583377343195025e-05,I-ORG,1.3807301002088934e-05
them,PRP,B-NP,O,O,0.9999885559082031,O,0.9999885559082031,I-MISC,6.581319212273229e-06,I-ORG,4.240458110871259e-06
.,.,O,O,O,0.9999103546142578,O,0.9999103546142578,I-MISC,5.0044858653564006e-05,I-ORG,3.0861781851854175e-05
