0,1,2,3,predictions,confidence,pred_1,pred_1_confidence,pred_2,pred_2_confidence,pred_3,pred_3_confidence
CRICKET,NNP,B-NP,O,O,0.36371949315071106,O,0.36371949315071106,B-ORG,0.3451670706272125,I-MISC,0.10588996112346649
-,:,O,O,O,0.9989922642707825,O,0.9989922642707825,I-ORG,0.0005054326611571014,I-MISC,0.0004146519931964576
SHEFFIELD,NNP,B-NP,B-MISC,B-LOC,0.2575957179069519,B-ORG,0.2575957179069519,B-LOC,0.227898970246315,O,0.1960480511188507
SHIELD,NNP,I-NP,I-MISC,O,0.2802693247795105,O,0.2802693247795105,B-ORG,0.2458704710006714,B-LOC,0.17605844140052795
SCORE,NNP,I-NP,O,O,0.3780832290649414,O,0.3780832290649414,B-ORG,0.2317884862422943,B-LOC,0.11085445433855057
.,.,O,O,O,0.9999051094055176,O,0.9999051094055176,I-MISC,5.023452467867173e-05,I-ORG,3.281144381617196e-05
