0,1,2,3,predictions,confidence,pred_1,pred_1_confidence,pred_2,pred_2_confidence,pred_3,pred_3_confidence
ABU,NNP,B-NP,B-LOC,B-ORG,0.542508602142334,B-ORG,0.542508602142334,B-LOC,0.11188489943742752,O,0.09050210565328598
DHABI,NNPS,I-NP,I-LOC,I-ORG,0.43761587142944336,B-ORG,0.43761587142944336,B-LOC,0.1866222769021988,B-PER,0.07900848239660263
1996-12-07,CD,I-NP,O,O,0.9995936751365662,O,0.9995936751365662,I-ORG,0.00022197920770850033,I-MISC,0.00013168901205062866
