0,1,2,3,predictions,confidence,pred_1,pred_1_confidence,pred_2,pred_2_confidence,pred_3,pred_3_confidence
JERUSALEM,VBN,B-NP,B-LOC,B-LOC,0.36620956659317017,B-LOC,0.36620956659317017,B-ORG,0.18604038655757904,B-MISC,0.10316476225852966
1996-12-07,CD,I-NP,O,O,0.9998282194137573,O,0.9998282194137573,I-ORG,7.432805432472378e-05,I-MISC,7.222303975140676e-05
Results,NNS,B-NP,O,O,0.4199311137199402,O,0.4199311137199402,B-MISC,0.11719484627246857,B-ORG,0.11703614145517349
of,IN,B-PP,O,O,0.9905787110328674,O,0.9905787110328674,I-MISC,0.006000140681862831,I-ORG,0.0026470101438462734
first,JJ,B-NP,O,O,0.9998459815979004,O,0.9998459815979004,I-MISC,0.00010212398046860471,I-ORG,4.375878779683262e-05
division,NN,I-NP,O,O,0.9962324500083923,O,0.9962324500083923,I-MISC,0.002127180341631174,I-ORG,0.001098175998777151
soccer,NN,I-NP,O,O,0.9999397993087769,O,0.9999397993087769,I-MISC,3.3062053262256086e-05,I-ORG,2.3130431145546027e-05
