0,1,2,3,predictions,confidence,pred_1,pred_1_confidence,pred_2,pred_2_confidence,pred_3,pred_3_confidence
matches,NNS,B-NP,O,O,0.999945878982544,O,0.999945878982544,I-MISC,3.841983561869711e-05,B-MISC,7.201223070296692e-06
played,VBN,B-VP,O,O,0.9999910593032837,O,0.9999910593032837,I-MISC,6.305519491434097e-06,B-MISC,1.6121412045322359e-06
over,IN,B-PP,O,O,0.9996784925460815,O,0.9996784925460815,I-MISC,0.00021844210277777165,I-ORG,4.097307464689948e-05
the,DT,B-NP,O,O,0.999964714050293,O,0.999964714050293,I-MISC,3.1158044293988496e-05,I-ORG,2.4788664632069413e-06
weekend,NN,I-NP,O,O,0.9999802112579346,O,0.9999802112579346,I-MISC,1.5054020877869334e-05,I-ORG,2.9461486974469153e-06
:,:,O,O,O,0.9984217882156372,O,0.9984217882156372,I-MISC,0.001140199019573629,I-ORG,0.00030007673194631934
