0,1,2,3,predictions,confidence,pred_1,pred_1_confidence,pred_2,pred_2_confidence,pred_3,pred_3_confidence
Zafririm,NNP,B-NP,B-ORG,B-ORG,0.8113932609558105,B-ORG,0.8113932609558105,I-ORG,0.12902097404003143,B-PER,0.017813557758927345
Holon,NNP,I-NP,I-ORG,I-ORG,0.8617544174194336,B-ORG,0.8617544174194336,I-ORG,0.11968500167131424,I-MISC,0.004266727715730667
1,CD,I-NP,O,O,0.9989569187164307,O,0.9989569187164307,I-ORG,0.0007269738707691431,B-ORG,0.00022373745741788298
Hapoel,NNP,I-NP,B-ORG,B-ORG,0.7010425329208374,B-ORG,0.7010425329208374,I-ORG,0.25409719347953796,I-MISC,0.014703001827001572
Petah,NNP,I-NP,I-ORG,I-ORG,0.6573507785797119,B-ORG,0.6573507785797119,I-ORG,0.2804010510444641,B-MISC,0.024965863674879074
Tikva,NNP,I-NP,I-ORG,I-ORG,0.6099631786346436,B-ORG,0.6099631786346436,I-ORG,0.334636926651001,I-MISC,0.020885879173874855
1,CD,I-NP,O,O,0.9993415474891663,O,0.9993415474891663,I-ORG,0.00040835331310518086,I-MISC,0.00018534033733885735
