0,1,2,3,predictions,confidence,pred_1,pred_1_confidence,pred_2,pred_2_confidence,pred_3,pred_3_confidence
Hapoel,NNP,B-NP,B-ORG,B-ORG,0.6687891483306885,B-ORG,0.6687891483306885,I-ORG,0.14545579254627228,B-PER,0.06651782244443893
Kfar,NNP,I-NP,I-ORG,I-ORG,0.6179646253585815,B-ORG,0.6179646253585815,I-ORG,0.21389998495578766,B-PER,0.05054500326514244
Sava,NNP,I-NP,I-ORG,I-ORG,0.8042889833450317,B-ORG,0.8042889833450317,I-ORG,0.1652165800333023,I-MISC,0.008216447196900845
1,CD,I-NP,O,O,0.9990618824958801,O,0.9990618824958801,I-ORG,0.0006605419330298901,B-ORG,0.00017155300884041935
Bnei,NNP,I-NP,B-ORG,B-ORG,0.601109504699707,B-ORG,0.601109504699707,I-ORG,0.2624852955341339,I-MISC,0.04369838535785675
Yehuda,NNP,I-NP,I-ORG,I-ORG,0.6355916857719421,B-ORG,0.6355916857719421,I-ORG,0.2972961962223053,I-MISC,0.023164289072155952
0,CD,I-NP,O,O,0.9999148845672607,O,0.9999148845672607,I-ORG,5.499088001670316e-05,I-MISC,2.5745552193257026e-05
