0,1,2,3,predictions,confidence,pred_1,pred_1_confidence,pred_2,pred_2_confidence,pred_3,pred_3_confidence
Hapoel,NNP,B-NP,B-ORG,B-ORG,0.7471104264259338,B-ORG,0.7471104264259338,I-ORG,0.13817466795444489,B-PER,0.036630578339099884
Tel,NNP,I-NP,I-ORG,I-ORG,0.6108614802360535,B-ORG,0.6108614802360535,I-ORG,0.2965855598449707,O,0.04134509712457657
Aviv,NNP,I-NP,I-ORG,I-ORG,0.71999591588974,B-ORG,0.71999591588974,I-ORG,0.25701719522476196,I-MISC,0.008866587653756142
1,CD,I-NP,O,O,0.998060405254364,O,0.998060405254364,I-ORG,0.0013896217569708824,B-ORG,0.00042042412678711116
Betar,NNP,I-NP,B-ORG,B-ORG,0.6284117698669434,B-ORG,0.6284117698669434,I-ORG,0.33239448070526123,I-MISC,0.01889767497777939
Jerusalem,NNP,I-NP,I-ORG,I-ORG,0.567395806312561,B-ORG,0.567395806312561,I-ORG,0.3775642514228821,I-MISC,0.023090098053216934
4,CD,I-NP,O,O,0.9998565912246704,O,0.9998565912246704,I-ORG,9.520346793578938e-05,I-MISC,4.2041308915941045e-05
