0,1,2,3,predictions,confidence,pred_1,pred_1_confidence,pred_2,pred_2_confidence,pred_3,pred_3_confidence
Ironi,NNP,B-NP,B-ORG,B-ORG,0.8927035927772522,B-ORG,0.8927035927772522,I-ORG,0.0881856307387352,B-MISC,0.007712101563811302
Rishon,NNP,I-NP,I-ORG,I-ORG,0.8748953938484192,B-ORG,0.8748953938484192,I-ORG,0.09713446348905563,O,0.01308103371411562
Lezion,NNP,I-NP,I-ORG,I-ORG,0.8317283987998962,B-ORG,0.8317283987998962,I-ORG,0.1437467485666275,O,0.011770272627472878
1,CD,I-NP,O,O,0.999121367931366,O,0.999121367931366,I-ORG,0.0006300546228885651,B-ORG,0.00017512078920844942
Maccabi,NNP,I-NP,B-ORG,B-ORG,0.6721141338348389,B-ORG,0.6721141338348389,I-ORG,0.23269884288311005,O,0.047043513506650925
Herzliya,NNP,I-NP,I-ORG,I-ORG,0.7293764352798462,B-ORG,0.7293764352798462,I-ORG,0.2267327904701233,I-MISC,0.014196246862411499
0,CD,I-NP,O,O,0.9999431371688843,O,0.9999431371688843,I-ORG,3.412640580791049e-05,I-MISC,1.9909724869648926e-05
