0,1,2,3,predictions,confidence,pred_1,pred_1_confidence,pred_2,pred_2_confidence,pred_3,pred_3_confidence
Hapoel,NNP,B-NP,B-ORG,B-ORG,0.8365142345428467,B-ORG,0.8365142345428467,I-ORG,0.12630005180835724,B-PER,0.008573946543037891
Jerusalem,NNP,I-NP,I-ORG,I-ORG,0.8200842142105103,B-ORG,0.8200842142105103,I-ORG,0.1545427143573761,O,0.018955562263727188
0,CD,I-NP,O,O,0.9998394250869751,O,0.9998394250869751,I-ORG,0.00012988645175937563,B-ORG,1.5734563930891454e-05
Maccabi,NNP,I-NP,B-ORG,B-ORG,0.611610472202301,B-ORG,0.611610472202301,I-ORG,0.28023386001586914,I-MISC,0.035405516624450684
Tel,NNP,I-NP,I-ORG,I-ORG,0.46710142493247986,I-ORG,0.46710142493247986,B-ORG,0.31885862350463867,I-MISC,0.09009600430727005
Aviv,NNP,I-NP,I-ORG,I-ORG,0.45089346170425415,B-ORG,0.45089346170425415,I-ORG,0.44885364174842834,I-MISC,0.050652991980314255
4,CD,I-NP,O,O,0.9999133348464966,O,0.9999133348464966,I-ORG,5.618084469460882e-05,I-MISC,2.658461016835645e-05
