0,1,2,3,predictions,confidence,pred_1,pred_1_confidence,pred_2,pred_2_confidence,pred_3,pred_3_confidence
Hapoel,NNP,B-NP,B-ORG,B-ORG,0.6320157647132874,B-ORG,0.6320157647132874,I-ORG,0.14549405872821808,B-PER,0.08257865160703659
Beit,NNP,I-NP,I-ORG,I-ORG,0.6075689196586609,B-ORG,0.6075689196586609,I-ORG,0.21296602487564087,O,0.06892906874418259
She'an,NNP,I-NP,I-ORG,I-ORG,0.7710778117179871,B-ORG,0.7710778117179871,I-ORG,0.17633208632469177,B-MISC,0.018498217687010765
2,CD,I-NP,O,O,0.9998000264167786,O,0.9998000264167786,I-ORG,0.00015646177052985877,I-MISC,2.6345325750298798e-05
Hapoel,NNP,I-NP,B-ORG,B-ORG,0.5945584774017334,B-ORG,0.5945584774017334,I-ORG,0.2578408420085907,B-PER,0.032240740954875946
Beersheba,NNP,I-NP,I-ORG,I-ORG,0.7697346210479736,B-ORG,0.7697346210479736,I-ORG,0.1869702935218811,B-MISC,0.013001348823308945
1,CD,I-NP,O,O,0.999669075012207,O,0.999669075012207,I-ORG,0.00019629523740150034,I-MISC,9.536078141536564e-05
