0,1,2,3,predictions,confidence,pred_1,pred_1_confidence,pred_2,pred_2_confidence,pred_3,pred_3_confidence
Maccabi,NNP,B-NP,B-ORG,B-ORG,0.8173941373825073,B-ORG,0.8173941373825073,I-ORG,0.13936635851860046,O,0.024881258606910706
Petah,NNP,I-NP,I-ORG,I-ORG,0.7340211272239685,B-ORG,0.7340211272239685,I-ORG,0.2250068038702011,B-MISC,0.015490968711674213
Tikva,NNP,I-NP,I-ORG,I-ORG,0.7016074657440186,B-ORG,0.7016074657440186,I-ORG,0.2746051251888275,I-MISC,0.009256829507648945
0,CD,I-NP,O,O,0.9997124075889587,O,0.9997124075889587,I-ORG,0.0002285925584146753,I-MISC,4.1529514419380575e-05
Hapoel,NNP,I-NP,B-ORG,B-ORG,0.5171534419059753,B-ORG,0.5171534419059753,I-ORG,0.351462185382843,I-MISC,0.04592277482151985
Haifa,NNP,I-NP,I-ORG,I-ORG,0.6085675358772278,B-ORG,0.6085675358772278,I-ORG,0.3129102885723114,I-MISC,0.02930222451686859
2,CD,I-NP,O,O,0.9998608827590942,O,0.9998608827590942,I-ORG,8.888163574738428e-05,I-MISC,4.399284807732329e-05
