0,1,2,3,predictions,confidence,pred_1,pred_1_confidence,pred_2,pred_2_confidence,pred_3,pred_3_confidence
Betar,NNP,B-NP,B-ORG,B-ORG,0.8067981600761414,B-ORG,0.8067981600761414,I-ORG,0.17595478892326355,I-MISC,0.00586182763800025
Jerusalem,NNP,I-NP,I-ORG,I-ORG,0.782589316368103,B-ORG,0.782589316368103,I-ORG,0.20267407596111298,O,0.005064236465841532
12,CD,I-NP,O,O,0.9967347979545593,O,0.9967347979545593,I-ORG,0.0029082198161631823,B-ORG,0.0002243551571154967
10,CD,I-NP,O,O,0.9971931576728821,O,0.9971931576728821,I-ORG,0.0024941323790699244,B-ORG,0.00017616523837205023
2,CD,I-NP,O,O,0.9996548891067505,O,0.9996548891067505,I-ORG,0.0002900342515204102,B-ORG,2.8292717615840957e-05
0,CD,I-NP,O,O,0.9999008178710938,O,0.9999008178710938,I-ORG,7.067768456181511e-05,I-MISC,2.2581716621061787e-05
28,CD,I-NP,O,O,0.999683141708374,O,0.999683141708374,I-ORG,0.00017890770686790347,I-MISC,0.00013097246119286865
7,CD,I-NP,O,O,0.9994277358055115,O,0.9994277358055115,I-MISC,0.00027991816750727594,I-ORG,0.00026294271810911596
32,CD,I-NP,O,O,0.999704897403717,O,0.999704897403717,I-MISC,0.00015279102080967277,I-ORG,0.00013088279229123145
