0,1,2,3,predictions,confidence,pred_1,pred_1_confidence,pred_2,pred_2_confidence,pred_3,pred_3_confidence
Bnei,NNP,B-NP,B-ORG,B-ORG,0.8198855519294739,B-ORG,0.8198855519294739,I-ORG,0.12575899064540863,I-MISC,0.011639244854450226
Yehuda,NNP,I-NP,I-ORG,I-ORG,0.8167036175727844,B-ORG,0.8167036175727844,I-ORG,0.15533243119716644,O,0.0125490827485919
12,CD,I-NP,O,O,0.9990150928497314,O,0.9990150928497314,I-ORG,0.0008591624791733921,B-ORG,8.235741552198306e-05
6,CD,I-NP,O,O,0.9985018968582153,O,0.9985018968582153,I-ORG,0.0013055329909548163,B-ORG,0.0001195695367641747
2,CD,I-NP,O,O,0.9997434020042419,O,0.9997434020042419,I-ORG,0.00021406430460046977,B-ORG,2.3351007257588208e-05
4,CD,I-NP,O,O,0.9999508857727051,O,0.9999508857727051,I-ORG,3.8270754885161296e-05,I-MISC,7.124050171114504e-06
15,CD,I-NP,O,O,0.9999068975448608,O,0.9999068975448608,I-ORG,6.337225204333663e-05,I-MISC,2.6185392925981432e-05
15,CD,I-NP,O,O,0.9999428987503052,O,0.9999428987503052,I-ORG,3.5078468499705195e-05,I-MISC,1.9841574612655677e-05
20,CD,I-NP,O,O,0.9999878406524658,O,0.9999878406524658,I-MISC,6.504788416350493e-06,I-ORG,5.370241524360608e-06
