0,1,2,3,predictions,confidence,pred_1,pred_1_confidence,pred_2,pred_2_confidence,pred_3,pred_3_confidence
Hapoel,NNP,B-NP,B-ORG,B-ORG,0.8336824774742126,B-ORG,0.8336824774742126,I-ORG,0.12797120213508606,O,0.009619398042559624
Haifa,NNP,I-NP,I-ORG,I-ORG,0.8581559062004089,B-ORG,0.8581559062004089,I-ORG,0.12614686787128448,I-MISC,0.003719017840921879
12,CD,I-NP,O,O,0.9989664554595947,O,0.9989664554595947,I-ORG,0.0009023763705044985,B-ORG,8.784953388385475e-05
6,CD,I-NP,O,O,0.9984488487243652,O,0.9984488487243652,I-ORG,0.0013538305647671223,B-ORG,0.00012559570313896984
1,CD,I-NP,O,O,0.9989016056060791,O,0.9989016056060791,I-ORG,0.0007994241314008832,B-ORG,0.0002248373202746734
5,CD,I-NP,O,O,0.9994001388549805,O,0.9994001388549805,I-ORG,0.0005070707993581891,I-MISC,5.4336749599315226e-05
21,CD,I-NP,O,O,0.9999899864196777,O,0.9999899864196777,I-ORG,7.867906788305845e-06,I-MISC,1.828501581258024e-06
16,CD,I-NP,O,O,0.9994282126426697,O,0.9994282126426697,I-ORG,0.0003493007679935545,I-MISC,0.00020464148838073015
19,CD,I-NP,O,O,0.999496340751648,O,0.999496340751648,I-MISC,0.00025882298359647393,I-ORG,0.0001980936067411676
