0,1,2,3,predictions,confidence,pred_1,pred_1_confidence,pred_2,pred_2_confidence,pred_3,pred_3_confidence
Maccabi,NNP,B-NP,B-ORG,B-ORG,0.8368009924888611,B-ORG,0.8368009924888611,I-ORG,0.1303732544183731,O,0.01925012096762657
Haifa,NNP,I-NP,I-ORG,I-ORG,0.8275817036628723,B-ORG,0.8275817036628723,I-ORG,0.1627713143825531,I-MISC,0.0037753807846456766
12,CD,I-NP,O,O,0.9987518787384033,O,0.9987518787384033,I-ORG,0.0011133357184007764,B-ORG,8.482449629809707e-05
4,CD,I-NP,O,O,0.9998303651809692,O,0.9998303651809692,I-ORG,0.00014231148816179484,B-ORG,1.7134956578956917e-05
4,CD,I-NP,O,O,0.9999212026596069,O,0.9999212026596069,I-ORG,6.442069570766762e-05,B-ORG,8.003431503311731e-06
4,CD,I-NP,O,O,0.9999656677246094,O,0.9999656677246094,I-ORG,2.6768670068122447e-05,I-MISC,4.188422735751374e-06
14,CD,I-NP,O,O,0.9999616146087646,O,0.9999616146087646,I-ORG,2.892699558287859e-05,I-MISC,7.545503194705816e-06
15,CD,I-NP,O,O,0.9999608993530273,O,0.9999608993530273,I-ORG,2.261928420921322e-05,I-MISC,1.5056990378070623e-05
16,CD,I-NP,O,O,0.9997642636299133,O,0.9997642636299133,I-MISC,0.00011614899267442524,I-ORG,0.00011085013102274388
