0,1,2,3,predictions,confidence,pred_1,pred_1_confidence,pred_2,pred_2_confidence,pred_3,pred_3_confidence
Zafririm,NNP,B-NP,B-ORG,B-ORG,0.8677080273628235,B-ORG,0.8677080273628235,I-ORG,0.11298009753227234,O,0.0042193010449409485
Holon,NNP,I-NP,I-ORG,I-ORG,0.8866968750953674,B-ORG,0.8866968750953674,I-ORG,0.1042885035276413,I-MISC,0.0023783075157552958
12,CD,I-NP,O,O,0.9990236759185791,O,0.9990236759185791,I-ORG,0.0008550346828997135,B-ORG,8.416698256041855e-05
2,CD,I-NP,O,O,0.9996694326400757,O,0.9996694326400757,I-ORG,0.00027503218734636903,B-ORG,3.6831130273640156e-05
4,CD,I-NP,O,O,0.999894380569458,O,0.999894380569458,I-ORG,8.64765461301431e-05,B-ORG,1.0517833288758993e-05
6,CD,I-NP,O,O,0.9996757507324219,O,0.9996757507324219,I-ORG,0.00027120020240545273,I-MISC,2.991388646478299e-05
8,CD,I-NP,O,O,0.999320387840271,O,0.999320387840271,I-ORG,0.0005353352171368897,I-MISC,8.337220060639083e-05
14,CD,I-NP,O,O,0.999901533126831,O,0.999901533126831,I-ORG,7.332071982091293e-05,I-MISC,2.1789746824651957e-05
10,CD,I-NP,O,O,0.9998871088027954,O,0.9998871088027954,I-MISC,5.851068999618292e-05,I-ORG,5.037130176788196e-05
