0,1,2,3,predictions,confidence,pred_1,pred_1_confidence,pred_2,pred_2_confidence,pred_3,pred_3_confidence
Maccabi,NNP,B-NP,B-ORG,B-ORG,0.8192775845527649,B-ORG,0.8192775845527649,I-ORG,0.13684099912643433,O,0.025425082072615623
Herzliya,NNP,I-NP,I-ORG,I-ORG,0.8537814021110535,B-ORG,0.8537814021110535,I-ORG,0.1363050490617752,I-MISC,0.003007169347256422
12,CD,I-NP,O,O,0.9987205862998962,O,0.9987205862998962,I-ORG,0.0011372986482456326,B-ORG,8.613729733042419e-05
3,CD,I-NP,O,O,0.9996938705444336,O,0.9996938705444336,I-ORG,0.0002589385549072176,B-ORG,2.8683061827905476e-05
1,CD,I-NP,O,O,0.9992340803146362,O,0.9992340803146362,I-ORG,0.0005454979836940765,B-ORG,0.00016114204481709749
8,CD,I-NP,O,O,0.9978938698768616,O,0.9978938698768616,I-ORG,0.0017184183234348893,I-MISC,0.00020541810954455286
5,CD,I-NP,O,O,0.9998608827590942,O,0.9998608827590942,I-ORG,0.00011028276639990509,I-MISC,2.0206171029713005e-05
12,CD,I-NP,O,O,0.9999208450317383,O,0.9999208450317383,I-ORG,5.798349957331084e-05,I-MISC,1.814893403206952e-05
10,CD,I-NP,O,O,0.9999289512634277,O,0.9999289512634277,I-MISC,3.79285920644179e-05,I-ORG,3.0371969842235558e-05
