0,1,2,3,predictions,confidence,pred_1,pred_1_confidence,pred_2,pred_2_confidence,pred_3,pred_3_confidence
Hapoel,NNP,B-NP,B-ORG,B-ORG,0.8481144905090332,B-ORG,0.8481144905090332,I-ORG,0.12344029545783997,O,0.00879144761711359
Taiba,NNP,I-NP,I-ORG,I-ORG,0.8418630361557007,B-ORG,0.8418630361557007,I-ORG,0.14288850128650665,I-MISC,0.00395784480497241
12,CD,I-NP,O,O,0.9990204572677612,O,0.9990204572677612,I-ORG,0.0008565066964365542,B-ORG,8.424597035627812e-05
3,CD,I-NP,O,O,0.9997155070304871,O,0.9997155070304871,I-ORG,0.00023880478693172336,B-ORG,2.9714621632592753e-05
1,CD,I-NP,O,O,0.9992035031318665,O,0.9992035031318665,I-ORG,0.0005650974344462156,B-ORG,0.00017352566646877676
8,CD,I-NP,O,O,0.9973233342170715,O,0.9973233342170715,I-ORG,0.0022034086287021637,I-MISC,0.00023859759676270187
10,CD,I-NP,O,O,0.9997357726097107,O,0.9997357726097107,I-ORG,0.00021826552983839065,I-MISC,3.2935287890722975e-05
21,CD,I-NP,O,O,0.9999921321868896,O,0.9999921321868896,I-ORG,5.784709173894953e-06,I-MISC,1.7645141952016274e-06
10,CD,I-NP,O,O,0.9999262094497681,O,0.9999262094497681,I-MISC,4.025908492621966e-05,I-ORG,3.074359119636938e-05
