0,1,2,3,predictions,confidence,pred_1,pred_1_confidence,pred_2,pred_2_confidence,pred_3,pred_3_confidence
SOCCER,NN,B-NP,O,O,0.6259576678276062,O,0.6259576678276062,B-ORG,0.13447575271129608,I-MISC,0.09907706081867218
-,:,O,O,O,0.9995535016059875,O,0.9995535016059875,I-MISC,0.00027060878346674144,I-ORG,0.00012897624401375651
ASIAN,NNP,B-NP,B-MISC,B-MISC,0.3352317810058594,B-MISC,0.3352317810058594,B-ORG,0.179829403758049,O,0.17010384798049927
CUP,NNP,I-NP,I-MISC,O,0.6819623708724976,O,0.6819623708724976,B-MISC,0.15375354886054993,I-MISC,0.07925201952457428
RESULTS,NNS,I-NP,O,O,0.992271900177002,O,0.992271900177002,I-MISC,0.0030055982060730457,B-MISC,0.0023180588614195585
.,.,O,O,O,0.9999535083770752,O,0.9999535083770752,I-MISC,2.9281027309480123e-05,I-ORG,1.3250255506136455e-05
