0,1,2,3,predictions,confidence,pred_1,pred_1_confidence,pred_2,pred_2_confidence,pred_3,pred_3_confidence
Kuwait,NNP,B-NP,B-LOC,B-LOC,0.3895004391670227,B-LOC,0.3895004391670227,B-PER,0.33891287446022034,I-PER,0.09803992509841919
-,:,O,O,O,0.9981607794761658,O,0.9981607794761658,I-ORG,0.0010224947473034263,I-MISC,0.0006330747855827212
Jassem,NNP,B-NP,B-PER,B-ORG,0.35093748569488525,B-ORG,0.35093748569488525,B-PER,0.2887740731239319,I-PER,0.1039610207080841
Al-Huwaidi,NNP,I-NP,I-PER,I-ORG,0.417972594499588,B-ORG,0.417972594499588,B-MISC,0.17229416966438293,I-ORG,0.1403152346611023
9,CD,I-NP,O,O,0.9986348748207092,O,0.9986348748207092,I-ORG,0.0004700823046732694,I-MISC,0.00043543719220906496
",",",",I-NP,O,O,0.9998410940170288,O,0.9998410940170288,I-MISC,9.629949636291713e-05,I-ORG,5.323333971318789e-05
44,CD,I-NP,O,O,0.9999681711196899,O,0.9999681711196899,I-MISC,1.7570944692124613e-05,I-ORG,1.3418012713373173e-05
