0,1,2,3,predictions,confidence,pred_1,pred_1_confidence,pred_2,pred_2_confidence,pred_3,pred_3_confidence
South,NNP,B-NP,B-LOC,B-ORG,0.6335707902908325,B-ORG,0.6335707902908325,I-ORG,0.21960924565792084,B-LOC,0.042365409433841705
Korea,NNP,I-NP,I-LOC,I-ORG,0.7517392039299011,B-ORG,0.7517392039299011,I-ORG,0.2238435596227646,I-MISC,0.008457444608211517
4,CD,I-NP,O,O,0.9990594983100891,O,0.9990594983100891,I-ORG,0.0007901220815256238,I-MISC,9.703959949547425e-05
Indonesia,NNP,I-NP,B-LOC,B-ORG,0.5728288888931274,B-ORG,0.5728288888931274,I-ORG,0.34565284848213196,B-MISC,0.02997478097677231
2,CD,I-NP,O,O,0.9998278617858887,O,0.9998278617858887,I-ORG,0.0001002605349640362,I-MISC,6.436003604903817e-05
(,(,O,O,O,0.9988144636154175,O,0.9988144636154175,I-MISC,0.0006446813349612057,I-ORG,0.00043114699656143785
3-0,CD,B-NP,O,O,0.9996269941329956,O,0.9996269941329956,I-MISC,0.00018711785378400236,I-ORG,0.00016029586549848318
),),O,O,O,0.9994507431983948,O,0.9994507431983948,I-MISC,0.0002677991578821093,I-ORG,0.0002101121935993433
