0,1,2,3,predictions,confidence,pred_1,pred_1_confidence,pred_2,pred_2_confidence,pred_3,pred_3_confidence
Attendance,NNP,B-NP,O,O,0.7572773694992065,O,0.7572773694992065,B-MISC,0.1288062483072281,I-MISC,0.060661233961582184
:,:,O,O,O,0.9995848536491394,O,0.9995848536491394,I-MISC,0.00029195702518336475,I-ORG,6.526654033223167e-05
"2,000",CD,B-NP,O,O,0.9998824596405029,O,0.9998824596405029,I-MISC,6.679206853732467e-05,I-ORG,4.5636195864062756e-05
