0,1,2,3,predictions,confidence,pred_1,pred_1_confidence,pred_2,pred_2_confidence,pred_3,pred_3_confidence
Indonesia,NNP,B-NP,B-LOC,B-ORG,0.5487980842590332,B-ORG,0.5487980842590332,I-ORG,0.16587331891059875,B-MISC,0.08601074665784836
-,:,O,O,O,0.998187243938446,O,0.998187243938446,I-ORG,0.001140458625741303,I-MISC,0.0005117301479913294
Ronny,NNP,B-NP,B-PER,B-ORG,0.40191730856895447,B-ORG,0.40191730856895447,B-PER,0.16068828105926514,O,0.14241117238998413
Wabia,NNP,I-NP,I-PER,I-ORG,0.514544665813446,B-ORG,0.514544665813446,B-PER,0.15472832322120667,I-ORG,0.12291159480810165
58,CD,I-NP,O,O,0.99994957447052,O,0.99994957447052,I-ORG,3.510387250571512e-05,I-MISC,1.3651827430294361e-05
",",",",O,O,O,0.9994972944259644,O,0.9994972944259644,I-ORG,0.00027814164059236646,I-MISC,0.0001791339454939589
Widodo,NNP,B-NP,B-PER,B-ORG,0.4468701481819153,B-ORG,0.4468701481819153,I-ORG,0.18491189181804657,O,0.10417058318853378
Putra,NNP,I-NP,I-PER,I-ORG,0.5198001861572266,B-ORG,0.5198001861572266,I-ORG,0.1430489718914032,B-PER,0.093929223716259
65,CD,I-NP,O,O,0.9995633959770203,O,0.9995633959770203,I-ORG,0.0002889737661462277,I-MISC,0.0001300653675571084
