0,1,2,3,predictions,confidence,pred_1,pred_1_confidence,pred_2,pred_2_confidence,pred_3,pred_3_confidence
South,NNP,B-NP,B-LOC,B-ORG,0.8076220750808716,B-ORG,0.8076220750808716,I-ORG,0.1754991114139557,I-MISC,0.005872384645044804
Korea,NNP,I-NP,I-LOC,I-ORG,0.8180371522903442,B-ORG,0.8180371522903442,I-ORG,0.1757204383611679,I-MISC,0.0027084306348115206
2,CD,I-NP,O,O,0.9950656294822693,O,0.9950656294822693,I-ORG,0.004328710027039051,B-ORG,0.0004059671191498637
1,CD,I-NP,O,O,0.996935248374939,O,0.996935248374939,I-ORG,0.0023335462901741266,B-ORG,0.0005825048428960145
1,CD,I-NP,O,O,0.9978539347648621,O,0.9978539347648621,I-ORG,0.0016036925371736288,B-ORG,0.00041397736640647054
0,CD,I-NP,O,O,0.999795138835907,O,0.999795138835907,I-ORG,0.00016817300638649613,I-MISC,1.8575658032204956e-05
5,CD,I-NP,O,O,0.9996070265769958,O,0.9996070265769958,I-ORG,0.00032815945451147854,I-MISC,3.953591294703074e-05
3,CD,I-NP,O,O,0.9999570846557617,O,0.9999570846557617,I-ORG,3.308034865767695e-05,I-MISC,6.927334652573336e-06
4,CD,I-NP,O,O,0.9999849796295166,O,0.9999849796295166,I-ORG,8.003827133507002e-06,I-MISC,6.3260499700845685e-06
