0,1,2,3,predictions,confidence,pred_1,pred_1_confidence,pred_2,pred_2_confidence,pred_3,pred_3_confidence
UAE,NNP,B-NP,B-LOC,B-ORG,0.9567345380783081,B-ORG,0.9567345380783081,I-ORG,0.03372775390744209,O,0.007386587094515562
2,CD,I-NP,O,O,0.999671220779419,O,0.999671220779419,I-ORG,0.00026447465643286705,B-ORG,5.0315153202973306e-05
1,CD,I-NP,O,O,0.9990412592887878,O,0.9990412592887878,I-ORG,0.0006572928978130221,B-ORG,0.00025516835739836097
1,CD,I-NP,O,O,0.9990399479866028,O,0.9990399479866028,I-ORG,0.0006685558473691344,B-ORG,0.00023513504129368812
0,CD,I-NP,O,O,0.9998738765716553,O,0.9998738765716553,I-ORG,0.00010168532026000321,B-ORG,1.3484798728313763e-05
4,CD,I-NP,O,O,0.9999383687973022,O,0.9999383687973022,I-ORG,4.944117972627282e-05,I-MISC,6.478811883425806e-06
3,CD,I-NP,O,O,0.9999735355377197,O,0.9999735355377197,I-ORG,1.9845041606458835e-05,I-MISC,4.66232631879393e-06
4,CD,I-NP,O,O,0.9999897480010986,O,0.9999897480010986,I-ORG,5.259751105768373e-06,I-MISC,4.500414888752857e-06
