0,1,2,3,predictions,confidence,pred_1,pred_1_confidence,pred_2,pred_2_confidence,pred_3,pred_3_confidence
Indonesia,NNP,B-NP,B-LOC,B-ORG,0.8926377892494202,B-ORG,0.8926377892494202,I-ORG,0.10029163211584091,O,0.003790808143094182
2,CD,I-NP,O,O,0.9996795654296875,O,0.9996795654296875,I-ORG,0.00025800112052820623,B-ORG,4.877952960669063e-05
0,CD,I-NP,O,O,0.9998220801353455,O,0.9998220801353455,I-ORG,0.00014540652045980096,B-ORG,2.1832858692505397e-05
1,CD,I-NP,O,O,0.9984961748123169,O,0.9984961748123169,I-ORG,0.0010762386955320835,B-ORG,0.0003381428250577301
1,CD,I-NP,O,O,0.9992111921310425,O,0.9992111921310425,I-ORG,0.0005575097748078406,B-ORG,0.00017352603026665747
4,CD,I-NP,O,O,0.999942421913147,O,0.999942421913147,I-ORG,4.592652840074152e-05,I-MISC,6.187984126881929e-06
6,CD,I-NP,O,O,0.9999173879623413,O,0.9999173879623413,I-ORG,6.475856935139745e-05,I-MISC,1.2506208804552443e-05
1,CD,I-NP,O,O,0.9998862743377686,O,0.9998862743377686,I-ORG,5.70141346543096e-05,I-MISC,4.299722422729246e-05
