0,1,2,3,predictions,confidence,pred_1,pred_1_confidence,pred_2,pred_2_confidence,pred_3,pred_3_confidence
NBA,NNP,B-NP,B-ORG,O,0.4953572750091553,B-ORG,0.4953572750091553,O,0.17261002957820892,B-MISC,0.16922450065612793
BASKETBALL,NNP,I-NP,O,O,0.2857157289981842,B-MISC,0.2857157289981842,O,0.26167067885398865,I-MISC,0.18270859122276306
-,:,O,O,O,0.9996466636657715,O,0.9996466636657715,I-MISC,0.00024738849606364965,I-ORG,6.285755807766691e-05
STANDINGS,NNP,B-NP,O,O,0.94832444190979,O,0.94832444190979,B-MISC,0.02173999324440956,I-MISC,0.017532331869006157
AFTER,NNP,I-NP,O,O,0.8811779618263245,O,0.8811779618263245,B-ORG,0.04169793426990509,B-PER,0.026760870590806007
FRIDAY,NNP,I-NP,O,O,0.8561618328094482,O,0.8561618328094482,B-ORG,0.05368983373045921,I-MISC,0.028813954442739487
'S,POS,B-NP,O,O,0.9956619143486023,O,0.9956619143486023,I-MISC,0.0016888576792553067,B-MISC,0.0007539601647295058
GAMES,NNS,I-NP,O,O,0.8009561896324158,O,0.8009561896324158,B-ORG,0.0626935139298439,B-PER,0.059763163328170776
.,.,O,O,O,0.9999828338623047,O,0.9999828338623047,I-MISC,1.0446385203977115e-05,I-ORG,4.044186880491907e-06
