0,1,2,3,predictions,confidence,pred_1,pred_1_confidence,pred_2,pred_2_confidence,pred_3,pred_3_confidence
Standings,NNS,B-NP,O,O,0.3679412603378296,O,0.3679412603378296,B-ORG,0.23894087970256805,I-ORG,0.12933869659900665
of,IN,B-PP,O,O,0.986003041267395,O,0.986003041267395,I-ORG,0.0069251349195837975,I-MISC,0.0056062014773488045
National,NNP,B-NP,B-ORG,B-ORG,0.22678327560424805,B-ORG,0.22678327560424805,I-ORG,0.21835632622241974,B-MISC,0.14388100802898407
