0,1,2,3,predictions,confidence,pred_1,pred_1_confidence,pred_2,pred_2_confidence,pred_3,pred_3_confidence
W,NNP,B-NP,O,O,0.984502375125885,O,0.984502375125885,B-MISC,0.00718386285007,I-MISC,0.004513042513281107
L,NNP,I-NP,O,O,0.9919402003288269,O,0.9919402003288269,B-MISC,0.0030788183212280273,I-MISC,0.0026214290410280228
PCT,NNP,I-NP,O,O,0.9696608781814575,O,0.9696608781814575,I-MISC,0.012352232821285725,B-MISC,0.010142293758690357
GB,NNP,I-NP,O,O,0.9863057136535645,O,0.9863057136535645,I-MISC,0.004399987868964672,B-MISC,0.0039642550982534885
