0,1,2,3,predictions,confidence,pred_1,pred_1_confidence,pred_2,pred_2_confidence,pred_3,pred_3_confidence
ORLANDO,NNP,B-NP,B-ORG,B-ORG,0.9225791096687317,B-ORG,0.9225791096687317,I-ORG,0.05084950104355812,B-LOC,0.007374666165560484
8,CD,I-NP,O,O,0.9982360601425171,O,0.9982360601425171,I-ORG,0.001372886123135686,B-ORG,0.00020901595416944474
7,CD,I-NP,O,O,0.9988069534301758,O,0.9988069534301758,I-ORG,0.0009438227862119675,I-MISC,0.00018663459923118353
.533,CD,I-NP,O,O,0.9998722076416016,O,0.9998722076416016,I-ORG,0.00011086146696470678,I-MISC,1.5174851796473376e-05
4,CD,I-NP,O,O,0.9999324083328247,O,0.9999324083328247,I-ORG,4.2951378418365493e-05,I-MISC,2.142570519936271e-05
