0,1,2,3,predictions,confidence,pred_1,pred_1_confidence,pred_2,pred_2_confidence,pred_3,pred_3_confidence
WASHINGTON,NNP,B-NP,B-ORG,B-LOC,0.48983892798423767,B-ORG,0.48983892798423767,B-LOC,0.3872299790382385,I-ORG,0.03632374852895737
7,CD,I-NP,O,O,0.999491810798645,O,0.999491810798645,I-ORG,0.00040779178380034864,B-ORG,6.258770736167207e-05
9,CD,I-NP,O,O,0.9904778003692627,O,0.9904778003692627,I-ORG,0.004950596485286951,B-ORG,0.003868804546073079
.438,CD,I-NP,O,O,0.9998400211334229,O,0.9998400211334229,I-ORG,0.00014644871407654136,I-MISC,1.0304794159310404e-05
5,CD,I-NP,O,O,0.9995239973068237,O,0.9995239973068237,I-ORG,0.0003914455301128328,I-MISC,5.7872282923199236e-05
1/2,CD,I-NP,O,O,0.9999313354492188,O,0.9999313354492188,I-ORG,4.4890010030940175e-05,I-MISC,2.068725552817341e-05
