0,1,2,3,predictions,confidence,pred_1,pred_1_confidence,pred_2,pred_2_confidence,pred_3,pred_3_confidence
PHILADELPHIA,NNP,B-NP,B-ORG,B-ORG,0.8804556131362915,B-ORG,0.8804556131362915,I-ORG,0.07604128122329712,B-LOC,0.019023844972252846
7,CD,I-NP,O,O,0.9979217648506165,O,0.9979217648506165,I-ORG,0.0016226059524342418,I-MISC,0.0003322359989397228
10,CD,I-NP,O,O,0.9990596175193787,O,0.9990596175193787,I-ORG,0.0006657631020061672,I-MISC,0.0002392125315964222
.412,CD,I-NP,O,O,0.9998716115951538,O,0.9998716115951538,I-ORG,9.759785461938009e-05,I-MISC,2.8938571631442755e-05
6,CD,I-NP,O,O,0.9993317723274231,O,0.9993317723274231,I-ORG,0.00038336802390404046,I-MISC,0.0002586557820905
