0,1,2,3,predictions,confidence,pred_1,pred_1_confidence,pred_2,pred_2_confidence,pred_3,pred_3_confidence
BOSTON,NNP,B-NP,B-ORG,B-ORG,0.933841347694397,B-ORG,0.933841347694397,I-ORG,0.04667978733778,B-LOC,0.005829515866935253
4,CD,I-NP,O,O,0.9998762607574463,O,0.9998762607574463,I-ORG,9.562545892549679e-05,B-ORG,1.616572444618214e-05
13,CD,I-NP,O,O,0.9999687671661377,O,0.9999687671661377,I-ORG,2.1494164684554562e-05,I-MISC,8.177901690942235e-06
.235,CD,I-NP,O,O,0.999971866607666,O,0.999971866607666,I-ORG,1.9897197489626706e-05,I-MISC,7.756111699563917e-06
9,CD,I-NP,O,O,0.9975534081459045,O,0.9975534081459045,I-ORG,0.00097441062098369,I-MISC,0.0009008813067339361
