0,1,2,3,predictions,confidence,pred_1,pred_1_confidence,pred_2,pred_2_confidence,pred_3,pred_3_confidence
NEW,NNP,B-NP,B-ORG,B-ORG,0.9241258502006531,B-ORG,0.9241258502006531,I-ORG,0.04817971587181091,O,0.016191033646464348
JERSEY,NNP,I-NP,I-ORG,I-ORG,0.8982248306274414,B-ORG,0.8982248306274414,I-ORG,0.0665416419506073,O,0.02703101933002472
4,CD,I-NP,O,O,0.9998693466186523,O,0.9998693466186523,I-ORG,0.00010594294872134924,B-ORG,1.4676011232950259e-05
10,CD,I-NP,O,O,0.9994232654571533,O,0.9994232654571533,I-ORG,0.00047864572843536735,I-MISC,6.434509123209864e-05
.286,CD,I-NP,O,O,0.999870777130127,O,0.999870777130127,I-ORG,0.00011764121882151812,I-MISC,8.869668818078935e-06
7,CD,I-NP,O,O,0.99933260679245,O,0.99933260679245,I-ORG,0.0005449804593808949,I-MISC,8.738639007788152e-05
1/2,CD,I-NP,O,O,0.999930739402771,O,0.999930739402771,I-ORG,4.5524506276706234e-05,I-MISC,2.058092286461033e-05
