0,1,2,3,predictions,confidence,pred_1,pred_1_confidence,pred_2,pred_2_confidence,pred_3,pred_3_confidence
CENTRAL,NNP,B-NP,B-MISC,O,0.3946494162082672,O,0.3946494162082672,B-MISC,0.3036191463470459,I-MISC,0.15501198172569275
DIVISION,NNP,I-NP,I-MISC,O,0.6650580167770386,O,0.6650580167770386,B-MISC,0.22782672941684723,I-MISC,0.07351788878440857
W,NNP,B-NP,O,O,0.9950290322303772,O,0.9950290322303772,B-MISC,0.0021150645334273577,I-MISC,0.001760041806846857
L,NNP,I-NP,O,O,0.9931635856628418,O,0.9931635856628418,B-MISC,0.0025375166442245245,I-MISC,0.0025120710488408804
PCT,NNP,I-NP,O,O,0.9786502122879028,O,0.9786502122879028,I-MISC,0.009223135188221931,B-MISC,0.0067659709602594376
GB,NNP,I-NP,O,O,0.9877210259437561,O,0.9877210259437561,I-MISC,0.004111912567168474,B-MISC,0.003507379675284028
