0,1,2,3,predictions,confidence,pred_1,pred_1_confidence,pred_2,pred_2_confidence,pred_3,pred_3_confidence
CHICAGO,NNP,B-NP,B-ORG,B-LOC,0.45026496052742004,B-ORG,0.45026496052742004,B-LOC,0.4107670187950134,I-ORG,0.047366682440042496
17,CD,I-NP,O,O,0.998996913433075,O,0.998996913433075,I-ORG,0.0007724830065853894,I-MISC,0.00016167726425919682
1,CD,I-NP,O,O,0.999688982963562,O,0.999688982963562,I-ORG,0.00019964974489994347,I-MISC,5.993074955767952e-05
.944,CD,I-NP,O,O,0.9999470710754395,O,0.9999470710754395,I-ORG,3.0037828764761798e-05,I-MISC,2.1935482436674647e-05
-,:,I-NP,O,O,0.9971036314964294,O,0.9971036314964294,I-ORG,0.0014248598599806428,I-MISC,0.0013067101826891303
