0,1,2,3,predictions,confidence,pred_1,pred_1_confidence,pred_2,pred_2_confidence,pred_3,pred_3_confidence
DETROIT,VBG,B-VP,B-ORG,B-ORG,0.9133079051971436,B-ORG,0.9133079051971436,I-ORG,0.07306180894374847,I-MISC,0.004810192622244358
14,CD,B-NP,O,O,0.9977820515632629,O,0.9977820515632629,I-ORG,0.0019240959081798792,B-ORG,0.00020570718334056437
3,CD,I-NP,O,O,0.999575674533844,O,0.999575674533844,I-ORG,0.0003518287849146873,B-ORG,4.60050578112714e-05
.824,CD,I-NP,O,O,0.9997650980949402,O,0.9997650980949402,I-ORG,0.00022075788001529872,I-MISC,8.746686035010498e-06
2,CD,I-NP,O,O,0.9997557997703552,O,0.9997557997703552,I-ORG,0.00019849058298859745,I-MISC,2.7588490411289968e-05
1/2,CD,I-NP,O,O,0.9999387264251709,O,0.9999387264251709,I-ORG,3.970196848968044e-05,I-MISC,1.8630311387823895e-05
