0,1,2,3,predictions,confidence,pred_1,pred_1_confidence,pred_2,pred_2_confidence,pred_3,pred_3_confidence
CLEVELAND,NNP,B-NP,B-ORG,B-ORG,0.914347231388092,B-ORG,0.914347231388092,I-ORG,0.06671269983053207,B-LOC,0.006476479582488537
11,CD,I-NP,O,O,0.9916300177574158,O,0.9916300177574158,I-ORG,0.006977600511163473,B-ORG,0.0008733677677810192
6,CD,I-NP,O,O,0.9986181259155273,O,0.9986181259155273,I-ORG,0.0011577761033549905,B-ORG,0.00012411005445756018
.647,CD,I-NP,O,O,0.9998304843902588,O,0.9998304843902588,I-ORG,0.0001564857957419008,I-MISC,9.383042197441682e-06
5,CD,I-NP,O,O,0.9994588494300842,O,0.9994588494300842,I-ORG,0.00044734275434166193,I-MISC,5.67144961678423e-05
1/2,CD,I-NP,O,O,0.9999419450759888,O,0.9999419450759888,I-ORG,3.880796430166811e-05,I-MISC,1.6370855519198813e-05
