0,1,2,3,predictions,confidence,pred_1,pred_1_confidence,pred_2,pred_2_confidence,pred_3,pred_3_confidence
CHARLOTTE,JJ,B-NP,B-ORG,B-ORG,0.901469886302948,B-ORG,0.901469886302948,I-ORG,0.06872297078371048,O,0.019674893468618393
8,CD,I-NP,O,O,0.9970071911811829,O,0.9970071911811829,I-ORG,0.0023776558227837086,B-ORG,0.0004582563997246325
9,CD,I-NP,O,O,0.9825708270072937,O,0.9825708270072937,I-ORG,0.009645999409258366,B-ORG,0.0068578110076487064
.471,CD,I-NP,O,O,0.9997926354408264,O,0.9997926354408264,I-ORG,0.0001931612496264279,I-MISC,9.843733096204232e-06
8,CD,I-NP,O,O,0.9956772923469543,O,0.9956772923469543,I-ORG,0.003563666483387351,I-MISC,0.0004824614152312279
1/2,CD,I-NP,O,O,0.9998834133148193,O,0.9998834133148193,I-ORG,7.816026482032612e-05,I-MISC,3.400260902708396e-05
