0,1,2,3,predictions,confidence,pred_1,pred_1_confidence,pred_2,pred_2_confidence,pred_3,pred_3_confidence
HOUSTON,NNP,B-NP,B-ORG,B-ORG,0.8807044625282288,B-ORG,0.8807044625282288,I-ORG,0.057585857808589935,B-LOC,0.021689793094992638
16,CD,I-NP,O,O,0.9977717995643616,O,0.9977717995643616,I-ORG,0.0018785464344546199,I-MISC,0.00018165861547458917
2,CD,I-NP,O,O,0.9999240636825562,O,0.9999240636825562,I-ORG,5.316413808031939e-05,I-MISC,1.6754351236158982e-05
.889,CD,I-NP,O,O,0.9999752044677734,O,0.9999752044677734,I-ORG,1.3951493201602716e-05,I-MISC,1.0361138265579939e-05
-,:,I-NP,O,O,0.9985412359237671,O,0.9985412359237671,I-ORG,0.0006881767767481506,I-MISC,0.0006712639587931335
