0,1,2,3,predictions,confidence,pred_1,pred_1_confidence,pred_2,pred_2_confidence,pred_3,pred_3_confidence
DENVER,NN,B-NP,B-ORG,B-ORG,0.8692781329154968,B-ORG,0.8692781329154968,I-ORG,0.06425958126783371,O,0.03287042677402496
5,CD,I-NP,O,O,0.9993997812271118,O,0.9993997812271118,I-ORG,0.0004955832846462727,B-ORG,6.464984471676871e-05
14,CD,I-NP,O,O,0.9993934631347656,O,0.9993934631347656,I-ORG,0.0005229520029388368,I-MISC,5.0087917770724744e-05
.263,CD,I-NP,O,O,0.9998008608818054,O,0.9998008608818054,I-ORG,0.00018122621986549348,I-MISC,1.4591663784813136e-05
11,CD,I-NP,O,O,0.9957181811332703,O,0.9957181811332703,I-ORG,0.0036088083870708942,I-MISC,0.0004528099962044507
1/2,CD,I-NP,O,O,0.9999067783355713,O,0.9999067783355713,I-ORG,6.363951251842082e-05,I-MISC,2.525340642023366e-05
