0,1,2,3,predictions,confidence,pred_1,pred_1_confidence,pred_2,pred_2_confidence,pred_3,pred_3_confidence
SAN,NNP,B-NP,B-ORG,B-ORG,0.9118485450744629,B-ORG,0.9118485450744629,I-ORG,0.06933721154928207,I-MISC,0.006405436433851719
ANTONIO,NNP,I-NP,I-ORG,I-ORG,0.8767948746681213,B-ORG,0.8767948746681213,I-ORG,0.11094056069850922,I-MISC,0.005820189602673054
3,CD,I-NP,O,O,0.9970787763595581,O,0.9970787763595581,I-ORG,0.002547337906435132,B-ORG,0.00021038198610767722
14,CD,I-NP,O,O,0.996123731136322,O,0.996123731136322,I-ORG,0.003495212644338608,I-MISC,0.0002246173971798271
.176,CD,I-NP,O,O,0.9988865256309509,O,0.9988865256309509,I-ORG,0.0010477154282853007,I-MISC,4.726399129140191e-05
12,CD,I-NP,O,O,0.9986718893051147,O,0.9986718893051147,I-ORG,0.0011531769996508956,I-MISC,0.00012582182534970343
1/2,CD,I-NP,O,O,0.999885082244873,O,0.999885082244873,I-ORG,7.826429646229371e-05,I-MISC,3.2019503123592585e-05
