0,1,2,3,predictions,confidence,pred_1,pred_1_confidence,pred_2,pred_2_confidence,pred_3,pred_3_confidence
VANCOUVER,NNP,B-NP,B-ORG,B-ORG,0.8984010815620422,B-ORG,0.8984010815620422,I-ORG,0.07459931820631027,B-LOC,0.009625887498259544
3,CD,I-NP,O,O,0.9993940591812134,O,0.9993940591812134,I-ORG,0.0004897712497040629,B-ORG,7.691032078582793e-05
16,CD,I-NP,O,O,0.9955329895019531,O,0.9955329895019531,I-ORG,0.0038736690767109394,B-ORG,0.0002999959688168019
.158,CD,I-NP,O,O,0.9997476935386658,O,0.9997476935386658,I-ORG,0.00023299689928535372,I-MISC,1.1629064829321578e-05
13,CD,I-NP,O,O,0.9997555613517761,O,0.9997555613517761,I-ORG,0.00020522081467788666,I-MISC,2.5975034077418968e-05
1/2,CD,I-NP,O,O,0.9999245405197144,O,0.9999245405197144,I-ORG,5.101934220874682e-05,I-MISC,2.067713467113208e-05
