0,1,2,3,predictions,confidence,pred_1,pred_1_confidence,pred_2,pred_2_confidence,pred_3,pred_3_confidence
LA,NNP,B-NP,B-ORG,B-ORG,0.9137390851974487,B-ORG,0.9137390851974487,I-ORG,0.07317016273736954,I-MISC,0.0043979366309940815
LAKERS,NNS,I-NP,I-ORG,I-ORG,0.9243389368057251,B-ORG,0.9243389368057251,I-ORG,0.059509195387363434,O,0.006781194359064102
14,CD,I-NP,O,O,0.9986034035682678,O,0.9986034035682678,I-ORG,0.0012226960388943553,B-ORG,0.0001037755428114906
7,CD,I-NP,O,O,0.9959008097648621,O,0.9959008097648621,I-ORG,0.0035806570667773485,B-ORG,0.00027103754109703004
.667,CD,I-NP,O,O,0.9994757771492004,O,0.9994757771492004,I-ORG,0.0004966581473127007,I-MISC,1.9212344341212884e-05
1,CD,I-NP,O,O,0.9984976053237915,O,0.9984976053237915,I-ORG,0.001128676231019199,B-ORG,0.0002129616041202098
1/2,CD,I-NP,O,O,0.9998513460159302,O,0.9998513460159302,I-ORG,9.964928176486865e-05,I-MISC,4.3155072489753366e-05
