0,1,2,3,predictions,confidence,pred_1,pred_1_confidence,pred_2,pred_2_confidence,pred_3,pred_3_confidence
PORTLAND,NNP,B-NP,B-ORG,B-ORG,0.9132089614868164,B-ORG,0.9132089614868164,I-ORG,0.06103049963712692,O,0.008343091234564781
12,CD,I-NP,O,O,0.9996638298034668,O,0.9996638298034668,I-ORG,0.00028423775802366436,I-MISC,2.617760401335545e-05
8,CD,I-NP,O,O,0.9983325600624084,O,0.9983325600624084,I-ORG,0.0012688947608694434,I-MISC,0.000266178569290787
.600,CD,I-NP,O,O,0.9998302459716797,O,0.9998302459716797,I-ORG,0.00012907214113511145,I-MISC,3.8402136851800606e-05
3,CD,I-NP,O,O,0.9999172687530518,O,0.9999172687530518,I-ORG,4.670922862715088e-05,I-MISC,3.239118086639792e-05
