0,1,2,3,predictions,confidence,pred_1,pred_1_confidence,pred_2,pred_2_confidence,pred_3,pred_3_confidence
LA,NNP,B-NP,B-ORG,B-ORG,0.839942991733551,B-ORG,0.839942991733551,I-ORG,0.10027340799570084,I-MISC,0.017468873411417007
CLIPPERS,NNP,I-NP,I-ORG,I-ORG,0.7175283432006836,B-ORG,0.7175283432006836,I-ORG,0.10608798265457153,B-LOC,0.0495537631213665
7,CD,I-NP,O,O,0.9990419745445251,O,0.9990419745445251,I-ORG,0.0007126180571503937,I-MISC,0.00018982037727255374
11,CD,I-NP,O,O,0.9970400929450989,O,0.9970400929450989,I-ORG,0.0020183015149086714,I-MISC,0.0008035288192331791
.389,CD,I-NP,O,O,0.999859094619751,O,0.999859094619751,I-ORG,9.99087787931785e-05,I-MISC,3.7927682569716126e-05
7,CD,I-NP,O,O,0.9992725253105164,O,0.9992725253105164,I-ORG,0.00037688648444600403,I-MISC,0.00031370791839435697
