0,1,2,3,predictions,confidence,pred_1,pred_1_confidence,pred_2,pred_2_confidence,pred_3,pred_3_confidence
GOLDEN,NNP,B-NP,B-ORG,B-ORG,0.9056322574615479,B-ORG,0.9056322574615479,I-ORG,0.049844641238451004,O,0.014008190482854843
STATE,NNP,I-NP,I-ORG,I-ORG,0.8881124258041382,B-ORG,0.8881124258041382,I-ORG,0.05790146812796593,O,0.03884617239236832
6,CD,I-NP,O,O,0.9995582699775696,O,0.9995582699775696,I-ORG,0.00036340337828733027,B-ORG,5.1557122787926346e-05
13,CD,I-NP,O,O,0.9997888207435608,O,0.9997888207435608,I-ORG,0.00017982935241889209,I-MISC,1.7387481420882978e-05
.316,CD,I-NP,O,O,0.9997686743736267,O,0.9997686743736267,I-ORG,0.00021540041780099273,I-MISC,1.1057434676331468e-05
8,CD,I-NP,O,O,0.9970698356628418,O,0.9970698356628418,I-ORG,0.0023872130550444126,I-MISC,0.0003083752526436001
1/2,CD,I-NP,O,O,0.9999105930328369,O,0.9999105930328369,I-ORG,6.0048401792300865e-05,I-MISC,2.536227839300409e-05
