0,1,2,3,predictions,confidence,pred_1,pred_1_confidence,pred_2,pred_2_confidence,pred_3,pred_3_confidence
SACRAMENTO,NNP,B-NP,B-ORG,B-ORG,0.911929190158844,B-ORG,0.911929190158844,I-ORG,0.0682426393032074,O,0.006347110960632563
6,CD,I-NP,O,O,0.9993371367454529,O,0.9993371367454529,I-ORG,0.0005552081856876612,B-ORG,6.671268056379631e-05
13,CD,I-NP,O,O,0.9995726943016052,O,0.9995726943016052,I-ORG,0.00036906954483129084,I-MISC,3.474777258816175e-05
.316,CD,I-NP,O,O,0.9996179342269897,O,0.9996179342269897,I-ORG,0.00035683606984093785,I-MISC,1.7897973521030508e-05
8,CD,I-NP,O,O,0.9958040118217468,O,0.9958040118217468,I-ORG,0.003450476098805666,I-MISC,0.0004379454767331481
1/2,CD,I-NP,O,O,0.9998925924301147,O,0.9998925924301147,I-ORG,7.270932837855071e-05,I-MISC,3.0327393687912263e-05
