0,1,2,3,predictions,confidence,pred_1,pred_1_confidence,pred_2,pred_2_confidence,pred_3,pred_3_confidence
SATURDAY,NNP,B-NP,O,O,0.8853985667228699,O,0.8853985667228699,B-ORG,0.03749249130487442,I-MISC,0.02958257682621479
",",",",O,O,O,0.9999103546142578,O,0.9999103546142578,I-MISC,5.5060583690647036e-05,I-ORG,2.859498272300698e-05
DECEMBER,NN,B-NP,O,O,0.5137940049171448,O,0.5137940049171448,B-ORG,0.1656304895877838,I-MISC,0.12161314487457275
7,CD,I-NP,O,O,0.9999545812606812,O,0.9999545812606812,I-MISC,2.847919131454546e-05,I-ORG,1.4633528735430446e-05
SCHEDULE,NNP,I-NP,O,O,0.9861018657684326,O,0.9861018657684326,I-MISC,0.005332603119313717,B-ORG,0.003997115418314934
