0,1,2,3,predictions,confidence,pred_1,pred_1_confidence,pred_2,pred_2_confidence,pred_3,pred_3_confidence
PHOENIX,NNS,B-NP,B-ORG,B-ORG,0.9236670136451721,B-ORG,0.9236670136451721,I-ORG,0.05148174986243248,B-LOC,0.009969891980290413
3,CD,I-NP,O,O,0.9998021721839905,O,0.9998021721839905,I-ORG,0.00015699629148002714,B-ORG,2.8294836738496087e-05
14,CD,I-NP,O,O,0.9996514320373535,O,0.9996514320373535,I-ORG,0.00029830815037712455,I-MISC,2.7274763851892203e-05
.176,CD,I-NP,O,O,0.9997734427452087,O,0.9997734427452087,I-ORG,0.0002075058437185362,I-MISC,1.4338931578095071e-05
10,CD,I-NP,O,O,0.9994202852249146,O,0.9994202852249146,I-ORG,0.00047871805145405233,I-MISC,7.372354593826458e-05
1/2,CD,I-NP,O,O,0.9999334812164307,O,0.9999334812164307,I-ORG,4.388039087643847e-05,I-MISC,1.9499177142279223e-05
