0,1,2,3,predictions,confidence,pred_1,pred_1_confidence,pred_2,pred_2_confidence,pred_3,pred_3_confidence
LA,NNP,B-NP,B-ORG,B-ORG,0.879255473613739,B-ORG,0.879255473613739,I-ORG,0.09122435748577118,I-MISC,0.009172209538519382
CLIPPERS,NNP,I-NP,I-ORG,I-ORG,0.8033029437065125,B-ORG,0.8033029437065125,I-ORG,0.10822902619838715,O,0.0351145900785923
AT,NNP,I-NP,O,O,0.9191164970397949,O,0.9191164970397949,B-ORG,0.05060221999883652,I-ORG,0.014508015476167202
NEW,JJ,I-NP,B-LOC,B-LOC,0.5564547777175903,B-LOC,0.5564547777175903,B-ORG,0.15176722407341003,I-LOC,0.12571680545806885
YORK,NNP,I-NP,I-LOC,I-LOC,0.35156407952308655,I-LOC,0.35156407952308655,B-LOC,0.2857496738433838,B-ORG,0.14084726572036743
