0,1,2,3,predictions,confidence,pred_1,pred_1_confidence,pred_2,pred_2_confidence,pred_3,pred_3_confidence
VANCOUVER,NNP,B-NP,B-ORG,B-ORG,0.6228179335594177,B-ORG,0.6228179335594177,B-LOC,0.18408092856407166,I-ORG,0.08916115015745163
AT,NNP,I-NP,O,O,0.9417116045951843,O,0.9417116045951843,B-ORG,0.0401577427983284,I-ORG,0.010238563641905785
DALLAS,NNP,I-NP,B-LOC,B-LOC,0.31339365243911743,B-ORG,0.31339365243911743,B-LOC,0.22661176323890686,I-MISC,0.15551605820655823
