0,1,2,3,predictions,confidence,pred_1,pred_1_confidence,pred_2,pred_2_confidence,pred_3,pred_3_confidence
MIAMI,NNP,B-NP,B-ORG,B-ORG,0.8851821422576904,B-ORG,0.8851821422576904,I-ORG,0.06058075278997421,O,0.021762533113360405
AT,NNP,I-NP,O,O,0.9578151106834412,O,0.9578151106834412,B-ORG,0.027583599090576172,I-ORG,0.006928583141416311
CHICAGO,NNP,I-NP,B-LOC,B-LOC,0.6506849527359009,B-LOC,0.6506849527359009,B-ORG,0.10236431658267975,I-LOC,0.08188829571008682
