0,1,2,3,predictions,confidence,pred_1,pred_1_confidence,pred_2,pred_2_confidence,pred_3,pred_3_confidence
UTAH,NNP,B-NP,B-ORG,B-ORG,0.7770578265190125,B-ORG,0.7770578265190125,O,0.08188627660274506,I-ORG,0.07059775292873383
AT,NNP,I-NP,O,O,0.9838581681251526,O,0.9838581681251526,B-ORG,0.009446632117033005,I-ORG,0.0026647874619811773
DENVER,NN,I-NP,B-LOC,B-LOC,0.3721158802509308,B-LOC,0.3721158802509308,I-MISC,0.17542485892772675,B-ORG,0.13151001930236816
