0,1,2,3,predictions,confidence,pred_1,pred_1_confidence,pred_2,pred_2_confidence,pred_3,pred_3_confidence
NBA,NNP,B-NP,B-ORG,B-ORG,0.6027039289474487,B-ORG,0.6027039289474487,O,0.13455866277217865,B-MISC,0.11884482204914093
BASKETBALL,NNP,I-NP,O,O,0.25038036704063416,O,0.25038036704063416,B-MISC,0.24313801527023315,B-ORG,0.20430050790309906
-,:,O,O,O,0.999514102935791,O,0.999514102935791,I-MISC,0.00031740230042487383,I-ORG,0.00011523869034135714
FRIDAY,NNP,B-NP,O,O,0.524864673614502,O,0.524864673614502,B-MISC,0.16065077483654022,I-MISC,0.12491097301244736
'S,POS,B-NP,O,O,0.9939542412757874,O,0.9939542412757874,B-MISC,0.002696028910577297,I-MISC,0.0024874983355402946
RESULTS,NNS,I-NP,O,O,0.9952699542045593,O,0.9952699542045593,I-MISC,0.0017424479592591524,B-MISC,0.001304896897636354
.,.,O,O,O,0.9999856948852539,O,0.9999856948852539,I-MISC,9.029167813423555e-06,I-ORG,3.384182036825223e-06
