0,1,2,3,predictions,confidence,pred_1,pred_1_confidence,pred_2,pred_2_confidence,pred_3,pred_3_confidence
Results,NNS,B-NP,O,O,0.326566606760025,B-ORG,0.326566606760025,O,0.27146780490875244,I-ORG,0.12602512538433075
of,IN,B-PP,O,O,0.9861027002334595,O,0.9861027002334595,I-ORG,0.007110702805221081,I-MISC,0.005398368928581476
National,NNP,B-NP,B-ORG,B-ORG,0.24331077933311462,B-ORG,0.24331077933311462,I-ORG,0.22970910370349884,B-MISC,0.14385345578193665
Basketball,NNP,I-NP,I-ORG,I-ORG,0.3130430281162262,B-ORG,0.3130430281162262,I-ORG,0.17539431154727936,B-PER,0.11944954842329025
