0,1,2,3,predictions,confidence,pred_1,pred_1_confidence,pred_2,pred_2_confidence,pred_3,pred_3_confidence
New,NNP,B-NP,B-ORG,B-LOC,0.6051852107048035,B-LOC,0.6051852107048035,B-PER,0.14084535837173462,I-PER,0.10957783460617065
Jersey,NNP,I-NP,I-ORG,I-LOC,0.30135801434516907,B-PER,0.30135801434516907,B-LOC,0.2907542884349823,I-PER,0.2313496619462967
110,CD,I-NP,O,O,0.988222062587738,O,0.988222062587738,I-MISC,0.004420343786478043,I-ORG,0.003937238827347755
BOSTON,NN,I-NP,B-ORG,B-LOC,0.766537606716156,B-LOC,0.766537606716156,I-LOC,0.08533645421266556,B-PER,0.05771678686141968
108,CD,I-NP,O,O,0.9927194118499756,O,0.9927194118499756,I-PER,0.0019435342401266098,I-MISC,0.0016424888744950294
(,(,O,O,O,0.9987494945526123,O,0.9987494945526123,I-MISC,0.00040310813346877694,I-ORG,0.00037885643541812897
OT,NNP,O,O,B-LOC,0.28046944737434387,B-LOC,0.28046944737434387,B-PER,0.15660564601421356,I-PER,0.15316933393478394
),),O,O,O,0.9994754195213318,O,0.9994754195213318,I-ORG,0.00017034495249390602,I-MISC,0.00016361694724764675
