0,1,2,3,predictions,confidence,pred_1,pred_1_confidence,pred_2,pred_2_confidence,pred_3,pred_3_confidence
New,NNP,B-NP,B-ORG,B-ORG,0.26984038949012756,B-ORG,0.26984038949012756,B-LOC,0.26453226804733276,I-ORG,0.16297923028469086
York,NNP,I-NP,I-ORG,I-ORG,0.26947537064552307,B-ORG,0.26947537064552307,I-ORG,0.24750038981437683,I-LOC,0.11234268546104431
103,CD,I-NP,O,O,0.9967940449714661,O,0.9967940449714661,I-ORG,0.0016510237473994493,I-MISC,0.0013987236889079213
MIAMI,NNP,I-NP,B-ORG,B-LOC,0.3471306264400482,B-ORG,0.3471306264400482,B-LOC,0.2480292022228241,I-MISC,0.1116442084312439
85,CD,I-NP,O,O,0.9990459084510803,O,0.9990459084510803,I-MISC,0.0004639029793906957,I-ORG,0.00042687461245805025
