0,1,2,3,predictions,confidence,pred_1,pred_1_confidence,pred_2,pred_2_confidence,pred_3,pred_3_confidence
Vancouver,NNP,B-NP,B-ORG,I-PER,0.6190379858016968,B-PER,0.6190379858016968,I-PER,0.24838533997535706,B-LOC,0.03795470669865608
105,CD,I-NP,O,O,0.9977722764015198,O,0.9977722764015198,I-MISC,0.0007254555821418762,I-ORG,0.0006385726155713201
SAN,NNP,I-NP,B-ORG,B-LOC,0.4415622055530548,B-LOC,0.4415622055530548,B-ORG,0.20987002551555634,I-LOC,0.1405194103717804
ANTONIO,NNP,I-NP,I-ORG,I-LOC,0.35058435797691345,B-LOC,0.35058435797691345,B-ORG,0.1913432478904724,I-MISC,0.12744250893592834
89,CD,I-NP,O,O,0.9914587140083313,O,0.9914587140083313,I-MISC,0.004312998615205288,I-ORG,0.003453796496614814
