0,1,2,3,predictions,confidence,pred_1,pred_1_confidence,pred_2,pred_2_confidence,pred_3,pred_3_confidence
Phoenix,NNP,B-NP,B-ORG,I-PER,0.36561062932014465,B-PER,0.36561062932014465,B-ORG,0.17526471614837646,B-MISC,0.13710016012191772
101,CD,I-NP,O,O,0.9996795654296875,O,0.9996795654296875,I-MISC,0.00018181388441007584,I-ORG,9.979952301364392e-05
SACRAMENTO,NNP,I-NP,B-ORG,B-LOC,0.3827458918094635,B-LOC,0.3827458918094635,B-PER,0.14053435623645782,B-MISC,0.1338142603635788
95,CD,I-NP,O,O,0.978669285774231,O,0.978669285774231,I-MISC,0.009758202359080315,I-ORG,0.005276514682918787
