0,1,2,3,predictions,confidence,pred_1,pred_1_confidence,pred_2,pred_2_confidence,pred_3,pred_3_confidence
UTAH,NNP,B-INTJ,B-ORG,O,0.31183573603630066,B-ORG,0.31183573603630066,O,0.17066381871700287,B-LOC,0.13869832456111908
106,CD,B-NP,O,O,0.9996943473815918,O,0.9996943473815918,I-MISC,0.00017017537902574986,I-ORG,9.828119073063135e-05
Minnesota,NNP,I-NP,B-ORG,B-PER,0.47067394852638245,B-PER,0.47067394852638245,I-PER,0.131580650806427,B-ORG,0.0911753922700882
95,CD,I-NP,O,O,0.978669285774231,O,0.978669285774231,I-MISC,0.009758202359080315,I-ORG,0.005276514682918787
