0,1,2,3,predictions,confidence,pred_1,pred_1_confidence,pred_2,pred_2_confidence,pred_3,pred_3_confidence
PORTLAND,NNP,B-NP,B-ORG,B-LOC,0.2815702259540558,B-LOC,0.2815702259540558,B-MISC,0.1644599586725235,B-PER,0.14878831803798676
97,CD,I-NP,O,O,0.999219536781311,O,0.999219536781311,I-MISC,0.0004895503516308963,I-ORG,0.00013826308713760227
Charlotte,NNP,B-NP,B-ORG,O,0.27542418241500854,B-PER,0.27542418241500854,B-ORG,0.24506328999996185,O,0.14302758872509003
93,CD,I-NP,O,O,0.9990832805633545,O,0.9990832805633545,I-MISC,0.000511501042637974,I-ORG,0.0002909013710450381
