0,1,2,3,predictions,confidence,pred_1,pred_1_confidence,pred_2,pred_2_confidence,pred_3,pred_3_confidence
EASTERN,NNP,B-NP,O,B-MISC,0.40166938304901123,B-MISC,0.40166938304901123,I-MISC,0.19362296164035797,B-LOC,0.15153305232524872
CONFERENCE,NNP,I-NP,O,I-MISC,0.2817535400390625,I-MISC,0.2817535400390625,B-MISC,0.25246962904930115,O,0.1776186227798462
NORTHEAST,NN,B-NP,O,I-MISC,0.30836036801338196,I-MISC,0.30836036801338196,B-MISC,0.26983386278152466,O,0.25144654512405396
DIVISION,NNP,I-NP,O,I-MISC,0.3303632140159607,B-MISC,0.3303632140159607,O,0.26714974641799927,I-MISC,0.17869651317596436
