0,1,2,3,predictions,confidence,pred_1,pred_1_confidence,pred_2,pred_2_confidence,pred_3,pred_3_confidence
HARTFORD,NNP,B-NP,B-ORG,B-ORG,0.8324134945869446,B-ORG,0.8324134945869446,I-ORG,0.08954732865095139,O,0.03001079149544239
12,CD,I-NP,O,O,0.9997835755348206,O,0.9997835755348206,I-ORG,0.00017405614198651165,I-MISC,2.9301636459422298e-05
7,CD,I-NP,O,O,0.9995895028114319,O,0.9995895028114319,I-ORG,0.0002699895412661135,I-MISC,0.00012332762707956135
6,CD,I-NP,O,O,0.9997031092643738,O,0.9997031092643738,I-MISC,0.00014651904348284006,I-ORG,0.00013853675045538694
77,CD,I-NP,O,O,0.9998316764831543,O,0.9998316764831543,I-MISC,0.00010676689998945221,I-ORG,5.5335658544208854e-05
76,CD,I-NP,O,O,0.9997610449790955,O,0.9997610449790955,I-ORG,0.00012906442862004042,I-MISC,0.00010427483357489109
30,CD,B-NP,O,O,0.9999791383743286,O,0.9999791383743286,I-ORG,1.0521132935537025e-05,I-MISC,9.822508218348958e-06
