0,1,2,3,predictions,confidence,pred_1,pred_1_confidence,pred_2,pred_2_confidence,pred_3,pred_3_confidence
W,NNP,B-NP,O,O,0.9777751564979553,O,0.9777751564979553,B-ORG,0.00810972135514021,B-MISC,0.0053632380440831184
L,NNP,I-NP,O,O,0.9788790941238403,O,0.9788790941238403,B-ORG,0.011194661259651184,I-MISC,0.0031785001046955585
T,NNP,I-NP,O,O,0.960461437702179,O,0.960461437702179,B-ORG,0.01620400883257389,I-MISC,0.0074783870950341225
GF,NNP,I-NP,O,O,0.6745522022247314,O,0.6745522022247314,B-ORG,0.08684133738279343,I-MISC,0.06878210604190826
GA,NNP,I-NP,O,O,0.44083505868911743,O,0.44083505868911743,B-ORG,0.17560413479804993,I-MISC,0.10222490131855011
PTS,NNP,I-NP,O,O,0.5896614193916321,O,0.5896614193916321,B-ORG,0.14588887989521027,I-MISC,0.08700370043516159
