0,1,2,3,predictions,confidence,pred_1,pred_1_confidence,pred_2,pred_2_confidence,pred_3,pred_3_confidence
BUFFALO,NNP,B-NP,B-ORG,B-ORG,0.9195490479469299,B-ORG,0.9195490479469299,I-ORG,0.05722330883145332,I-MISC,0.005939693655818701
13,CD,I-NP,O,O,0.9997511506080627,O,0.9997511506080627,I-ORG,0.00021282691159285605,B-ORG,1.8493974494049326e-05
12,CD,I-NP,O,O,0.9993822574615479,O,0.9993822574615479,I-ORG,0.0005368065321817994,I-MISC,4.9794118240242824e-05
2,CD,I-NP,O,O,0.999910831451416,O,0.999910831451416,I-ORG,6.109930836828426e-05,I-MISC,2.3441411030944437e-05
78,CD,I-NP,O,O,0.9998780488967896,O,0.9998780488967896,I-MISC,6.517377914860845e-05,I-ORG,5.371089355321601e-05
77,CD,I-NP,O,O,0.9998977184295654,O,0.9998977184295654,I-MISC,6.139218021417037e-05,I-ORG,3.455385740380734e-05
28,CD,I-NP,O,O,0.9998946189880371,O,0.9998946189880371,I-MISC,5.4260919569060206e-05,I-ORG,4.62428288301453e-05
