0,1,2,3,predictions,confidence,pred_1,pred_1_confidence,pred_2,pred_2_confidence,pred_3,pred_3_confidence
MONTREAL,NNP,B-NP,B-ORG,B-ORG,0.924232006072998,B-ORG,0.924232006072998,I-ORG,0.06409614533185959,I-MISC,0.0040930332615971565
11,CD,I-NP,O,O,0.9886142015457153,O,0.9886142015457153,I-ORG,0.009536958299577236,B-ORG,0.0011810273863375187
14,CD,I-NP,O,O,0.9993276596069336,O,0.9993276596069336,I-ORG,0.0005773411248810589,I-MISC,4.8604360927129164e-05
4,CD,I-NP,O,O,0.9999642372131348,O,0.9999642372131348,I-ORG,2.3513752239523456e-05,I-MISC,1.0214340363745578e-05
99,CD,I-NP,O,O,0.979573130607605,O,0.979573130607605,I-MISC,0.011193938553333282,I-ORG,0.006903771311044693
104,CD,I-NP,O,O,0.9991132616996765,O,0.9991132616996765,I-MISC,0.0005008247680962086,I-ORG,0.0003579644253477454
26,CD,B-NP,O,O,0.9999465942382812,O,0.9999465942382812,I-MISC,3.0977666028775275e-05,I-ORG,2.127172047039494e-05
