0,1,2,3,predictions,confidence,pred_1,pred_1_confidence,pred_2,pred_2_confidence,pred_3,pred_3_confidence
PITTSBURGH,NNS,B-NP,B-ORG,B-ORG,0.7857381701469421,B-ORG,0.7857381701469421,I-ORG,0.08482904732227325,O,0.06171327084302902
10,CD,I-NP,O,O,0.999758780002594,O,0.999758780002594,I-ORG,0.0001926341064972803,I-MISC,3.1713821954326704e-05
13,CD,I-NP,O,O,0.9998993873596191,O,0.9998993873596191,I-ORG,7.889392873039469e-05,I-MISC,1.76255198311992e-05
3,CD,I-NP,O,O,0.9999489784240723,O,0.9999489784240723,I-ORG,2.9491979148588143e-05,I-MISC,1.9312281438033096e-05
86,CD,I-NP,O,O,0.9998106360435486,O,0.9998106360435486,I-MISC,0.00011766892566811293,I-ORG,6.64216568111442e-05
94,CD,I-NP,O,O,0.9989584684371948,O,0.9989584684371948,I-MISC,0.0007079714559949934,I-ORG,0.00022694625658914447
23,CD,I-NP,O,O,0.9999936819076538,O,0.9999936819076538,I-MISC,3.35281379193475e-06,I-ORG,2.9000884751440026e-06
