0,1,2,3,predictions,confidence,pred_1,pred_1_confidence,pred_2,pred_2_confidence,pred_3,pred_3_confidence
FLORIDA,NNP,B-NP,B-ORG,B-ORG,0.935106635093689,B-ORG,0.935106635093689,I-ORG,0.04739401489496231,B-LOC,0.007519709877669811
17,CD,I-NP,O,O,0.9971031546592712,O,0.9971031546592712,I-ORG,0.002449607476592064,B-ORG,0.0002839062944985926
4,CD,I-NP,O,O,0.9998645782470703,O,0.9998645782470703,I-ORG,0.00010791416571009904,B-ORG,1.6798407159512863e-05
6,CD,I-NP,O,O,0.9996522665023804,O,0.9996522665023804,I-ORG,0.000274288555374369,I-MISC,5.2095387218287215e-05
83,CD,B-NP,O,O,0.9997580647468567,O,0.9997580647468567,I-ORG,0.00017425332043785602,I-MISC,6.198935443535447e-05
53,CD,I-NP,O,O,0.9999412298202515,O,0.9999412298202515,I-MISC,2.878232226066757e-05,I-ORG,2.8235099307494238e-05
40,CD,I-NP,O,O,0.9997867941856384,O,0.9997867941856384,I-MISC,0.0001253294904017821,I-ORG,6.860884604975581e-05
