0,1,2,3,predictions,confidence,pred_1,pred_1_confidence,pred_2,pred_2_confidence,pred_3,pred_3_confidence
PHILADELPHIA,NNP,B-NP,B-ORG,B-ORG,0.9313389658927917,B-ORG,0.9313389658927917,I-ORG,0.05861771106719971,B-LOC,0.0032626695465296507
15,CD,I-NP,O,O,0.9956325888633728,O,0.9956325888633728,I-ORG,0.003796291770413518,B-ORG,0.000374745752196759
12,CD,I-NP,O,O,0.9987198114395142,O,0.9987198114395142,I-ORG,0.0011287115048617125,B-ORG,8.493322820868343e-05
2,CD,I-NP,O,O,0.999722421169281,O,0.999722421169281,I-ORG,0.00022214568161871284,I-MISC,3.503262632875703e-05
81,CD,I-NP,O,O,0.9991432428359985,O,0.9991432428359985,I-ORG,0.0006190402200445533,I-MISC,0.0002159639698220417
78,CD,I-NP,O,O,0.9995823502540588,O,0.9995823502540588,I-ORG,0.00024320179363712668,I-MISC,0.00016441925254184753
32,CD,I-NP,O,O,0.9996160268783569,O,0.9996160268783569,I-MISC,0.00018454260134603828,I-ORG,0.00018021094729192555
