0,1,2,3,predictions,confidence,pred_1,pred_1_confidence,pred_2,pred_2_confidence,pred_3,pred_3_confidence
NEW,NNP,B-NP,B-ORG,B-ORG,0.9122927784919739,B-ORG,0.9122927784919739,I-ORG,0.050933998078107834,O,0.019944041967391968
JERSEY,NNP,I-NP,I-ORG,I-ORG,0.8983194828033447,B-ORG,0.8983194828033447,I-ORG,0.06658759713172913,O,0.024706359952688217
14,CD,I-NP,O,O,0.9990573525428772,O,0.9990573525428772,I-ORG,0.0008277228334918618,B-ORG,7.203918357845396e-05
10,CD,I-NP,O,O,0.998276948928833,O,0.998276948928833,I-ORG,0.0015190065605565906,B-ORG,0.00010971415031235665
1,CD,I-NP,O,O,0.9988100528717041,O,0.9988100528717041,I-ORG,0.0008708921959623694,B-ORG,0.00022548319248016924
61,CD,I-NP,O,O,0.9991745352745056,O,0.9991745352745056,I-ORG,0.0007274595554918051,I-MISC,8.175386756192893e-05
61,CD,I-NP,O,O,0.9995648264884949,O,0.9995648264884949,I-ORG,0.00034826138289645314,I-MISC,8.02378126536496e-05
29,CD,I-NP,O,O,0.99932861328125,O,0.99932861328125,I-ORG,0.00037626459379680455,I-MISC,0.0002782615483738482
