0,1,2,3,predictions,confidence,pred_1,pred_1_confidence,pred_2,pred_2_confidence,pred_3,pred_3_confidence
WASHINGTON,NNP,B-NP,B-ORG,B-LOC,0.5874301791191101,B-ORG,0.5874301791191101,B-LOC,0.26650458574295044,I-ORG,0.044111475348472595
13,CD,I-NP,O,O,0.9998778104782104,O,0.9998778104782104,I-ORG,0.00010156611824641004,B-ORG,1.213370978803141e-05
13,CD,I-NP,O,O,0.9998084902763367,O,0.9998084902763367,I-ORG,0.00016335445980075747,I-MISC,1.6003052223823033e-05
1,CD,I-NP,O,O,0.9994376301765442,O,0.9994376301765442,I-ORG,0.00037664026604034007,I-MISC,9.901988960336894e-05
72,CD,I-NP,O,O,0.9997001886367798,O,0.9997001886367798,I-ORG,0.0002006326976697892,I-MISC,9.378101822221652e-05
71,CD,I-NP,O,O,0.9996881484985352,O,0.9996881484985352,I-ORG,0.00020387585391290486,I-MISC,9.978315938496962e-05
27,CD,I-NP,O,O,0.9999855756759644,O,0.9999855756759644,I-ORG,8.539273039787076e-06,I-MISC,5.564453658735147e-06
