0,1,2,3,predictions,confidence,pred_1,pred_1_confidence,pred_2,pred_2_confidence,pred_3,pred_3_confidence
NY,DT,B-NP,B-ORG,B-ORG,0.6619958877563477,B-ORG,0.6619958877563477,O,0.09783413261175156,I-ORG,0.09303265064954758
RANGERS,NNS,I-NP,I-ORG,I-ORG,0.6752496957778931,B-ORG,0.6752496957778931,O,0.11947490274906158,I-ORG,0.08332379907369614
11,CD,I-NP,O,O,0.9986649751663208,O,0.9986649751663208,I-ORG,0.0010258209658786654,I-MISC,0.00022124442330095917
13,CD,I-NP,O,O,0.9999057054519653,O,0.9999057054519653,I-ORG,7.071829168125987e-05,I-MISC,1.9790229998761788e-05
5,CD,I-NP,O,O,0.9998650550842285,O,0.9998650550842285,I-ORG,8.072471973719075e-05,I-MISC,4.829832323594019e-05
97,CD,I-NP,O,O,0.9983835220336914,O,0.9983835220336914,I-MISC,0.0008204586920328438,I-ORG,0.0006873062811791897
86,CD,I-NP,O,O,0.999751627445221,O,0.999751627445221,I-ORG,0.00018688506679609418,I-MISC,5.4861280659679323e-05
27,CD,I-NP,O,O,0.99998939037323,O,0.99998939037323,I-ORG,6.010576271364698e-06,I-MISC,4.318595529184677e-06
