0,1,2,3,predictions,confidence,pred_1,pred_1_confidence,pred_2,pred_2_confidence,pred_3,pred_3_confidence
TAMPA,NNP,B-NP,B-ORG,B-ORG,0.9019330739974976,B-ORG,0.9019330739974976,I-ORG,0.04890427738428116,B-LOC,0.01612115651369095
BAY,NNP,I-NP,I-ORG,I-ORG,0.901302695274353,B-ORG,0.901302695274353,I-ORG,0.06524839997291565,O,0.02101222611963749
8,CD,I-NP,O,O,0.9969251751899719,O,0.9969251751899719,I-ORG,0.0024906613398343325,B-ORG,0.00036942801671102643
15,CD,I-NP,O,O,0.9989529848098755,O,0.9989529848098755,I-ORG,0.0009026961051858962,I-MISC,8.557487308280542e-05
2,CD,I-NP,O,O,0.9998805522918701,O,0.9998805522918701,I-ORG,8.958050602814183e-05,I-MISC,2.2014326532371342e-05
69,CD,I-NP,O,O,0.9991766810417175,O,0.9991766810417175,I-ORG,0.000518129498232156,I-MISC,0.00028287182794883847
81,CD,I-NP,O,O,0.9998053908348083,O,0.9998053908348083,I-MISC,0.00010396824654890224,I-ORG,8.406239066971466e-05
18,CD,I-NP,O,O,0.9997361302375793,O,0.9997361302375793,I-MISC,0.00017609396309126168,I-ORG,6.63103855913505e-05
