0,1,2,3,predictions,confidence,pred_1,pred_1_confidence,pred_2,pred_2_confidence,pred_3,pred_3_confidence
WESTERN,NNP,B-NP,O,O,0.23556792736053467,B-MISC,0.23556792736053467,O,0.17798851430416107,B-LOC,0.1715034693479538
CONFERENCE,NNP,I-NP,O,O,0.45079004764556885,O,0.45079004764556885,I-MISC,0.169983372092247,B-MISC,0.16413423418998718
CENTRAL,NNP,B-NP,O,B-MISC,0.2969426214694977,B-MISC,0.2969426214694977,O,0.280007004737854,I-MISC,0.21076788008213043
DIVISION,NNP,I-NP,O,I-MISC,0.4323694407939911,O,0.4323694407939911,B-MISC,0.24155978858470917,I-MISC,0.12905213236808777
