0,1,2,3,predictions,confidence,pred_1,pred_1_confidence,pred_2,pred_2_confidence,pred_3,pred_3_confidence
DETROIT,VBG,B-VP,B-ORG,B-ORG,0.8758519887924194,B-ORG,0.8758519887924194,I-ORG,0.08510896563529968,B-LOC,0.012357447296380997
15,CD,B-NP,O,O,0.997209370136261,O,0.997209370136261,I-ORG,0.0023628040216863155,B-ORG,0.0002852539764717221
9,CD,I-NP,O,O,0.9831802845001221,O,0.9831802845001221,I-ORG,0.008690852671861649,B-ORG,0.007349346298724413
4,CD,I-NP,O,O,0.9999088048934937,O,0.9999088048934937,I-ORG,7.184305286500603e-05,I-MISC,1.22080364235444e-05
81,CD,I-NP,O,O,0.9995319843292236,O,0.9995319843292236,I-ORG,0.0003380347043275833,I-MISC,0.00011818813800346106
53,CD,I-NP,O,O,0.9998536109924316,O,0.9998536109924316,I-ORG,8.201433229260147e-05,I-MISC,6.203804514370859e-05
34,CD,I-NP,O,O,0.9998014569282532,O,0.9998014569282532,I-MISC,0.00010636497609084472,I-ORG,8.410471491515636e-05
