0,1,2,3,predictions,confidence,pred_1,pred_1_confidence,pred_2,pred_2_confidence,pred_3,pred_3_confidence
DALLAS,NNP,B-NP,B-ORG,B-ORG,0.8812838792800903,B-ORG,0.8812838792800903,I-ORG,0.053420040756464005,O,0.020123807713389397
16,CD,I-NP,O,O,0.9972923398017883,O,0.9972923398017883,I-ORG,0.0022882989142090082,I-MISC,0.00021405899315141141
10,CD,I-NP,O,O,0.9996358156204224,O,0.9996358156204224,I-ORG,0.00029254885157570243,I-MISC,4.80088492622599e-05
1,CD,I-NP,O,O,0.9997515082359314,O,0.9997515082359314,I-ORG,0.00012160180631326512,I-MISC,8.755226008361205e-05
77,CD,I-NP,O,O,0.9998341798782349,O,0.9998341798782349,I-MISC,8.580585563322529e-05,I-ORG,6.631133146584034e-05
66,CD,I-NP,O,O,0.999678373336792,O,0.999678373336792,I-ORG,0.00015827128663659096,I-MISC,0.00013632925401907414
33,CD,I-NP,O,O,0.9998834133148193,O,0.9998834133148193,I-ORG,5.439740925794467e-05,I-MISC,5.3521376685239375e-05
