0,1,2,3,predictions,confidence,pred_1,pred_1_confidence,pred_2,pred_2_confidence,pred_3,pred_3_confidence
BADMINTON,NNP,B-NP,O,O,0.6602290868759155,O,0.6602290868759155,B-MISC,0.21087318658828735,I-MISC,0.0728861391544342
-,:,O,O,O,0.9993367791175842,O,0.9993367791175842,I-MISC,0.000513352220878005,I-ORG,8.246670040534809e-05
WORLD,NN,B-NP,B-MISC,O,0.6244588494300842,O,0.6244588494300842,B-MISC,0.1790829598903656,I-MISC,0.1302901953458786
GRAND,NNP,I-NP,I-MISC,O,0.4502185881137848,O,0.4502185881137848,B-MISC,0.22172187268733978,I-MISC,0.15516817569732666
PRIX,NNP,I-NP,I-MISC,O,0.3365035951137543,O,0.3365035951137543,B-MISC,0.3125617504119873,I-MISC,0.18608646094799042
RESULTS,NNS,I-NP,O,O,0.9880654811859131,O,0.9880654811859131,I-MISC,0.0053978473879396915,B-MISC,0.0036419525276869535
.,.,O,O,O,0.9999377727508545,O,0.9999377727508545,I-MISC,3.9894286601338536e-05,I-ORG,1.764983062457759e-05
