0,1,2,3,predictions,confidence,pred_1,pred_1_confidence,pred_2,pred_2_confidence,pred_3,pred_3_confidence
CHICAGO,NNP,B-NP,B-ORG,B-ORG,0.9272472262382507,B-ORG,0.9272472262382507,I-ORG,0.054186977446079254,B-LOC,0.006797627545893192
12,CD,I-NP,O,O,0.9994018077850342,O,0.9994018077850342,I-ORG,0.0005076798843219876,B-ORG,5.838911238242872e-05
13,CD,I-NP,O,O,0.9997426867485046,O,0.9997426867485046,I-ORG,0.0002186389174312353,I-MISC,2.282203422510065e-05
3,CD,I-NP,O,O,0.9997883439064026,O,0.9997883439064026,I-ORG,0.0001634494838071987,I-MISC,3.46437118423637e-05
72,CD,I-NP,O,O,0.9995608925819397,O,0.9995608925819397,I-ORG,0.0003486138884909451,I-MISC,8.254752174252644e-05
70,CD,I-NP,O,O,0.9995063543319702,O,0.9995063543319702,I-ORG,0.00038432536530308425,I-MISC,9.884600149234757e-05
27,CD,I-NP,O,O,0.9999784231185913,O,0.9999784231185913,I-ORG,1.3194257007853594e-05,I-MISC,7.910799467936158e-06
