0,1,2,3,predictions,confidence,pred_1,pred_1_confidence,pred_2,pred_2_confidence,pred_3,pred_3_confidence
PHOENIX,NNS,B-NP,B-ORG,B-ORG,0.8931501507759094,B-ORG,0.8931501507759094,I-ORG,0.056727491319179535,B-LOC,0.02161276340484619
9,CD,I-NP,O,O,0.9838826656341553,O,0.9838826656341553,B-ORG,0.007876193150877953,I-ORG,0.007592305541038513
13,CD,I-NP,O,O,0.999661922454834,O,0.999661922454834,I-ORG,0.00029466577689163387,I-MISC,2.3464377591153607e-05
4,CD,I-NP,O,O,0.9998979568481445,O,0.9998979568481445,I-ORG,8.222339965868741e-05,I-MISC,1.1818580787803512e-05
61,CD,I-NP,O,O,0.999683141708374,O,0.999683141708374,I-ORG,0.0002549614873714745,I-MISC,5.5985063227126375e-05
74,CD,B-NP,O,O,0.9997639060020447,O,0.9997639060020447,I-ORG,0.0001704580063233152,I-MISC,6.22439183644019e-05
22,CD,I-NP,O,O,0.9999881982803345,O,0.9999881982803345,I-ORG,6.164365004224237e-06,I-MISC,5.423084076028317e-06
