0,1,2,3,predictions,confidence,pred_1,pred_1_confidence,pred_2,pred_2_confidence,pred_3,pred_3_confidence
PACIFIC,NNP,B-NP,B-LOC,O,0.5039108395576477,O,0.5039108395576477,B-MISC,0.24208299815654755,I-MISC,0.14886370301246643
DIVISION,NNP,I-NP,O,O,0.6799858808517456,O,0.6799858808517456,B-MISC,0.20897997915744781,I-MISC,0.07421109080314636
W,NNP,B-NP,O,O,0.9931413531303406,O,0.9931413531303406,B-ORG,0.0022087469696998596,I-MISC,0.0018806837033480406
L,NNP,I-NP,O,O,0.9831704497337341,O,0.9831704497337341,B-ORG,0.008400384336709976,I-MISC,0.0030554893892258406
T,NNP,I-NP,O,O,0.9699046015739441,O,0.9699046015739441,B-ORG,0.01190596166998148,I-MISC,0.00618181424215436
GF,NNP,I-NP,O,O,0.7763026356697083,O,0.7763026356697083,B-ORG,0.05672625079751015,I-MISC,0.04751160740852356
GA,NNP,I-NP,O,O,0.5675817131996155,O,0.5675817131996155,B-ORG,0.12997101247310638,I-MISC,0.08062353730201721
PTS,NNP,I-NP,O,O,0.705376386642456,O,0.705376386642456,B-ORG,0.10123077034950256,I-MISC,0.06486377865076065
