0,1,2,3,predictions,confidence,pred_1,pred_1_confidence,pred_2,pred_2_confidence,pred_3,pred_3_confidence
COLORADO,NNP,B-NP,B-ORG,B-ORG,0.8362601399421692,B-ORG,0.8362601399421692,I-ORG,0.07535577565431595,B-LOC,0.03781532496213913
17,CD,I-NP,O,O,0.9985112547874451,O,0.9985112547874451,I-ORG,0.0012348636519163847,I-MISC,0.0001473775482736528
7,CD,I-NP,O,O,0.9979464411735535,O,0.9979464411735535,I-ORG,0.0017715120920911431,B-ORG,0.00016604710253886878
4,CD,I-NP,O,O,0.9998542070388794,O,0.9998542070388794,I-ORG,0.00012006432370981202,I-MISC,1.3303535524755716e-05
100,CD,I-NP,O,O,0.998981773853302,O,0.998981773853302,I-ORG,0.0008515940280631185,I-MISC,0.00012560319737531245
60,CD,B-NP,O,O,0.9999340772628784,O,0.9999340772628784,I-ORG,5.588265412370674e-05,I-MISC,8.682726729603019e-06
38,CD,I-NP,O,O,0.999968409538269,O,0.999968409538269,I-ORG,2.0044046323164366e-05,I-MISC,1.106310446630232e-05
