0,1,2,3,predictions,confidence,pred_1,pred_1_confidence,pred_2,pred_2_confidence,pred_3,pred_3_confidence
VANCOUVER,NNP,B-NP,B-ORG,B-ORG,0.8677425980567932,B-ORG,0.8677425980567932,I-ORG,0.07766091823577881,B-LOC,0.02887476421892643
14,CD,I-NP,O,O,0.9981507658958435,O,0.9981507658958435,I-ORG,0.0015903451712802052,B-ORG,0.0001727349153952673
11,CD,I-NP,O,O,0.9928856492042542,O,0.9928856492042542,I-ORG,0.006096589379012585,B-ORG,0.0006617011968046427
1,CD,I-NP,O,O,0.9987512826919556,O,0.9987512826919556,I-ORG,0.0008957585669122636,B-ORG,0.00023737548326607794
84,CD,I-NP,O,O,0.9992581009864807,O,0.9992581009864807,I-ORG,0.000612071540672332,I-MISC,0.00011483776324894279
83,CD,B-NP,O,O,0.9992423057556152,O,0.9992423057556152,I-ORG,0.0006134886643849313,I-MISC,0.00012899351713713259
29,CD,I-NP,O,O,0.999494194984436,O,0.999494194984436,I-ORG,0.0002926418965216726,I-MISC,0.00019760090799536556
