0,1,2,3,predictions,confidence,pred_1,pred_1_confidence,pred_2,pred_2_confidence,pred_3,pred_3_confidence
EDMONTON,NN,B-NP,B-ORG,B-ORG,0.9320666193962097,B-ORG,0.9320666193962097,I-ORG,0.04849913716316223,B-LOC,0.006628373172134161
14,CD,I-NP,O,O,0.9995110034942627,O,0.9995110034942627,I-ORG,0.0004219224792905152,B-ORG,3.8939386286074296e-05
14,CD,I-NP,O,O,0.9994807839393616,O,0.9994807839393616,I-ORG,0.00044965496635995805,I-MISC,4.465160964173265e-05
1,CD,I-NP,O,O,0.9997608065605164,O,0.9997608065605164,I-ORG,0.0001383926282869652,I-MISC,7.492469012504444e-05
99,CD,I-NP,O,O,0.9713663458824158,O,0.9713663458824158,I-MISC,0.0181733351200819,I-ORG,0.007497873622924089
90,CD,B-NP,O,O,0.9967840909957886,O,0.9967840909957886,I-MISC,0.0020658851135522127,I-ORG,0.000965847575571388
29,CD,I-NP,O,O,0.998855710029602,O,0.998855710029602,I-ORG,0.0006465858896262944,I-MISC,0.0004715401155408472
