0,1,2,3,predictions,confidence,pred_1,pred_1_confidence,pred_2,pred_2_confidence,pred_3,pred_3_confidence
ANAHEIM,NNP,B-NP,B-ORG,B-ORG,0.862782895565033,B-ORG,0.862782895565033,I-ORG,0.06962482631206512,B-LOC,0.01968447118997574
9,CD,I-NP,O,O,0.9920893907546997,O,0.9920893907546997,I-ORG,0.0041736941784620285,B-ORG,0.0030379146337509155
14,CD,I-NP,O,O,0.9996488094329834,O,0.9996488094329834,I-ORG,0.00028510004631243646,I-MISC,5.320325726643205e-05
5,CD,I-NP,O,O,0.9998633861541748,O,0.9998633861541748,I-ORG,7.910746353445575e-05,I-MISC,5.235729622654617e-05
74,CD,B-NP,O,O,0.9998733997344971,O,0.9998733997344971,I-MISC,7.101653318386525e-05,I-ORG,5.33171187271364e-05
87,CD,I-NP,O,O,0.9999727010726929,O,0.9999727010726929,I-MISC,1.9641713151941076e-05,I-ORG,7.004817689448828e-06
23,CD,I-NP,O,O,0.9999896287918091,O,0.9999896287918091,I-MISC,5.284533472149633e-06,I-ORG,4.895399342785822e-06
