0,1,2,3,predictions,confidence,pred_1,pred_1_confidence,pred_2,pred_2_confidence,pred_3,pred_3_confidence
CALGARY,NNP,B-NP,B-ORG,B-ORG,0.6751009225845337,B-ORG,0.6751009225845337,B-LOC,0.14226099848747253,I-ORG,0.08364924788475037
10,CD,I-NP,O,O,0.9985276460647583,O,0.9985276460647583,I-ORG,0.001231965608894825,B-ORG,0.00013215832586865872
16,CD,I-NP,O,O,0.9955292344093323,O,0.9955292344093323,I-ORG,0.003884971607476473,B-ORG,0.00030339357908815145
2,CD,I-NP,O,O,0.9998133778572083,O,0.9998133778572083,I-ORG,0.00014105020090937614,I-MISC,3.0555573175661266e-05
65,CD,I-NP,O,O,0.9996871948242188,O,0.9996871948242188,I-ORG,0.00019595820049289614,I-MISC,0.0001096690830308944
77,CD,I-NP,O,O,0.9998966455459595,O,0.9998966455459595,I-MISC,6.194470188347623e-05,I-ORG,3.700662273331545e-05
22,CD,I-NP,O,O,0.9999901056289673,O,0.9999901056289673,I-ORG,5.600606982625322e-06,I-MISC,3.9845931496529374e-06
