0,1,2,3,predictions,confidence,pred_1,pred_1_confidence,pred_2,pred_2_confidence,pred_3,pred_3_confidence
PHOENIX,NNP,B-NP,B-ORG,B-ORG,0.582612156867981,B-ORG,0.582612156867981,B-LOC,0.22324270009994507,I-ORG,0.062241435050964355
AT,NNP,I-NP,O,O,0.9693220257759094,O,0.9693220257759094,B-ORG,0.02206598035991192,I-ORG,0.004776393994688988
NEW,JJ,I-NP,B-LOC,B-ORG,0.3556317090988159,B-ORG,0.3556317090988159,I-MISC,0.16394056379795074,B-LOC,0.12594829499721527
JERSEY,NNP,I-NP,I-LOC,I-ORG,0.22389206290245056,B-ORG,0.22389206290245056,I-MISC,0.21055398881435394,B-LOC,0.20112088322639465
