0,1,2,3,predictions,confidence,pred_1,pred_1_confidence,pred_2,pred_2_confidence,pred_3,pred_3_confidence
BUFFALO,NNP,B-NP,B-ORG,B-ORG,0.8635467290878296,B-ORG,0.8635467290878296,I-ORG,0.0737171471118927,O,0.015845468267798424
AT,NNP,I-NP,O,O,0.972307562828064,O,0.972307562828064,B-ORG,0.019142676144838333,I-ORG,0.004567364230751991
HARTFORD,NNP,I-NP,B-LOC,B-LOC,0.28250136971473694,B-LOC,0.28250136971473694,B-ORG,0.19680902361869812,I-MISC,0.18189245462417603
