0,1,2,3,predictions,confidence,pred_1,pred_1_confidence,pred_2,pred_2_confidence,pred_3,pred_3_confidence
CALGARY,VB,B-VP,B-ORG,B-LOC,0.37186914682388306,B-LOC,0.37186914682388306,B-ORG,0.36908355355262756,I-ORG,0.06702389568090439
AT,NNP,B-NP,O,O,0.9480045437812805,O,0.9480045437812805,B-ORG,0.03341306746006012,I-ORG,0.009111806750297546
BOSTON,NNP,I-NP,B-LOC,B-LOC,0.5651375651359558,B-LOC,0.5651375651359558,B-ORG,0.13320483267307281,I-LOC,0.08119655400514603
