0,1,2,3,predictions,confidence,pred_1,pred_1_confidence,pred_2,pred_2_confidence,pred_3,pred_3_confidence
WASHINGTON,NNP,B-NP,B-ORG,B-LOC,0.7744452357292175,B-LOC,0.7744452357292175,B-ORG,0.08208520710468292,B-PER,0.06189136207103729
AT,NNP,I-NP,O,O,0.9730367064476013,O,0.9730367064476013,B-ORG,0.019701261073350906,I-ORG,0.003970296122133732
NY,NNP,I-NP,B-LOC,B-ORG,0.2856045663356781,B-ORG,0.2856045663356781,I-MISC,0.18530341982841492,I-ORG,0.14786003530025482
ISLANDERS,NNP,I-NP,I-LOC,I-ORG,0.250018447637558,B-LOC,0.250018447637558,I-MISC,0.20368672907352448,B-ORG,0.19917747378349304
