0,1,2,3,predictions,confidence,pred_1,pred_1_confidence,pred_2,pred_2_confidence,pred_3,pred_3_confidence
NY,NNP,B-NP,B-ORG,B-ORG,0.7189096212387085,B-ORG,0.7189096212387085,I-ORG,0.09405949711799622,O,0.07864850759506226
RANGERS,NNP,I-NP,I-ORG,I-ORG,0.7729818224906921,B-ORG,0.7729818224906921,O,0.09174694120883942,I-ORG,0.08718099445104599
AT,NNP,I-NP,O,O,0.9705818891525269,O,0.9705818891525269,B-ORG,0.01988278329372406,I-ORG,0.005137379746884108
TORONTO,NNP,I-NP,B-LOC,B-LOC,0.3017423450946808,B-LOC,0.3017423450946808,B-ORG,0.22700034081935883,I-MISC,0.14963798224925995
