0,1,2,3,predictions,confidence,pred_1,pred_1_confidence,pred_2,pred_2_confidence,pred_3,pred_3_confidence
ANAHEIM,NNP,B-NP,B-ORG,B-ORG,0.8466545939445496,B-ORG,0.8466545939445496,I-ORG,0.07862244546413422,O,0.028804562985897064
AT,NNP,I-NP,O,O,0.972307562828064,O,0.972307562828064,B-ORG,0.019142676144838333,I-ORG,0.004567364230751991
PITTSBURGH,NNP,I-NP,B-LOC,B-LOC,0.2806239426136017,B-LOC,0.2806239426136017,I-MISC,0.20088358223438263,B-ORG,0.17824818193912506
