0,1,2,3,predictions,confidence,pred_1,pred_1_confidence,pred_2,pred_2_confidence,pred_3,pred_3_confidence
COLORADO,NNP,B-NP,B-ORG,B-ORG,0.8730968236923218,B-ORG,0.8730968236923218,I-ORG,0.0803871676325798,I-MISC,0.012636964209377766
AT,NNP,I-NP,O,O,0.9489865899085999,O,0.9489865899085999,B-ORG,0.03657575696706772,I-ORG,0.008289115503430367
LOS,NNP,I-NP,B-LOC,B-LOC,0.3513287603855133,B-ORG,0.3513287603855133,B-LOC,0.17749753594398499,I-MISC,0.12573973834514618
ANGELES,NNP,I-NP,I-LOC,I-LOC,0.4109730124473572,B-LOC,0.4109730124473572,B-ORG,0.16324032843112946,I-LOC,0.15761858224868774
