0,1,2,3,predictions,confidence,pred_1,pred_1_confidence,pred_2,pred_2_confidence,pred_3,pred_3_confidence
TAMPA,NNP,B-NP,B-ORG,B-ORG,0.8343138098716736,B-ORG,0.8343138098716736,I-ORG,0.05672471970319748,B-LOC,0.04711540415883064
BAY,NNP,I-NP,I-ORG,I-ORG,0.834579586982727,B-ORG,0.834579586982727,I-ORG,0.08429504930973053,O,0.04853392392396927
AT,NNP,I-NP,O,O,0.955471932888031,O,0.955471932888031,B-ORG,0.028898078948259354,I-ORG,0.007753398735076189
SAN,NNP,I-NP,B-LOC,B-LOC,0.3859080374240875,B-LOC,0.3859080374240875,B-ORG,0.23369942605495453,I-LOC,0.12187159061431885
JOSE,NNP,I-NP,I-LOC,I-LOC,0.27669215202331543,B-ORG,0.27669215202331543,I-MISC,0.23486123979091644,I-ORG,0.14949294924736023
