0,1,2,3,predictions,confidence,pred_1,pred_1_confidence,pred_2,pred_2_confidence,pred_3,pred_3_confidence
OTTAWA,NNP,B-NP,B-ORG,B-ORG,0.848296046257019,B-ORG,0.848296046257019,I-ORG,0.06967893242835999,B-MISC,0.01999182440340519
AT,NNP,I-NP,O,O,0.9685844779014587,O,0.9685844779014587,B-ORG,0.018791671842336655,I-ORG,0.005141844507306814
VANCOUVER,NNP,I-NP,B-LOC,B-LOC,0.6988726258277893,B-LOC,0.6988726258277893,I-LOC,0.08524446934461594,B-ORG,0.061710238456726074
