0,1,2,3,predictions,confidence,pred_1,pred_1_confidence,pred_2,pred_2_confidence,pred_3,pred_3_confidence
NY,DT,B-NP,B-ORG,B-ORG,0.6375324726104736,B-ORG,0.6375324726104736,I-ORG,0.09383615851402283,O,0.07655476778745651
RANGERS,NNS,I-NP,I-ORG,I-ORG,0.6921994090080261,B-ORG,0.6921994090080261,O,0.09059914201498032,I-ORG,0.08835869282484055
6,CD,B-NP,O,O,0.9996681213378906,O,0.9996681213378906,I-ORG,0.00023885109112598002,I-MISC,7.472365541616455e-05
Toronto,NNP,I-NP,B-ORG,B-ORG,0.5016844272613525,B-ORG,0.5016844272613525,I-ORG,0.272769033908844,O,0.1120288223028183
5,CD,I-NP,O,O,0.9998084902763367,O,0.9998084902763367,I-ORG,0.00010841324547072873,I-MISC,7.461720815626904e-05
