0,1,2,3,predictions,confidence,pred_1,pred_1_confidence,pred_2,pred_2_confidence,pred_3,pred_3_confidence
BUFFALO,NNP,B-NP,B-ORG,B-ORG,0.9250874519348145,B-ORG,0.9250874519348145,I-ORG,0.055688489228487015,B-LOC,0.005854055285453796
1,CD,I-NP,O,O,0.9993436932563782,O,0.9993436932563782,I-ORG,0.0004518103669397533,B-ORG,0.00014124785957392305
Anaheim,NNP,I-NP,B-ORG,B-ORG,0.5852723717689514,B-ORG,0.5852723717689514,I-ORG,0.3221800923347473,I-MISC,0.02624482288956642
1,CD,I-NP,O,O,0.9996832609176636,O,0.9996832609176636,I-ORG,0.00016959154163487256,I-MISC,0.00011117981193820015
(,(,O,O,O,0.9988563060760498,O,0.9988563060760498,I-MISC,0.0006326040020212531,I-ORG,0.00040732676279731095
OT,NNP,O,O,B-LOC,0.2436441034078598,B-LOC,0.2436441034078598,I-LOC,0.12977956235408783,I-MISC,0.12927745282649994
),),O,O,O,0.999437153339386,O,0.999437153339386,I-MISC,0.00027404993306845427,I-ORG,0.00021892214135732502
