0,1,2,3,predictions,confidence,pred_1,pred_1_confidence,pred_2,pred_2_confidence,pred_3,pred_3_confidence
Pittsburgh,NNP,B-NP,B-ORG,O,0.3737812340259552,B-ORG,0.3737812340259552,O,0.3344874083995819,I-ORG,0.12762629985809326
5,CD,I-NP,O,O,0.9999076128005981,O,0.9999076128005981,I-ORG,4.846690717386082e-05,I-MISC,3.766900044865906e-05
WASHINGTON,NNP,I-NP,B-ORG,B-LOC,0.7229757905006409,B-LOC,0.7229757905006409,B-ORG,0.0864073634147644,B-PER,0.0688796415925026
3,CD,I-NP,O,O,0.9999688863754272,O,0.9999688863754272,I-ORG,1.6777104974607937e-05,I-MISC,1.2502106073952746e-05
