0,1,2,3,predictions,confidence,pred_1,pred_1_confidence,pred_2,pred_2_confidence,pred_3,pred_3_confidence
St,NNP,B-NP,B-LOC,B-ORG,0.7803080677986145,B-ORG,0.7803080677986145,I-ORG,0.1867595911026001,O,0.01616385206580162
Louis,NNP,I-NP,I-LOC,I-ORG,0.7463144063949585,B-ORG,0.7463144063949585,I-ORG,0.236910879611969,I-MISC,0.007758742664009333
4,CD,I-NP,O,O,0.9994593262672424,O,0.9994593262672424,I-ORG,0.00043891152017749846,I-MISC,6.447456689784303e-05
COLORADO,NNP,I-NP,B-LOC,B-ORG,0.6616524457931519,B-ORG,0.6616524457931519,I-ORG,0.17589373886585236,I-MISC,0.06309240311384201
3,CD,I-NP,O,O,0.9998793601989746,O,0.9998793601989746,I-ORG,6.987821689108387e-05,I-MISC,4.578046718961559e-05
