0,1,2,3,predictions,confidence,pred_1,pred_1_confidence,pred_2,pred_2_confidence,pred_3,pred_3_confidence
Philadelphia,NNP,B-NP,B-LOC,B-ORG,0.6955963373184204,B-ORG,0.6955963373184204,I-ORG,0.19041204452514648,O,0.04151828959584236
6,CD,I-NP,O,O,0.9996672868728638,O,0.9996672868728638,I-ORG,0.0002523923176340759,I-MISC,5.7076824305113405e-05
DALLAS,NNP,I-NP,B-LOC,B-ORG,0.7663928270339966,B-ORG,0.7663928270339966,I-ORG,0.10545175522565842,I-MISC,0.04398827999830246
3,CD,I-NP,O,O,0.9999184608459473,O,0.9999184608459473,I-ORG,4.6324668801389635e-05,I-MISC,3.147036841255613e-05
