0,1,2,3,predictions,confidence,pred_1,pred_1_confidence,pred_2,pred_2_confidence,pred_3,pred_3_confidence
EDMONTON,NN,B-NP,B-LOC,B-ORG,0.8553470373153687,B-ORG,0.8553470373153687,I-ORG,0.06228246912360191,B-LOC,0.03247322142124176
5,CD,I-NP,O,O,0.9997690320014954,O,0.9997690320014954,I-ORG,0.00017915701027959585,I-MISC,3.1111685530049726e-05
Ottawa,NNP,I-NP,B-LOC,B-ORG,0.6608235836029053,B-ORG,0.6608235836029053,I-ORG,0.23699837923049927,O,0.028292648494243622
2,CD,I-NP,O,O,0.9999326467514038,O,0.9999326467514038,I-ORG,4.1443341615376994e-05,I-MISC,2.2217785954126157e-05
