0,1,2,3,predictions,confidence,pred_1,pred_1_confidence,pred_2,pred_2_confidence,pred_3,pred_3_confidence
Men,NN,B-NP,O,O,0.9861637949943542,O,0.9861637949943542,I-MISC,0.0038231515791267157,B-ORG,0.003462316235527396
's,POS,B-NP,O,O,0.9952099919319153,O,0.9952099919319153,I-MISC,0.0023282929323613644,I-ORG,0.0020042506512254477
singles,NNS,I-NP,O,O,0.9994117021560669,O,0.9994117021560669,I-ORG,0.000348304194631055,I-MISC,0.0002043021231656894
