0,1,2,3,predictions,confidence,pred_1,pred_1_confidence,pred_2,pred_2_confidence,pred_3,pred_3_confidence
SOCCER,NN,B-NP,O,O,0.6060437560081482,O,0.6060437560081482,B-ORG,0.13063101470470428,I-MISC,0.1065303310751915
-,:,O,O,O,0.9995245933532715,O,0.9995245933532715,I-MISC,0.00028421360184438527,I-ORG,0.00014213952817954123
SPANISH,NNP,B-NP,B-MISC,B-MISC,0.36174437403678894,B-MISC,0.36174437403678894,I-MISC,0.19078652560710907,B-ORG,0.16682256758213043
FIRST,NNP,I-NP,O,O,0.4777320623397827,O,0.4777320623397827,B-MISC,0.19673754274845123,I-MISC,0.17828862369060516
DIVISION,NNP,I-NP,O,O,0.4019695520401001,O,0.4019695520401001,B-MISC,0.3129979372024536,I-MISC,0.12337535619735718
SUMMARY,NNP,I-NP,O,O,0.37745723128318787,O,0.37745723128318787,B-LOC,0.15831393003463745,B-ORG,0.14952296018600464
.,.,O,O,O,0.999915361404419,O,0.999915361404419,I-MISC,4.9719626986188814e-05,I-ORG,2.7037480322178453e-05
