0,1,2,3,predictions,confidence,pred_1,pred_1_confidence,pred_2,pred_2_confidence,pred_3,pred_3_confidence
Halftime,VB,B-VP,O,O,0.974541425704956,O,0.974541425704956,B-ORG,0.00849776528775692,B-PER,0.005052785389125347
1-0,NNP,B-NP,O,O,0.9995524287223816,O,0.9995524287223816,I-MISC,0.0002698647149372846,I-ORG,0.0001465942186769098
.,.,O,O,O,0.9998857975006104,O,0.9998857975006104,I-MISC,7.023042417131364e-05,I-ORG,3.667249620775692e-05
