0,1,2,3,predictions,confidence,pred_1,pred_1_confidence,pred_2,pred_2_confidence,pred_3,pred_3_confidence
Attendance,NNP,B-NP,O,O,0.42485830187797546,O,0.42485830187797546,B-ORG,0.12510435283184052,I-ORG,0.1102246567606926
"106,000",CD,I-NP,O,O,0.9996496438980103,O,0.9996496438980103,I-ORG,0.00015642645303159952,I-MISC,0.00014972036296967417
.,.,O,O,O,0.9998317956924438,O,0.9998317956924438,I-MISC,9.228677663486451e-05,I-ORG,6.043339817551896e-05
