0,1,2,3,predictions,confidence,pred_1,pred_1_confidence,pred_2,pred_2_confidence,pred_3,pred_3_confidence
They,PRP,B-NP,O,O,0.9978908896446228,O,0.9978908896446228,I-MISC,0.000628550595138222,I-ORG,0.0006193132139742374
are,VBP,B-VP,O,O,0.9999538660049438,O,0.9999538660049438,I-MISC,2.8466409276006743e-05,I-ORG,1.6012172636692412e-05
fourth,JJ,B-NP,O,O,0.9983317255973816,O,0.9983317255973816,I-MISC,0.0008241908508352935,I-ORG,0.0006145233637653291
in,IN,B-PP,O,O,0.9970613121986389,O,0.9970613121986389,I-MISC,0.002029776806011796,I-ORG,0.0007176181534305215
the,DT,B-NP,O,O,0.9991748929023743,O,0.9991748929023743,I-MISC,0.0005853320471942425,I-ORG,0.00021917217236477882
table,NN,I-NP,O,O,0.9968926906585693,O,0.9968926906585693,I-MISC,0.001706598442979157,I-ORG,0.00130284926854074
.,.,O,O,O,0.9981858134269714,O,0.9981858134269714,I-MISC,0.0010157044744119048,I-ORG,0.0007144363480620086
