0,1,2,3,predictions,confidence,pred_1,pred_1_confidence,pred_2,pred_2_confidence,pred_3,pred_3_confidence
SOCCER,NN,B-NP,O,O,0.6887953281402588,O,0.6887953281402588,I-MISC,0.09970763325691223,B-MISC,0.09968902915716171
-,:,O,O,O,0.9996486902236938,O,0.9996486902236938,I-MISC,0.00023629399947822094,I-ORG,7.202554115792736e-05
SPANISH,NNP,B-NP,B-MISC,B-MISC,0.46974843740463257,B-MISC,0.46974843740463257,I-MISC,0.19963040947914124,O,0.17214897274971008
FIRST,NNP,I-NP,O,O,0.5423283576965332,O,0.5423283576965332,B-MISC,0.22521720826625824,I-MISC,0.16539718210697174
DIVISION,NNP,I-NP,O,O,0.5049142837524414,O,0.5049142837524414,B-MISC,0.3690545856952667,I-MISC,0.09711625427007675
RESULT,NNP,I-NP,O,O,0.9914265871047974,O,0.9914265871047974,I-MISC,0.0038275059778243303,B-MISC,0.0037712431512773037
/,SYM,O,O,O,0.9989124536514282,O,0.9989124536514282,I-MISC,0.0007059115450829268,B-MISC,0.0002790322760120034
STANDINGS,NNS,B-NP,O,O,0.9922665953636169,O,0.9922665953636169,I-MISC,0.003802540246397257,B-MISC,0.0022813589312136173
.,.,O,O,O,0.9999912977218628,O,0.9999912977218628,I-MISC,5.885968221264193e-06,I-ORG,1.7491189510110416e-06
