0,1,2,3,predictions,confidence,pred_1,pred_1_confidence,pred_2,pred_2_confidence,pred_3,pred_3_confidence
MADRID,NNP,B-NP,B-LOC,B-LOC,0.792654812335968,B-LOC,0.792654812335968,B-PER,0.12016300857067108,I-LOC,0.02222604863345623
1996-12-07,CD,I-NP,O,O,0.9999004602432251,O,0.9999004602432251,I-ORG,4.2447765736142173e-05,I-MISC,3.938222289434634e-05
Result,NN,B-NP,O,O,0.971274197101593,O,0.971274197101593,B-ORG,0.010472333990037441,B-PER,0.00723278010264039
of,IN,B-PP,O,O,0.975138247013092,O,0.975138247013092,I-ORG,0.013467979617416859,I-MISC,0.009602050296962261
Saturday,NNP,B-NP,O,O,0.37115591764450073,I-ORG,0.37115591764450073,O,0.18236003816127777,B-ORG,0.1566765457391739
's,POS,B-NP,O,O,0.9748284220695496,O,0.9748284220695496,I-ORG,0.012359671294689178,I-MISC,0.01091547217220068
only,JJ,I-NP,O,O,0.9860208630561829,O,0.9860208630561829,I-ORG,0.008484690450131893,I-MISC,0.004275161772966385
Spanish,NNP,I-NP,B-MISC,B-MISC,0.37397417426109314,B-MISC,0.37397417426109314,I-ORG,0.16739705204963684,B-ORG,0.12778085470199585
