0,1,2,3,predictions,confidence,pred_1,pred_1_confidence,pred_2,pred_2_confidence,pred_3,pred_3_confidence
first,JJ,B-NP,O,O,0.999984622001648,O,0.999984622001648,I-MISC,1.0669735274859704e-05,I-ORG,3.324180170238833e-06
division,NN,I-NP,O,O,0.9995594620704651,O,0.9995594620704651,I-MISC,0.00027290164143778384,B-MISC,7.755409751553088e-05
match,NN,I-NP,O,O,0.9998928308486938,O,0.9998928308486938,I-MISC,7.939011265989393e-05,B-MISC,1.6758096535340883e-05
:,:,O,O,O,0.9992722868919373,O,0.9992722868919373,I-MISC,0.0005130022182129323,I-ORG,0.00014002068201079965
