0,1,2,3,predictions,confidence,pred_1,pred_1_confidence,pred_2,pred_2_confidence,pred_3,pred_3_confidence
Real,JJ,B-NP,B-ORG,B-ORG,0.7062050104141235,B-ORG,0.7062050104141235,I-ORG,0.1653473973274231,B-PER,0.03351748734712601
Madrid,NNP,I-NP,I-ORG,I-ORG,0.8129158616065979,B-ORG,0.8129158616065979,I-ORG,0.14571581780910492,O,0.008598975837230682
16,CD,I-NP,O,O,0.9928444027900696,O,0.9928444027900696,I-ORG,0.006217287387698889,B-ORG,0.0005620529409497976
11,CD,I-NP,O,O,0.9920694828033447,O,0.9920694828033447,I-ORG,0.0067144702188670635,B-ORG,0.0008744408842176199
5,CD,I-NP,O,O,0.9992238283157349,O,0.9992238283157349,I-ORG,0.0006460018339566886,B-ORG,9.387993486598134e-05
0,CD,I-NP,O,O,0.9998737573623657,O,0.9998737573623657,I-ORG,0.00010057887993752956,B-ORG,1.3376106835494284e-05
32,CD,I-NP,O,O,0.9994396567344666,O,0.9994396567344666,I-ORG,0.0004930889117531478,I-MISC,5.552568836719729e-05
12,CD,I-NP,O,O,0.9994679093360901,O,0.9994679093360901,I-ORG,0.00045046169543638825,I-MISC,6.121346814325079e-05
38,CD,I-NP,O,O,0.9999479055404663,O,0.9999479055404663,I-ORG,3.434151949477382e-05,I-MISC,1.6956002582446672e-05
