0,1,2,3,predictions,confidence,pred_1,pred_1_confidence,pred_2,pred_2_confidence,pred_3,pred_3_confidence
Deportivo,NNP,B-NP,B-ORG,B-ORG,0.7288240790367126,B-ORG,0.7288240790367126,I-ORG,0.16610485315322876,O,0.06459527462720871
Coruna,NNP,I-NP,I-ORG,I-ORG,0.8245120048522949,B-ORG,0.8245120048522949,I-ORG,0.13851605355739594,B-LOC,0.0082201873883605
15,CD,I-NP,O,O,0.9989008903503418,O,0.9989008903503418,I-ORG,0.0009410757920704782,B-ORG,9.345918806502596e-05
9,CD,I-NP,O,O,0.9819874167442322,O,0.9819874167442322,I-ORG,0.00963065680116415,B-ORG,0.007568967062979937
6,CD,I-NP,O,O,0.9985203146934509,O,0.9985203146934509,I-ORG,0.001296212780289352,I-MISC,9.140331530943513e-05
0,CD,I-NP,O,O,0.9998974800109863,O,0.9998974800109863,I-ORG,8.009018347365782e-05,I-MISC,1.5538587831542827e-05
23,CD,I-NP,O,O,0.9999125003814697,O,0.9999125003814697,I-ORG,5.690454418072477e-05,I-MISC,2.9352491765166633e-05
7,CD,I-NP,O,O,0.9989590644836426,O,0.9989590644836426,I-ORG,0.0005116682150401175,I-MISC,0.0004885285743512213
33,CD,I-NP,O,O,0.9995368719100952,O,0.9995368719100952,I-MISC,0.00023725970822852105,I-ORG,0.00021155572903808206
