0,1,2,3,predictions,confidence,pred_1,pred_1_confidence,pred_2,pred_2_confidence,pred_3,pred_3_confidence
Real,JJ,B-NP,B-ORG,B-ORG,0.5709108114242554,B-ORG,0.5709108114242554,I-ORG,0.164495587348938,B-PER,0.07968959957361221
Sociedad,NNP,I-NP,I-ORG,I-ORG,0.5146434307098389,B-ORG,0.5146434307098389,I-ORG,0.2553187310695648,O,0.1590682417154312
15,CD,I-NP,O,O,0.999411940574646,O,0.999411940574646,I-ORG,0.0004789514932781458,I-MISC,6.866112380521372e-05
7,CD,I-NP,O,O,0.9990559220314026,O,0.9990559220314026,I-ORG,0.0007795111159794033,I-MISC,0.00010298239067196846
3,CD,I-NP,O,O,0.9998773336410522,O,0.9998773336410522,I-ORG,9.638981282478198e-05,I-MISC,1.8217748220195062e-05
5,CD,I-NP,O,O,0.9998689889907837,O,0.9998689889907837,I-ORG,8.986491593532264e-05,I-MISC,3.5273460525786504e-05
20,CD,I-NP,O,O,0.999982476234436,O,0.999982476234436,I-MISC,8.610571057943162e-06,I-ORG,8.574949788453523e-06
18,CD,I-NP,O,O,0.9998972415924072,O,0.9998972415924072,I-MISC,6.431842484744266e-05,I-ORG,3.424938768148422e-05
24,CD,I-NP,O,O,0.9999611377716064,O,0.9999611377716064,I-ORG,2.138773379556369e-05,I-MISC,1.6769856301834807e-05
