0,1,2,3,predictions,confidence,pred_1,pred_1_confidence,pred_2,pred_2_confidence,pred_3,pred_3_confidence
Valladolid,NNP,B-NP,B-ORG,B-ORG,0.8057608008384705,B-ORG,0.8057608008384705,I-ORG,0.13551871478557587,B-PER,0.013293949887156487
15,CD,I-NP,O,O,0.9995446801185608,O,0.9995446801185608,I-ORG,0.0003708906006067991,I-MISC,4.7218698455253616e-05
7,CD,I-NP,O,O,0.9992893934249878,O,0.9992893934249878,I-ORG,0.0005863764090463519,I-MISC,7.407032535411417e-05
3,CD,I-NP,O,O,0.999900221824646,O,0.999900221824646,I-ORG,7.71749037085101e-05,I-MISC,1.6189193047466688e-05
5,CD,I-NP,O,O,0.9998874664306641,O,0.9998874664306641,I-ORG,6.9452915340662e-05,I-MISC,3.8298338040476665e-05
19,CD,I-NP,O,O,0.9993537068367004,O,0.9993537068367004,I-MISC,0.00035412778379395604,I-ORG,0.0002554512757342309
18,CD,I-NP,O,O,0.9998958110809326,O,0.9998958110809326,I-MISC,6.443872553063557e-05,I-ORG,3.542425110936165e-05
24,CD,I-NP,O,O,0.9999566078186035,O,0.9999566078186035,I-ORG,2.4258653866127133e-05,I-MISC,1.8382972484687343e-05
