0,1,2,3,predictions,confidence,pred_1,pred_1_confidence,pred_2,pred_2_confidence,pred_3,pred_3_confidence
Racing,VBG,B-VP,B-ORG,B-ORG,0.7233702540397644,B-ORG,0.7233702540397644,I-ORG,0.19136841595172882,O,0.04246115684509277
Santander,NNP,B-NP,I-ORG,I-ORG,0.7073189616203308,B-ORG,0.7073189616203308,I-ORG,0.20880378782749176,O,0.07148181647062302
15,CD,I-NP,O,O,0.9992164373397827,O,0.9992164373397827,I-ORG,0.0006515671266242862,I-MISC,7.939824718050659e-05
5,CD,I-NP,O,O,0.9996181726455688,O,0.9996181726455688,I-ORG,0.0003109244571533054,I-MISC,3.9551141526317224e-05
7,CD,I-NP,O,O,0.999229907989502,O,0.999229907989502,I-ORG,0.0006335758371278644,I-MISC,9.110871906159446e-05
3,CD,I-NP,O,O,0.9999196529388428,O,0.9999196529388428,I-ORG,6.11694049439393e-05,I-MISC,1.4238996300264262e-05
15,CD,I-NP,O,O,0.9998311996459961,O,0.9998311996459961,I-ORG,0.00011476694635348395,I-MISC,4.8332902224501595e-05
15,CD,I-NP,O,O,0.9999134540557861,O,0.9999134540557861,I-ORG,5.521745697478764e-05,I-MISC,2.842483991116751e-05
22,CD,I-NP,O,O,0.9999957084655762,O,0.9999957084655762,I-MISC,2.232278120573028e-06,I-ORG,2.0579893771355273e-06
