0,1,2,3,predictions,confidence,pred_1,pred_1_confidence,pred_2,pred_2_confidence,pred_3,pred_3_confidence
Rayo,NNP,B-NP,B-ORG,B-ORG,0.6701896786689758,B-ORG,0.6701896786689758,I-ORG,0.1386016458272934,B-PER,0.06469796597957611
Vallecano,NNP,I-NP,I-ORG,I-ORG,0.810123860836029,B-ORG,0.810123860836029,I-ORG,0.12824222445487976,B-PER,0.014670559205114841
15,CD,I-NP,O,O,0.9993626475334167,O,0.9993626475334167,I-ORG,0.0005313127767294645,I-MISC,5.7916880905395374e-05
5,CD,I-NP,O,O,0.999612033367157,O,0.999612033367157,I-ORG,0.00032091556931845844,B-ORG,3.535059295245446e-05
5,CD,I-NP,O,O,0.9996999502182007,O,0.9996999502182007,I-ORG,0.00024840334663167596,B-ORG,2.5457587980781682e-05
5,CD,I-NP,O,O,0.9998157620429993,O,0.9998157620429993,I-ORG,0.00015048768545966595,I-MISC,1.880951640487183e-05
21,CD,I-NP,O,O,0.9999920129776001,O,0.9999920129776001,I-ORG,6.0351758293109015e-06,I-MISC,1.590514102645102e-06
19,CD,I-NP,O,O,0.9995736479759216,O,0.9995736479759216,I-ORG,0.00023960531689226627,I-MISC,0.00015985299251042306
20,CD,I-NP,O,O,0.999988317489624,O,0.999988317489624,I-MISC,6.275805844779825e-06,I-ORG,5.054509074398084e-06
