0,1,2,3,predictions,confidence,pred_1,pred_1_confidence,pred_2,pred_2_confidence,pred_3,pred_3_confidence
Valencia,NNP,B-NP,B-ORG,B-ORG,0.8427050709724426,B-ORG,0.8427050709724426,I-ORG,0.11120452731847763,B-LOC,0.011829745024442673
15,CD,I-NP,O,O,0.9992664456367493,O,0.9992664456367493,I-ORG,0.0006152500864118338,B-ORG,6.892593955853954e-05
6,CD,I-NP,O,O,0.9993308782577515,O,0.9993308782577515,I-ORG,0.0005671775434166193,B-ORG,5.800856160931289e-05
2,CD,I-NP,O,O,0.9998481273651123,O,0.9998481273651123,I-ORG,0.00012087321374565363,I-MISC,1.77865986188408e-05
7,CD,I-NP,O,O,0.9995137453079224,O,0.9995137453079224,I-ORG,0.0003551025874912739,I-MISC,0.00011060768883908167
23,CD,I-NP,O,O,0.9999841451644897,O,0.9999841451644897,I-ORG,1.1275898941676132e-05,I-MISC,4.2299266169720795e-06
22,CD,I-NP,O,O,0.9999819993972778,O,0.9999819993972778,I-ORG,1.225015876116231e-05,I-MISC,5.393830633693142e-06
20,CD,I-NP,O,O,0.9999610185623169,O,0.9999610185623169,I-MISC,1.9326702386024408e-05,I-ORG,1.892778163892217e-05
