0,1,2,3,predictions,confidence,pred_1,pred_1_confidence,pred_2,pred_2_confidence,pred_3,pred_3_confidence
Celta,NNP,B-NP,B-ORG,B-ORG,0.38739070296287537,B-ORG,0.38739070296287537,B-LOC,0.19285838305950165,B-PER,0.16472671926021576
Vigo,NNP,I-NP,I-ORG,I-ORG,0.5400501489639282,B-ORG,0.5400501489639282,I-ORG,0.16107842326164246,B-PER,0.08917652070522308
15,CD,I-NP,O,O,0.9996578693389893,O,0.9996578693389893,I-ORG,0.00026360340416431427,I-MISC,5.857810901943594e-05
5,CD,I-NP,O,O,0.9998263716697693,O,0.9998263716697693,I-ORG,0.0001347777433693409,I-MISC,2.669046079972759e-05
5,CD,I-NP,O,O,0.9999010562896729,O,0.9999010562896729,I-ORG,7.102961535565555e-05,I-MISC,2.2436483050114475e-05
5,CD,I-NP,O,O,0.999930739402771,O,0.999930739402771,I-ORG,3.5726698115468025e-05,I-MISC,3.0226879971451126e-05
17,CD,I-NP,O,O,0.9996656179428101,O,0.9996656179428101,I-MISC,0.0001813735580071807,I-ORG,0.0001306599151575938
17,CD,I-NP,O,O,0.9995812773704529,O,0.9995812773704529,I-ORG,0.00020790466805920005,I-MISC,0.00019340701692271978
20,CD,I-NP,O,O,0.9999617338180542,O,0.9999617338180542,I-ORG,1.9675882867886685e-05,I-MISC,1.7656870113569312e-05
