0,1,2,3,predictions,confidence,pred_1,pred_1_confidence,pred_2,pred_2_confidence,pred_3,pred_3_confidence
Espanyol,NN,B-NP,B-ORG,B-ORG,0.863909125328064,B-ORG,0.863909125328064,I-ORG,0.11212431639432907,O,0.0138622485101223
15,CD,I-NP,O,O,0.9991717338562012,O,0.9991717338562012,I-ORG,0.0007048599072732031,B-ORG,8.487448212690651e-05
4,CD,I-NP,O,O,0.9999246597290039,O,0.9999246597290039,I-ORG,6.0843951359856874e-05,B-ORG,8.470001375826541e-06
4,CD,I-NP,O,O,0.9999619722366333,O,0.9999619722366333,I-ORG,2.8261654733796604e-05,I-MISC,6.7123469307261985e-06
7,CD,I-NP,O,O,0.9998142123222351,O,0.9998142123222351,I-ORG,0.00011040852405130863,I-MISC,6.710296293022111e-05
17,CD,I-NP,O,O,0.9996390342712402,O,0.9996390342712402,I-ORG,0.0002129634376615286,I-MISC,0.00013631426554638892
20,CD,I-NP,O,O,0.999969482421875,O,0.999969482421875,I-ORG,2.0378207409521565e-05,I-MISC,9.497573955741245e-06
16,CD,I-NP,O,O,0.9988985061645508,O,0.9988985061645508,I-ORG,0.0005967536708340049,I-MISC,0.0004672578943427652
