0,1,2,3,predictions,confidence,pred_1,pred_1_confidence,pred_2,pred_2_confidence,pred_3,pred_3_confidence
Logrones,NNS,B-NP,B-ORG,B-ORG,0.8797197341918945,B-ORG,0.8797197341918945,I-ORG,0.10160119086503983,O,0.009587148204445839
15,CD,I-NP,O,O,0.999189555644989,O,0.999189555644989,I-ORG,0.0006889201467856765,B-ORG,8.307660755235702e-05
4,CD,I-NP,O,O,0.9999186992645264,O,0.9999186992645264,I-ORG,6.563526403624564e-05,B-ORG,9.32522198127117e-06
3,CD,I-NP,O,O,0.999924898147583,O,0.999924898147583,I-ORG,5.897165829082951e-05,I-MISC,9.683800271886867e-06
8,CD,I-NP,O,O,0.9994184970855713,O,0.9994184970855713,I-ORG,0.0004134264891035855,I-MISC,0.00012603624782059342
11,CD,I-NP,O,O,0.9992940425872803,O,0.9992940425872803,I-ORG,0.0004249918565619737,I-MISC,0.0002513995859771967
33,CD,I-NP,O,O,0.999915361404419,O,0.999915361404419,I-ORG,4.673622970585711e-05,I-MISC,3.618473783717491e-05
15,CD,I-NP,O,O,0.9998433589935303,O,0.9998433589935303,I-ORG,7.73047941038385e-05,I-MISC,7.328974606934935e-05
