0,1,2,3,predictions,confidence,pred_1,pred_1_confidence,pred_2,pred_2_confidence,pred_3,pred_3_confidence
Hercules,NNP,B-NP,B-ORG,B-ORG,0.8588612675666809,B-ORG,0.8588612675666809,I-ORG,0.11313015967607498,O,0.01706664264202118
15,CD,I-NP,O,O,0.9990559220314026,O,0.9990559220314026,I-ORG,0.0008016335777938366,B-ORG,9.971130202757195e-05
2,CD,I-NP,O,O,0.9998132586479187,O,0.9998132586479187,I-ORG,0.0001514187315478921,B-ORG,2.2816855562268756e-05
2,CD,I-NP,O,O,0.999866247177124,O,0.999866247177124,I-ORG,0.00010598506196402013,I-MISC,1.4958872270653956e-05
11,CD,I-NP,O,O,0.998887836933136,O,0.998887836933136,I-ORG,0.0008715125150047243,I-MISC,0.00017984796431846917
11,CD,I-NP,O,O,0.9991975426673889,O,0.9991975426673889,I-ORG,0.0006329677416943014,I-MISC,0.00012272511958144605
29,CD,I-NP,O,O,0.9998205304145813,O,0.9998205304145813,I-ORG,0.00013829677482135594,I-MISC,3.4166310797445476e-05
8,CD,I-NP,O,O,0.999337375164032,O,0.999337375164032,I-ORG,0.0003706602437887341,I-MISC,0.0002537445689085871
