0,1,2,3,predictions,confidence,pred_1,pred_1_confidence,pred_2,pred_2_confidence,pred_3,pred_3_confidence
Extremadura,NNP,B-NP,B-ORG,B-ORG,0.8364342451095581,B-ORG,0.8364342451095581,I-ORG,0.12773510813713074,O,0.02475658804178238
15,CD,I-NP,O,O,0.9991323351860046,O,0.9991323351860046,I-ORG,0.0007367100333794951,B-ORG,9.121413313550875e-05
1,CD,I-NP,O,O,0.9992572665214539,O,0.9992572665214539,I-ORG,0.0005111814825795591,B-ORG,0.00018206078675575554
3,CD,I-NP,O,O,0.999822199344635,O,0.999822199344635,I-ORG,0.00014269110397435725,I-MISC,2.1061034203739837e-05
11,CD,I-NP,O,O,0.9987466335296631,O,0.9987466335296631,I-ORG,0.0010234321234747767,I-MISC,0.00016188884910661727
8,CD,I-NP,O,O,0.9993388056755066,O,0.9993388056755066,I-ORG,0.0005043279961682856,I-MISC,0.00010628423478920013
30,CD,B-NP,O,O,0.9999868869781494,O,0.9999868869781494,I-ORG,8.44584428705275e-06,I-MISC,4.333490778662963e-06
6,CD,I-NP,O,O,0.9998956918716431,O,0.9998956918716431,I-ORG,5.1623635954456404e-05,I-MISC,4.799555608769879e-05
