0,1,2,3,predictions,confidence,pred_1,pred_1_confidence,pred_2,pred_2_confidence,pred_3,pred_3_confidence
Women,NNS,B-NP,O,I-PER,0.30741599202156067,B-PER,0.30741599202156067,B-ORG,0.20394033193588257,I-PER,0.14350174367427826
's,POS,B-NP,O,O,0.9963428378105164,O,0.9963428378105164,I-ORG,0.0015703346580266953,I-MISC,0.0015380940167233348
singles,NNS,I-NP,O,O,0.9993796348571777,O,0.9993796348571777,I-ORG,0.0003771854389924556,I-MISC,0.0001930203434312716
