0,1,2,3,predictions,confidence,pred_1,pred_1_confidence,pred_2,pred_2_confidence,pred_3,pred_3_confidence
Contractors,NNS,B-NP,O,O,0.31975167989730835,B-ORG,0.31975167989730835,O,0.1896124631166458,B-PER,0.1358252763748169
won,VBD,B-VP,O,O,0.9996663331985474,O,0.9996663331985474,I-MISC,0.00015363344573415816,I-ORG,0.00014987800386734307
4-0,JJ,B-NP,O,O,0.9998797178268433,O,0.9998797178268433,I-MISC,6.092093826737255e-05,I-ORG,5.277464151731692e-05
on,IN,B-PP,O,O,0.9995946288108826,O,0.9995946288108826,I-MISC,0.0001817356824176386,I-ORG,0.00010332555393688381
aggregate,NN,B-NP,O,O,0.9998959302902222,O,0.9998959302902222,I-ORG,5.046338992542587e-05,I-MISC,4.604816058417782e-05
.,.,O,O,O,0.9999082088470459,O,0.9999082088470459,I-MISC,5.462906483444385e-05,I-ORG,3.0323817554744892e-05
