0,1,2,3,predictions,confidence,pred_1,pred_1_confidence,pred_2,pred_2_confidence,pred_3,pred_3_confidence
Standings,NNS,B-NP,O,O,0.336591899394989,B-ORG,0.336591899394989,O,0.30744239687919617,I-ORG,0.155820831656456
of,IN,B-PP,O,O,0.9823582768440247,O,0.9823582768440247,I-ORG,0.01061736885458231,I-MISC,0.005448441952466965
National,NNP,B-NP,B-ORG,B-ORG,0.3890747129917145,B-ORG,0.3890747129917145,I-ORG,0.3014565408229828,B-MISC,0.1041484996676445
Hockey,NNP,I-NP,I-ORG,I-ORG,0.3411490321159363,I-ORG,0.3411490321159363,B-ORG,0.3267304003238678,B-PER,0.07160830497741699
