0,1,2,3,predictions,confidence,pred_1,pred_1_confidence,pred_2,pred_2_confidence,pred_3,pred_3_confidence
BOSTON,NNP,B-NP,B-ORG,B-ORG,0.8587535619735718,B-ORG,0.8587535619735718,B-LOC,0.05379248037934303,I-ORG,0.05144206061959267
10,CD,I-NP,O,O,0.9988957643508911,O,0.9988957643508911,I-ORG,0.0008948063477873802,B-ORG,0.00012924736074637622
11,CD,I-NP,O,O,0.9983482360839844,O,0.9983482360839844,I-ORG,0.001348101650364697,B-ORG,0.00020206498447805643
4,CD,I-NP,O,O,0.9999455213546753,O,0.9999455213546753,I-ORG,4.158628507866524e-05,I-MISC,6.9819125201320276e-06
74,CD,B-NP,O,O,0.9998728036880493,O,0.9998728036880493,I-ORG,9.652275912230834e-05,I-MISC,2.7933183446293697e-05
84,CD,I-NP,O,O,0.9998843669891357,O,0.9998843669891357,I-ORG,8.059866377152503e-05,I-MISC,3.206944529665634e-05
24,CD,I-NP,O,O,0.9999217987060547,O,0.9999217987060547,I-ORG,4.825649375561625e-05,I-MISC,2.83848221442895e-05
