0,1,2,3,predictions,confidence,pred_1,pred_1_confidence,pred_2,pred_2_confidence,pred_3,pred_3_confidence
MONTREAL,NNP,B-NP,B-ORG,B-ORG,0.9302380084991455,B-ORG,0.9302380084991455,I-ORG,0.06123291701078415,I-MISC,0.0033772438764572144
10,CD,I-NP,O,O,0.9971044659614563,O,0.9971044659614563,I-ORG,0.0024671475403010845,B-ORG,0.00024825677974149585
14,CD,I-NP,O,O,0.9993724226951599,O,0.9993724226951599,I-ORG,0.000546065391972661,I-MISC,4.266094765625894e-05
4,CD,I-NP,O,O,0.9999502897262573,O,0.9999502897262573,I-ORG,3.612062573665753e-05,I-MISC,1.0517568625800777e-05
96,CD,B-NP,O,O,0.9968320727348328,O,0.9968320727348328,I-ORG,0.0015330302994698286,I-MISC,0.001440510037355125
103,CD,I-NP,O,O,0.9996998310089111,O,0.9996998310089111,I-ORG,0.00019181267998646945,I-MISC,9.836198296397924e-05
24,CD,I-NP,O,O,0.9999563694000244,O,0.9999563694000244,I-ORG,2.5163155441987328e-05,I-MISC,1.7627215129323304e-05
