0,1,2,3,predictions,confidence,pred_1,pred_1_confidence,pred_2,pred_2_confidence,pred_3,pred_3_confidence
PITTSBURGH,NNS,B-NP,B-ORG,B-ORG,0.88078773021698,B-ORG,0.88078773021698,I-ORG,0.07257597148418427,O,0.023888321593403816
9,CD,I-NP,O,O,0.9879999756813049,O,0.9879999756813049,I-ORG,0.006130513735115528,B-ORG,0.005219632759690285
13,CD,I-NP,O,O,0.9995498061180115,O,0.9995498061180115,I-ORG,0.00038892263546586037,I-MISC,3.958107117796317e-05
3,CD,I-NP,O,O,0.9997987151145935,O,0.9997987151145935,I-ORG,0.00016164816042874008,I-MISC,2.6684478143579327e-05
81,CD,I-NP,O,O,0.9990944862365723,O,0.9990944862365723,I-ORG,0.0007300713914446533,I-MISC,0.00015229603741317987
91,CD,I-NP,O,O,0.9950048327445984,O,0.9950048327445984,I-ORG,0.0034779920242726803,I-MISC,0.0011682852637022734
21,CD,I-NP,O,O,0.9999877214431763,O,0.9999877214431763,I-ORG,7.523008662246866e-06,I-MISC,4.452943812793819e-06
