0,1,2,3,predictions,confidence,pred_1,pred_1_confidence,pred_2,pred_2_confidence,pred_3,pred_3_confidence
OTTAWA,NNP,B-NP,B-ORG,B-ORG,0.9101061820983887,B-ORG,0.9101061820983887,I-ORG,0.05190812423825264,B-LOC,0.017320308834314346
7,CD,I-NP,O,O,0.9987062215805054,O,0.9987062215805054,I-ORG,0.0010734173702076077,B-ORG,0.0001150971365859732
11,CD,I-NP,O,O,0.9923474788665771,O,0.9923474788665771,I-ORG,0.006612652912735939,B-ORG,0.0005158118437975645
6,CD,I-NP,O,O,0.9983590245246887,O,0.9983590245246887,I-ORG,0.0013997525675222278,I-MISC,0.00014162139268592
62,CD,I-NP,O,O,0.999485969543457,O,0.999485969543457,I-ORG,0.00043770993943326175,I-MISC,6.898007268318906e-05
72,CD,I-NP,O,O,0.9993128776550293,O,0.9993128776550293,I-ORG,0.0005061052506789565,I-MISC,0.00016827843501232564
20,CD,I-NP,O,O,0.9998878240585327,O,0.9998878240585327,I-ORG,6.409388879546896e-05,I-MISC,4.544131297734566e-05
