0,1,2,3,predictions,confidence,pred_1,pred_1_confidence,pred_2,pred_2_confidence,pred_3,pred_3_confidence
PHILADELPHIA,NNP,B-NP,B-ORG,B-ORG,0.9304922223091125,B-ORG,0.9304922223091125,I-ORG,0.05961708351969719,B-LOC,0.0028913901187479496
14,CD,I-NP,O,O,0.9978594183921814,O,0.9978594183921814,I-ORG,0.0018835621885955334,B-ORG,0.00014087848830968142
12,CD,I-NP,O,O,0.9988493919372559,O,0.9988493919372559,I-ORG,0.00100061169359833,I-MISC,9.620425407774746e-05
2,CD,I-NP,O,O,0.9998762607574463,O,0.9998762607574463,I-ORG,8.073601929936558e-05,I-MISC,3.71672140317969e-05
75,CD,I-NP,O,O,0.9997629523277283,O,0.9997629523277283,I-MISC,0.0001384186471113935,I-ORG,9.298555232817307e-05
75,CD,I-NP,O,O,0.999774158000946,O,0.999774158000946,I-MISC,0.00011196265404578298,I-ORG,0.00010907769319601357
30,CD,B-NP,O,O,0.9999780654907227,O,0.9999780654907227,I-ORG,1.0712069524743129e-05,I-MISC,1.0637721970851999e-05
