0,1,2,3,predictions,confidence,pred_1,pred_1_confidence,pred_2,pred_2_confidence,pred_3,pred_3_confidence
WASHINGTON,NNP,B-NP,B-ORG,B-ORG,0.7643979787826538,B-ORG,0.7643979787826538,B-LOC,0.1336221843957901,I-ORG,0.0477876178920269
13,CD,I-NP,O,O,0.9998143315315247,O,0.9998143315315247,I-ORG,0.00015556992730125785,B-ORG,1.9940789570682682e-05
12,CD,I-NP,O,O,0.9995755553245544,O,0.9995755553245544,I-ORG,0.0003675099287647754,B-ORG,3.0099432478891686e-05
1,CD,I-NP,O,O,0.9993745684623718,O,0.9993745684623718,I-ORG,0.0004262604925315827,B-ORG,9.703938121674582e-05
69,CD,I-NP,O,O,0.9980598092079163,O,0.9980598092079163,I-ORG,0.001387838856317103,I-MISC,0.0004922235384583473
66,CD,I-NP,O,O,0.9995755553245544,O,0.9995755553245544,I-ORG,0.0003063316107727587,I-MISC,0.00010842509800568223
27,CD,I-NP,O,O,0.999981164932251,O,0.999981164932251,I-ORG,1.1531162272149231e-05,I-MISC,6.860912435513455e-06
