0,1,2,3,predictions,confidence,pred_1,pred_1_confidence,pred_2,pred_2_confidence,pred_3,pred_3_confidence
NY,DT,B-NP,B-ORG,B-ORG,0.7072373032569885,B-ORG,0.7072373032569885,I-ORG,0.09166960418224335,O,0.08790618181228638
RANGERS,NNS,I-NP,I-ORG,I-ORG,0.7410902976989746,B-ORG,0.7410902976989746,O,0.1005345806479454,I-ORG,0.08252968639135361
10,CD,I-NP,O,O,0.9996763467788696,O,0.9996763467788696,I-ORG,0.00025800373987294734,I-MISC,4.615845682565123e-05
13,CD,I-NP,O,O,0.9998520612716675,O,0.9998520612716675,I-ORG,0.00011663541954476386,I-MISC,2.552370096964296e-05
5,CD,I-NP,O,O,0.9997779726982117,O,0.9997779726982117,I-ORG,0.00014753326831851155,I-MISC,6.510315142804757e-05
91,CD,I-NP,O,O,0.997531533241272,O,0.997531533241272,I-ORG,0.0012234931346029043,I-MISC,0.0010383290937170386
81,CD,I-NP,O,O,0.9997733235359192,O,0.9997733235359192,I-ORG,0.0001257311087101698,I-MISC,9.443463204661384e-05
25,CD,I-NP,O,O,0.9999065399169922,O,0.9999065399169922,I-MISC,5.3133910114411265e-05,I-ORG,3.7892747059231624e-05
