0,1,2,3,predictions,confidence,pred_1,pred_1_confidence,pred_2,pred_2_confidence,pred_3,pred_3_confidence
NY,DT,B-NP,B-ORG,B-ORG,0.8108651638031006,B-ORG,0.8108651638031006,I-ORG,0.0871509313583374,O,0.039835378527641296
ISLANDERS,NNS,I-NP,I-ORG,I-ORG,0.8374305367469788,B-ORG,0.8374305367469788,I-ORG,0.08454623818397522,O,0.035275571048259735
7,CD,I-NP,O,O,0.9984779953956604,O,0.9984779953956604,I-ORG,0.001277437317185104,I-MISC,0.0001241048303199932
11,CD,I-NP,O,O,0.9922811388969421,O,0.9922811388969421,I-ORG,0.006682833191007376,I-MISC,0.0005517645622603595
8,CD,I-NP,O,O,0.9941362142562866,O,0.9941362142562866,I-ORG,0.004779839888215065,I-MISC,0.0006096487049944699
65,CD,I-NP,O,O,0.9983407258987427,O,0.9983407258987427,I-ORG,0.001393031096085906,I-MISC,0.00023888496798463166
72,CD,I-NP,O,O,0.9994266033172607,O,0.9994266033172607,I-ORG,0.00043182610534131527,I-MISC,0.0001296900154557079
22,CD,I-NP,O,O,0.9999765157699585,O,0.9999765157699585,I-ORG,1.3745918295171577e-05,I-MISC,9.064881851372775e-06
