0,1,2,3,predictions,confidence,pred_1,pred_1_confidence,pred_2,pred_2_confidence,pred_3,pred_3_confidence
DALLAS,NNP,B-NP,B-ORG,B-ORG,0.9374265074729919,B-ORG,0.9374265074729919,I-ORG,0.042403195053339005,O,0.007829205133020878
16,CD,I-NP,O,O,0.9944255352020264,O,0.9944255352020264,I-ORG,0.004801473114639521,B-ORG,0.0005330161657184362
9,CD,I-NP,O,O,0.9761953949928284,O,0.9761953949928284,I-ORG,0.012241183780133724,B-ORG,0.010588792152702808
1,CD,I-NP,O,O,0.9992214441299438,O,0.9992214441299438,I-ORG,0.0005466977600008249,B-ORG,0.00014773929433431476
74,CD,B-NP,O,O,0.9996046423912048,O,0.9996046423912048,I-ORG,0.00032718709553591907,I-MISC,6.193481385707855e-05
60,CD,I-NP,O,O,0.9998295307159424,O,0.9998295307159424,I-ORG,0.00011209610238438472,I-MISC,5.5508906370960176e-05
33,CD,I-NP,O,O,0.9996646642684937,O,0.9996646642684937,I-MISC,0.00016149692237377167,I-ORG,0.00015964968770276755
