0,1,2,3,predictions,confidence,pred_1,pred_1_confidence,pred_2,pred_2_confidence,pred_3,pred_3_confidence
ST,PRP,B-NP,B-ORG,B-ORG,0.9085291028022766,B-ORG,0.9085291028022766,I-ORG,0.07474541664123535,I-MISC,0.004693018272519112
LOUIS,VBZ,B-VP,I-ORG,I-ORG,0.9412614703178406,B-ORG,0.9412614703178406,I-ORG,0.05121908709406853,I-MISC,0.0028816566336899996
13,CD,B-NP,O,O,0.9967898726463318,O,0.9967898726463318,I-ORG,0.002829392207786441,B-ORG,0.0002504044387023896
14,CD,I-NP,O,O,0.9974148273468018,O,0.9974148273468018,I-ORG,0.0023204192984849215,B-ORG,0.0001490567810833454
0,CD,I-NP,O,O,0.9997174143791199,O,0.9997174143791199,I-ORG,0.00023025918926578015,I-MISC,3.3187618100782856e-05
78,CD,I-NP,O,O,0.9992212057113647,O,0.9992212057113647,I-ORG,0.0006131443660706282,I-MISC,0.00015549588715657592
81,CD,I-NP,O,O,0.9991415739059448,O,0.9991415739059448,I-ORG,0.0005370745784603059,I-MISC,0.00030390440952032804
26,CD,B-NP,O,O,0.9999203681945801,O,0.9999203681945801,I-MISC,4.6288365410873666e-05,I-ORG,3.190318966517225e-05
