0,1,2,3,predictions,confidence,pred_1,pred_1_confidence,pred_2,pred_2_confidence,pred_3,pred_3_confidence
TORONTO,TO,B-VP,B-ORG,B-ORG,0.8453509211540222,B-ORG,0.8453509211540222,I-ORG,0.06985710561275482,B-LOC,0.03374848887324333
11,CD,B-NP,O,O,0.9976223111152649,O,0.9976223111152649,I-ORG,0.0019499299814924598,B-ORG,0.0002188768849009648
15,CD,I-NP,O,O,0.999472439289093,O,0.999472439289093,I-ORG,0.00044452244765125215,I-MISC,4.5017750380793586e-05
0,CD,I-NP,O,O,0.9999518394470215,O,0.9999518394470215,I-ORG,3.163101428071968e-05,I-MISC,1.341515871899901e-05
76,CD,I-NP,O,O,0.999756395816803,O,0.999756395816803,I-MISC,0.00012948941730428487,I-ORG,0.00010760365694295615
89,CD,I-NP,O,O,0.9990693926811218,O,0.9990693926811218,I-ORG,0.0004471332358662039,I-MISC,0.0004442906647454947
22,CD,I-NP,O,O,0.9999898672103882,O,0.9999898672103882,I-ORG,5.428521035355516e-06,I-MISC,4.385054126032628e-06
