0,1,2,3,predictions,confidence,pred_1,pred_1_confidence,pred_2,pred_2_confidence,pred_3,pred_3_confidence
COLORADO,NNP,B-NP,B-ORG,B-ORG,0.7968733906745911,B-ORG,0.7968733906745911,I-ORG,0.07496578991413116,B-LOC,0.06990960985422134
17,CD,I-NP,O,O,0.9984669089317322,O,0.9984669089317322,I-ORG,0.0012656813487410545,I-MISC,0.0001591126638231799
6,CD,I-NP,O,O,0.998799204826355,O,0.998799204826355,I-ORG,0.0010291377548128366,B-ORG,9.871053043752909e-05
4,CD,I-NP,O,O,0.9999029636383057,O,0.9999029636383057,I-ORG,7.733698294032365e-05,I-MISC,1.1861570783366915e-05
97,CD,I-NP,O,O,0.9966986775398254,O,0.9966986775398254,I-ORG,0.0024112518876791,I-MISC,0.0006495752604678273
56,CD,I-NP,O,O,0.9999668598175049,O,0.9999668598175049,I-ORG,2.8353982997941785e-05,I-MISC,4.0244776755571365e-06
38,CD,I-NP,O,O,0.9999631643295288,O,0.9999631643295288,I-ORG,2.3482127289753407e-05,I-MISC,1.2780717042915057e-05
