0,1,2,3,predictions,confidence,pred_1,pred_1_confidence,pred_2,pred_2_confidence,pred_3,pred_3_confidence
EDMONTON,NN,B-NP,B-ORG,B-ORG,0.9192814826965332,B-ORG,0.9192814826965332,I-ORG,0.05359786003828049,B-MISC,0.007371493149548769
13,CD,I-NP,O,O,0.999796450138092,O,0.999796450138092,I-ORG,0.00017296543228439987,I-MISC,1.5976615031831898e-05
14,CD,I-NP,O,O,0.9995235204696655,O,0.9995235204696655,I-ORG,0.00040783020085655153,I-MISC,4.82189680042211e-05
1,CD,I-NP,O,O,0.9997325539588928,O,0.9997325539588928,I-ORG,0.00013796280836686492,I-MISC,0.00010189391468884423
94,CD,I-NP,O,O,0.9949188828468323,O,0.9949188828468323,I-MISC,0.0028512529097497463,I-ORG,0.0014476280193775892
88,CD,I-NP,O,O,0.9995520710945129,O,0.9995520710945129,I-ORG,0.00022902153432369232,I-MISC,0.000201029863092117
27,CD,I-NP,O,O,0.9999809265136719,O,0.9999809265136719,I-ORG,1.1206930139451288e-05,I-MISC,7.532082236139104e-06
