0,1,2,3,predictions,confidence,pred_1,pred_1_confidence,pred_2,pred_2_confidence,pred_3,pred_3_confidence
LOS,NNP,B-NP,B-ORG,B-ORG,0.8901568651199341,B-ORG,0.8901568651199341,I-ORG,0.05721809342503548,O,0.022401824593544006
ANGELES,NNP,I-NP,I-ORG,I-ORG,0.877679169178009,B-ORG,0.877679169178009,I-ORG,0.08796695619821548,I-MISC,0.011075250804424286
11,CD,I-NP,O,O,0.988647997379303,O,0.988647997379303,I-ORG,0.009780247695744038,B-ORG,0.0008818001369945705
13,CD,I-NP,O,O,0.9992020726203918,O,0.9992020726203918,I-ORG,0.0006905646878294647,I-MISC,6.591981946257874e-05
3,CD,I-NP,O,O,0.999679446220398,O,0.999679446220398,I-ORG,0.00024518053396604955,I-MISC,5.7596822443883866e-05
72,CD,I-NP,O,O,0.9994497895240784,O,0.9994497895240784,I-ORG,0.00041239155689254403,I-MISC,0.0001271574874408543
83,CD,B-NP,O,O,0.999586284160614,O,0.999586284160614,I-ORG,0.00026853985036723316,I-MISC,0.00013280521670822054
25,CD,I-NP,O,O,0.9999405145645142,O,0.9999405145645142,I-MISC,3.0701252399012446e-05,I-ORG,2.6254063413944095e-05
