0,1,2,3,predictions,confidence,pred_1,pred_1_confidence,pred_2,pred_2_confidence,pred_3,pred_3_confidence
SAN,NNP,B-NP,B-ORG,B-ORG,0.8193215131759644,B-ORG,0.8193215131759644,I-ORG,0.08693879097700119,B-LOC,0.03583574667572975
JOSE,NNP,I-NP,I-ORG,I-ORG,0.8504683971405029,B-ORG,0.8504683971405029,I-ORG,0.1074383333325386,I-MISC,0.022379258647561073
10,CD,I-NP,O,O,0.9941494464874268,O,0.9941494464874268,I-ORG,0.005118037573993206,I-MISC,0.0004673152870964259
13,CD,I-NP,O,O,0.998932421207428,O,0.998932421207428,I-ORG,0.0009309710003435612,I-MISC,9.882514859782532e-05
4,CD,I-NP,O,O,0.9998754262924194,O,0.9998754262924194,I-ORG,9.195335587719455e-05,I-MISC,2.6713723855209537e-05
69,CD,I-NP,O,O,0.9989879727363586,O,0.9989879727363586,I-ORG,0.000555077102035284,I-MISC,0.00043230727897025645
87,CD,I-NP,O,O,0.9999496936798096,O,0.9999496936798096,I-MISC,2.837549072864931e-05,I-ORG,2.079930891341064e-05
24,CD,I-NP,O,O,0.9999347925186157,O,0.9999347925186157,I-ORG,3.819746780209243e-05,I-MISC,2.582120941951871e-05
