0,1,2,3,predictions,confidence,pred_1,pred_1_confidence,pred_2,pred_2_confidence,pred_3,pred_3_confidence
ANAHEIM,NNP,B-NP,B-ORG,B-ORG,0.9154487252235413,B-ORG,0.9154487252235413,I-ORG,0.05940312147140503,O,0.008239607326686382
9,CD,I-NP,O,O,0.9849046468734741,O,0.9849046468734741,I-ORG,0.007671051658689976,B-ORG,0.006696986500173807
14,CD,I-NP,O,O,0.9992709755897522,O,0.9992709755897522,I-ORG,0.0006385779706761241,I-MISC,5.5964974308153614e-05
4,CD,I-NP,O,O,0.9999366998672485,O,0.9999366998672485,I-ORG,4.5477045205188915e-05,I-MISC,1.4273038686951622e-05
73,CD,I-NP,O,O,0.9997891783714294,O,0.9997891783714294,I-ORG,0.00012420880375429988,I-MISC,8.298413013108075e-05
86,CD,I-NP,O,O,0.9997138381004333,O,0.9997138381004333,I-ORG,0.00020009352010674775,I-MISC,7.931453001219779e-05
22,CD,I-NP,O,O,0.9999940395355225,O,0.9999940395355225,I-ORG,3.08356311506941e-06,I-MISC,2.76826153822185e-06
