0,1,2,3,predictions,confidence,pred_1,pred_1_confidence,pred_2,pred_2_confidence,pred_3,pred_3_confidence
ANAHEIM,NNP,B-NP,B-ORG,B-ORG,0.8466545939445496,B-ORG,0.8466545939445496,I-ORG,0.07862244546413422,O,0.028804562985897064
AT,NNP,I-NP,O,O,0.972307562828064,O,0.972307562828064,B-ORG,0.019142676144838333,I-ORG,0.004567364230751991
BUFFALO,NNP,I-NP,B-LOC,B-LOC,0.36110949516296387,B-LOC,0.36110949516296387,B-ORG,0.2193494737148285,I-MISC,0.12427628040313721
