0,1,2,3,predictions,confidence,pred_1,pred_1_confidence,pred_2,pred_2_confidence,pred_3,pred_3_confidence
TORONTO,TO,B-VP,B-ORG,B-ORG,0.8535141944885254,B-ORG,0.8535141944885254,I-ORG,0.07714761793613434,O,0.026704031974077225
AT,VB,I-VP,O,O,0.9714935421943665,O,0.9714935421943665,B-ORG,0.020038774237036705,I-ORG,0.004669710528105497
NY,NNP,B-NP,B-ORG,B-ORG,0.2762204706668854,B-ORG,0.2762204706668854,I-MISC,0.1981930434703827,I-ORG,0.159352645277977
RANGERS,NNS,I-NP,I-ORG,I-ORG,0.22790968418121338,B-LOC,0.22790968418121338,B-ORG,0.21937499940395355,I-MISC,0.21045494079589844
