0,1,2,3,predictions,confidence,pred_1,pred_1_confidence,pred_2,pred_2_confidence,pred_3,pred_3_confidence
MONTREAL,NNP,B-NP,B-ORG,B-ORG,0.9016096591949463,B-ORG,0.9016096591949463,I-ORG,0.07925572246313095,I-MISC,0.007190846838057041
AT,NNP,I-NP,O,O,0.8937262892723083,O,0.8937262892723083,B-ORG,0.0678970217704773,I-ORG,0.020159320905804634
CHICAGO,NNP,I-NP,B-LOC,B-LOC,0.6455954313278198,B-LOC,0.6455954313278198,I-LOC,0.10153157263994217,B-ORG,0.09703277796506882
