0,1,2,3,predictions,confidence,pred_1,pred_1_confidence,pred_2,pred_2_confidence,pred_3,pred_3_confidence
ST,NNP,B-NP,B-ORG,B-ORG,0.8503662347793579,B-ORG,0.8503662347793579,I-ORG,0.09535963833332062,I-MISC,0.012505541555583477
LOUIS,NNP,I-NP,I-ORG,I-ORG,0.8936513662338257,B-ORG,0.8936513662338257,I-ORG,0.07316320389509201,I-MISC,0.010630305856466293
AT,NNP,I-NP,O,O,0.9123109579086304,O,0.9123109579086304,B-ORG,0.057844989001750946,I-ORG,0.017430221661925316
COLORADO,NNP,I-NP,B-LOC,B-LOC,0.3479728102684021,B-LOC,0.3479728102684021,B-ORG,0.18516434729099274,I-MISC,0.14195522665977478
