0,1,2,3,predictions,confidence,pred_1,pred_1_confidence,pred_2,pred_2_confidence,pred_3,pred_3_confidence
OTTAWA,NNP,B-NP,B-ORG,B-ORG,0.8810107111930847,B-ORG,0.8810107111930847,I-ORG,0.06374660134315491,O,0.01639234460890293
AT,NNP,I-NP,O,O,0.972307562828064,O,0.972307562828064,B-ORG,0.019142676144838333,I-ORG,0.004567364230751991
EDMONTON,NNP,I-NP,B-LOC,B-LOC,0.3476054072380066,B-LOC,0.3476054072380066,B-ORG,0.2233346551656723,B-MISC,0.13867345452308655
