0,1,2,3,predictions,confidence,pred_1,pred_1_confidence,pred_2,pred_2_confidence,pred_3,pred_3_confidence
NHL,NNP,B-NP,B-ORG,O,0.36555007100105286,O,0.36555007100105286,B-ORG,0.20348887145519257,B-MISC,0.18050481379032135
ICE,NNP,I-NP,O,O,0.4614505469799042,O,0.4614505469799042,B-MISC,0.20785801112651825,I-MISC,0.14560307562351227
HOCKEY,NNP,I-NP,O,O,0.5597267746925354,O,0.5597267746925354,I-MISC,0.1527308225631714,B-MISC,0.15210264921188354
-,:,O,O,O,0.9997584223747253,O,0.9997584223747253,I-MISC,0.0001713008969090879,I-ORG,3.662888775579631e-05
THURSDAY,NNS,B-NP,O,O,0.964240312576294,O,0.964240312576294,B-MISC,0.017601506784558296,I-MISC,0.011999322101473808
'S,VBZ,B-VP,O,O,0.9987084865570068,O,0.9987084865570068,I-MISC,0.0006168921827338636,B-MISC,0.0005060005933046341
RESULTS,NNS,B-NP,O,O,0.9967297315597534,O,0.9967297315597534,I-MISC,0.0013658002717420459,B-MISC,0.0008475466165691614
.,.,O,O,O,0.9999902248382568,O,0.9999902248382568,I-MISC,6.470589141827077e-06,I-ORG,2.0753577700816095e-06
