0,1,2,3,predictions,confidence,pred_1,pred_1_confidence,pred_2,pred_2_confidence,pred_3,pred_3_confidence
[,(,O,O,O,0.9990251064300537,O,0.9990251064300537,I-MISC,0.00040746398735791445,I-ORG,0.00032491993624716997
CORRECTED,NNP,B-NP,O,O,0.9520121216773987,O,0.9520121216773987,I-MISC,0.018755925819277763,B-ORG,0.012208587490022182
08:40,CD,I-NP,O,O,0.999874472618103,O,0.999874472618103,I-MISC,8.36465842439793e-05,I-ORG,3.636962719610892e-05
GMT,NNP,I-NP,B-MISC,O,0.30284085869789124,I-MISC,0.30284085869789124,B-MISC,0.2565271258354187,O,0.2277667075395584
],),O,O,O,0.9918553829193115,O,0.9918553829193115,I-MISC,0.004645306151360273,I-ORG,0.0012428662739694118
