0,1,2,3,predictions,confidence,pred_1,pred_1_confidence,pred_2,pred_2_confidence,pred_3,pred_3_confidence
),),O,O,O,0.9997319579124451,O,0.9997319579124451,I-ORG,0.00011174384417245165,I-MISC,0.0001046767138177529
Results,NNS,B-NP,O,O,0.38629472255706787,B-ORG,0.38629472255706787,O,0.29061535000801086,I-ORG,0.10708185285329819
of,IN,B-PP,O,O,0.9897685050964355,O,0.9897685050964355,I-ORG,0.00611767265945673,I-MISC,0.0030448208563029766
National,NNP,B-NP,B-ORG,B-ORG,0.40605628490448,B-ORG,0.40605628490448,I-ORG,0.27938443422317505,B-MISC,0.09945569187402725
Hockey,NNP,I-NP,I-ORG,I-ORG,0.32988715171813965,B-ORG,0.32988715171813965,I-ORG,0.31798309087753296,B-PER,0.08500437438488007
