0,1,2,3,predictions,confidence,pred_1,pred_1_confidence,pred_2,pred_2_confidence,pred_3,pred_3_confidence
Hartford,NNP,B-NP,B-ORG,B-ORG,0.8879147171974182,B-ORG,0.8879147171974182,I-ORG,0.09369893372058868,O,0.006778061389923096
4,CD,I-NP,O,O,0.9999265670776367,O,0.9999265670776367,I-ORG,5.643623444484547e-05,I-MISC,9.644139936426654e-06
BOSTON,NN,I-NP,B-ORG,B-ORG,0.7706071138381958,B-ORG,0.7706071138381958,I-ORG,0.10093648731708527,B-LOC,0.049097899347543716
2,CD,I-NP,O,O,0.9999144077301025,O,0.9999144077301025,I-ORG,5.375163163989782e-05,I-MISC,2.646291977725923e-05
