0,1,2,3,predictions,confidence,pred_1,pred_1_confidence,pred_2,pred_2_confidence,pred_3,pred_3_confidence
FLORIDA,NNP,B-NP,B-ORG,B-ORG,0.9432263374328613,B-ORG,0.9432263374328613,I-ORG,0.04693826287984848,I-MISC,0.0030067558400332928
4,CD,I-NP,O,O,0.9998698234558105,O,0.9998698234558105,I-ORG,9.937409777194262e-05,I-MISC,1.6156343917828053e-05
Ny,NNP,I-NP,B-ORG,O,0.42728057503700256,O,0.42728057503700256,B-ORG,0.3645794987678528,I-ORG,0.12752923369407654
Islanders,NNPS,I-NP,I-ORG,B-ORG,0.6794077157974243,B-ORG,0.6794077157974243,I-ORG,0.18890592455863953,O,0.0937550887465477
2,CD,I-NP,O,O,0.999944806098938,O,0.999944806098938,I-ORG,3.397147884243168e-05,I-MISC,1.774764859874267e-05
