0,1,2,3,predictions,confidence,pred_1,pred_1_confidence,pred_2,pred_2_confidence,pred_3,pred_3_confidence
NEW,NNP,B-NP,B-ORG,B-ORG,0.875486433506012,B-ORG,0.875486433506012,I-ORG,0.05730267986655235,O,0.027502600103616714
JERSEY,NNP,I-NP,I-ORG,I-ORG,0.8724405169487,B-ORG,0.8724405169487,I-ORG,0.07436499744653702,O,0.036115944385528564
2,CD,I-NP,O,O,0.99980229139328,O,0.99980229139328,I-ORG,0.000158123264554888,B-ORG,1.9696622985065915e-05
Calgary,NNP,I-NP,B-ORG,B-ORG,0.7022639513015747,B-ORG,0.7022639513015747,I-ORG,0.23277857899665833,O,0.032247092574834824
1,CD,I-NP,O,O,0.9996966123580933,O,0.9996966123580933,I-ORG,0.00017765857046470046,I-MISC,9.051500092027709e-05
