0,1,2,3,predictions,confidence,pred_1,pred_1_confidence,pred_2,pred_2_confidence,pred_3,pred_3_confidence
Phoenix,NNP,B-NP,B-ORG,B-ORG,0.884486198425293,B-ORG,0.884486198425293,I-ORG,0.09382583200931549,B-MISC,0.004485316574573517
3,CD,I-NP,O,O,0.9997671246528625,O,0.9997671246528625,I-ORG,0.00018455606186762452,B-ORG,2.385315383435227e-05
ST,NNP,I-NP,B-ORG,B-ORG,0.7902027368545532,B-ORG,0.7902027368545532,I-ORG,0.14958418905735016,I-MISC,0.01982850953936577
LOUIS,NNPS,I-NP,I-ORG,I-ORG,0.8502856492996216,B-ORG,0.8502856492996216,I-ORG,0.11438414454460144,I-MISC,0.015103529207408428
0,CD,I-NP,O,O,0.9995916485786438,O,0.9995916485786438,I-ORG,0.0002797273045871407,I-MISC,0.00011000540689565241
