0,1,2,3,predictions,confidence,pred_1,pred_1_confidence,pred_2,pred_2_confidence,pred_3,pred_3_confidence
Tampa,NNP,B-NP,B-ORG,B-ORG,0.7357409596443176,B-ORG,0.7357409596443176,I-ORG,0.15752065181732178,B-LOC,0.030507074669003487
Bay,NNP,I-NP,I-ORG,I-ORG,0.765439510345459,B-ORG,0.765439510345459,I-ORG,0.17545676231384277,O,0.035914983600378036
2,CD,I-NP,O,O,0.9997594952583313,O,0.9997594952583313,I-ORG,0.00018980205641128123,I-MISC,2.696966112125665e-05
LOS,NNP,I-NP,B-ORG,B-ORG,0.8027485013008118,B-ORG,0.8027485013008118,I-ORG,0.10950519889593124,O,0.031583402305841446
ANGELES,NNP,I-NP,I-ORG,I-ORG,0.7835960984230042,B-ORG,0.7835960984230042,I-ORG,0.15314888954162598,I-MISC,0.0277633648365736
1,CD,I-NP,O,O,0.9991440773010254,O,0.9991440773010254,I-ORG,0.0005348707782104611,I-MISC,0.0002324763627257198
