0,1,2,3,predictions,confidence,pred_1,pred_1_confidence,pred_2,pred_2_confidence,pred_3,pred_3_confidence
Basketball,NNP,B-NP,B-ORG,B-ORG,0.394466370344162,B-ORG,0.394466370344162,B-PER,0.15146301686763763,B-MISC,0.13643203675746918
Association,NNP,I-NP,I-ORG,I-ORG,0.3621214032173157,B-MISC,0.3621214032173157,O,0.1826498955488205,B-ORG,0.17731764912605286
teams,NNS,I-NP,O,O,0.999839186668396,O,0.999839186668396,I-MISC,9.972402767743915e-05,I-ORG,4.634158540284261e-05
after,IN,B-SBAR,O,O,0.9999817609786987,O,0.9999817609786987,I-MISC,1.3117141861584969e-05,I-ORG,4.368631380202714e-06
games,NNS,B-NP,O,O,0.999996542930603,O,0.999996542930603,I-MISC,2.0511040474957554e-06,I-ORG,1.2379446161503438e-06
played,VBN,B-VP,O,O,0.9999932050704956,O,0.9999932050704956,I-MISC,4.44017086920212e-06,I-ORG,1.3790890989184845e-06
on,IN,B-PP,O,O,0.9998931884765625,O,0.9998931884765625,I-MISC,4.644903674488887e-05,B-PER,2.7126940040034242e-05
Thursday,NNP,B-NP,O,O,0.9960832595825195,O,0.9960832595825195,B-PER,0.0017484864220023155,I-ORG,0.0006590054836124182
