0,1,2,3,predictions,confidence,pred_1,pred_1_confidence,pred_2,pred_2_confidence,pred_3,pred_3_confidence
ORLANDO,NNP,B-NP,B-ORG,B-ORG,0.9281081557273865,B-ORG,0.9281081557273865,I-ORG,0.0488831102848053,B-LOC,0.0067986431531608105
8,CD,I-NP,O,O,0.9979524612426758,O,0.9979524612426758,I-ORG,0.001611479907296598,B-ORG,0.0002621995226945728
6,CD,I-NP,O,O,0.9992289543151855,O,0.9992289543151855,I-ORG,0.0006274384213611484,I-MISC,9.853954543359578e-05
.571,CD,I-NP,O,O,0.9998326301574707,O,0.9998326301574707,I-ORG,0.00014591647777706385,I-MISC,1.8955410268972628e-05
4,CD,I-NP,O,O,0.9999440908432007,O,0.9999440908432007,I-ORG,3.5366887459531426e-05,I-MISC,1.7926160580827855e-05
