0,1,2,3,predictions,confidence,pred_1,pred_1_confidence,pred_2,pred_2_confidence,pred_3,pred_3_confidence
WASHINGTON,NNP,B-NP,B-ORG,B-LOC,0.7111802101135254,B-LOC,0.7111802101135254,B-ORG,0.1628846675157547,B-PER,0.04148304834961891
7,CD,I-NP,O,O,0.9997321963310242,O,0.9997321963310242,I-ORG,0.0002032329502981156,I-MISC,3.87439904443454e-05
9,CD,I-NP,O,O,0.9966626763343811,O,0.9966626763343811,I-ORG,0.0016799774020910263,B-ORG,0.0008359601488336921
.438,CD,I-NP,O,O,0.999941349029541,O,0.999941349029541,I-ORG,4.163667108514346e-05,I-MISC,1.6165977285709232e-05
6,CD,I-NP,O,O,0.9995964169502258,O,0.9995964169502258,I-ORG,0.00022070588602218777,I-MISC,0.00016804435290396214
