0,1,2,3,predictions,confidence,pred_1,pred_1_confidence,pred_2,pred_2_confidence,pred_3,pred_3_confidence
PHILADELPHIA,NNP,B-NP,B-ORG,B-ORG,0.923970103263855,B-ORG,0.923970103263855,I-ORG,0.06219550967216492,B-LOC,0.0048277778550982475
7,CD,I-NP,O,O,0.9952829480171204,O,0.9952829480171204,I-ORG,0.0040169828571379185,B-ORG,0.0003671304730232805
10,CD,I-NP,O,O,0.9971283078193665,O,0.9971283078193665,I-ORG,0.0024786232970654964,I-MISC,0.00023359384795185179
.412,CD,I-NP,O,O,0.9995635151863098,O,0.9995635151863098,I-ORG,0.0004075867764186114,I-MISC,2.0836991097894497e-05
6,CD,I-NP,O,O,0.9983376264572144,O,0.9983376264572144,I-ORG,0.0014110719785094261,I-MISC,0.00017138320254161954
1/2,CD,I-NP,O,O,0.9998805522918701,O,0.9998805522918701,I-ORG,8.18192056613043e-05,I-MISC,3.269216540502384e-05
