0,1,2,3,predictions,confidence,pred_1,pred_1_confidence,pred_2,pred_2_confidence,pred_3,pred_3_confidence
BOSTON,NNP,B-NP,B-ORG,B-ORG,0.9399508237838745,B-ORG,0.9399508237838745,I-ORG,0.04435257241129875,B-LOC,0.0052815210074186325
4,CD,I-NP,O,O,0.9998109936714172,O,0.9998109936714172,I-ORG,0.0001472453586757183,B-ORG,2.648161353135947e-05
12,CD,I-NP,O,O,0.9999173879623413,O,0.9999173879623413,I-ORG,6.233390740817413e-05,I-MISC,1.5151372281252407e-05
.250,CD,I-NP,O,O,0.9999607801437378,O,0.9999607801437378,I-ORG,2.652572402439546e-05,I-MISC,1.182394589704927e-05
9,CD,I-NP,O,O,0.997832715511322,O,0.997832715511322,I-ORG,0.0008573791710659862,I-MISC,0.0007683713338337839
