0,1,2,3,predictions,confidence,pred_1,pred_1_confidence,pred_2,pred_2_confidence,pred_3,pred_3_confidence
NEW,NNP,B-NP,B-ORG,B-ORG,0.9104964733123779,B-ORG,0.9104964733123779,I-ORG,0.05119895935058594,O,0.022227153182029724
JERSEY,NNP,I-NP,I-ORG,I-ORG,0.8856614828109741,B-ORG,0.8856614828109741,I-ORG,0.06943952292203903,O,0.033346958458423615
3,CD,I-NP,O,O,0.9997852444648743,O,0.9997852444648743,I-ORG,0.0001755017292452976,B-ORG,2.3131799025577493e-05
10,CD,I-NP,O,O,0.999202311038971,O,0.999202311038971,I-ORG,0.0006784763536415994,I-MISC,7.150263991206884e-05
.231,CD,I-NP,O,O,0.9998120665550232,O,0.9998120665550232,I-ORG,0.00017330909031443298,I-MISC,9.907544153975323e-06
8,CD,I-NP,O,O,0.9977937936782837,O,0.9977937936782837,I-ORG,0.0017869760049507022,I-MISC,0.0002430116874165833
1/2,CD,I-NP,O,O,0.9999243021011353,O,0.9999243021011353,I-ORG,5.015903661842458e-05,I-MISC,2.2124229872133583e-05
