0,1,2,3,predictions,confidence,pred_1,pred_1_confidence,pred_2,pred_2_confidence,pred_3,pred_3_confidence
DETROIT,VBG,B-VP,B-ORG,B-ORG,0.8742103576660156,B-ORG,0.8742103576660156,I-ORG,0.08900925517082214,I-MISC,0.012471606954932213
13,CD,B-NP,O,O,0.9994657635688782,O,0.9994657635688782,I-ORG,0.0004493278102017939,I-MISC,4.743634781334549e-05
3,CD,I-NP,O,O,0.99985671043396,O,0.99985671043396,I-ORG,0.00010877806198550388,I-MISC,2.4302029487444088e-05
.813,CD,I-NP,O,O,0.9999340772628784,O,0.9999340772628784,I-ORG,5.2304250857559964e-05,I-MISC,1.2714453987427987e-05
3,CD,I-NP,O,O,0.9999250173568726,O,0.9999250173568726,I-ORG,4.14740206906572e-05,I-MISC,3.0200371838873252e-05
