0,1,2,3,predictions,confidence,pred_1,pred_1_confidence,pred_2,pred_2_confidence,pred_3,pred_3_confidence
CHARLOTTE,JJ,B-NP,B-ORG,B-ORG,0.8572655916213989,B-ORG,0.8572655916213989,I-ORG,0.07992996275424957,O,0.039596427232027054
8,CD,I-NP,O,O,0.998521625995636,O,0.998521625995636,I-ORG,0.0011608325876295567,B-ORG,0.00018021685536950827
8,CD,I-NP,O,O,0.9980918765068054,O,0.9980918765068054,I-ORG,0.0014499661047011614,I-MISC,0.00031484875944443047
.500,CD,I-NP,O,O,0.9998304843902588,O,0.9998304843902588,I-ORG,0.00012670515570789576,I-MISC,4.059917773702182e-05
8,CD,I-NP,O,O,0.9985764026641846,O,0.9985764026641846,I-ORG,0.0008391123265028,I-MISC,0.0005041628610342741
