0,1,2,3,predictions,confidence,pred_1,pred_1_confidence,pred_2,pred_2_confidence,pred_3,pred_3_confidence
INDIANA,VBG,B-VP,B-ORG,B-ORG,0.948702335357666,B-ORG,0.948702335357666,I-ORG,0.04095770791172981,B-LOC,0.002824681345373392
7,CD,B-NP,O,O,0.9986456036567688,O,0.9986456036567688,I-ORG,0.0011441935785114765,B-ORG,0.000142349730595015
8,CD,I-NP,O,O,0.9932371973991394,O,0.9932371973991394,I-ORG,0.005671023856848478,B-ORG,0.0007281140424311161
.467,CD,I-NP,O,O,0.9997161030769348,O,0.9997161030769348,I-ORG,0.00026751746190711856,I-MISC,1.146912018157309e-05
8,CD,I-NP,O,O,0.9942646622657776,O,0.9942646622657776,I-ORG,0.0047617703676223755,I-MISC,0.000574987439904362
1/2,CD,I-NP,O,O,0.9998748302459717,O,0.9998748302459717,I-ORG,8.560214337194338e-05,I-MISC,3.449731957516633e-05
