0,1,2,3,predictions,confidence,pred_1,pred_1_confidence,pred_2,pred_2_confidence,pred_3,pred_3_confidence
TORONTO,TO,B-VP,B-ORG,B-ORG,0.9096828699111938,B-ORG,0.9096828699111938,I-ORG,0.06112094968557358,O,0.008346691727638245
6,CD,B-NP,O,O,0.9993255138397217,O,0.9993255138397217,I-ORG,0.0005574847455136478,B-ORG,6.209072307683527e-05
11,CD,I-NP,O,O,0.995781660079956,O,0.995781660079956,I-ORG,0.0035609521437436342,I-MISC,0.0003719312371686101
.353,CD,I-NP,O,O,0.999834418296814,O,0.999834418296814,I-ORG,0.00015185432857833803,I-MISC,1.0401971849205438e-05
10,CD,I-NP,O,O,0.9992675185203552,O,0.9992675185203552,I-ORG,0.0006104771164245903,I-MISC,8.52649100124836e-05
1/2,CD,I-NP,O,O,0.9999265670776367,O,0.9999265670776367,I-ORG,4.945936962030828e-05,I-MISC,2.0411447621881962e-05
