0,1,2,3,predictions,confidence,pred_1,pred_1_confidence,pred_2,pred_2_confidence,pred_3,pred_3_confidence
MINNESOTA,NNP,B-NP,B-ORG,B-ORG,0.9190177917480469,B-ORG,0.9190177917480469,I-ORG,0.056116219609975815,B-LOC,0.007758232299238443
7,CD,I-NP,O,O,0.9989732503890991,O,0.9989732503890991,I-ORG,0.0008553520310670137,B-ORG,9.525288623990491e-05
10,CD,I-NP,O,O,0.9988131523132324,O,0.9988131523132324,I-ORG,0.0010162022663280368,I-MISC,9.849110938375816e-05
.412,CD,I-NP,O,O,0.999762237071991,O,0.999762237071991,I-ORG,0.00022213716874830425,I-MISC,1.0930011740128975e-05
8,CD,I-NP,O,O,0.9960254430770874,O,0.9960254430770874,I-ORG,0.0032656840048730373,I-MISC,0.00041092728497460485
1/2,CD,I-NP,O,O,0.9998934268951416,O,0.9998934268951416,I-ORG,7.217431993922219e-05,I-MISC,2.9896924388594925e-05
