0,1,2,3,predictions,confidence,pred_1,pred_1_confidence,pred_2,pred_2_confidence,pred_3,pred_3_confidence
SAN,NNP,B-NP,B-ORG,B-ORG,0.8409899473190308,B-ORG,0.8409899473190308,I-ORG,0.08498875796794891,B-LOC,0.026588836684823036
ANTONIO,NNP,I-NP,I-ORG,I-ORG,0.8321622014045715,B-ORG,0.8321622014045715,I-ORG,0.13407117128372192,I-MISC,0.015382030978798866
3,CD,I-NP,O,O,0.9988577365875244,O,0.9988577365875244,I-ORG,0.0009590390836820006,I-MISC,0.00011774133599828929
13,CD,I-NP,O,O,0.9993540644645691,O,0.9993540644645691,I-ORG,0.0005064071156084538,I-MISC,0.00012244829849805683
.188,CD,I-NP,O,O,0.9996885061264038,O,0.9996885061264038,I-ORG,0.0002525166200939566,I-MISC,5.5107619118643925e-05
12,CD,I-NP,O,O,0.9994922876358032,O,0.9994922876358032,I-ORG,0.00032071623718366027,I-MISC,0.00017334621225018054
