0,1,2,3,predictions,confidence,pred_1,pred_1_confidence,pred_2,pred_2_confidence,pred_3,pred_3_confidence
VANCOUVER,NNP,B-NP,B-ORG,B-ORG,0.8708219528198242,B-ORG,0.8708219528198242,I-ORG,0.08111279457807541,B-LOC,0.022202463820576668
2,CD,I-NP,O,O,0.9994822144508362,O,0.9994822144508362,I-ORG,0.0004112694878131151,B-ORG,6.010906145093031e-05
16,CD,I-NP,O,O,0.9976957440376282,O,0.9976957440376282,I-ORG,0.0018311350140720606,I-MISC,0.0003558448806870729
.111,CD,I-NP,O,O,0.9998770952224731,O,0.9998770952224731,I-ORG,0.00010092608135892078,I-MISC,1.8729437215370126e-05
14,CD,I-NP,O,O,0.9998213648796082,O,0.9998213648796082,I-ORG,0.00011537870886968449,I-MISC,5.574015813181177e-05
