0,1,2,3,predictions,confidence,pred_1,pred_1_confidence,pred_2,pred_2_confidence,pred_3,pred_3_confidence
SEATTLE,NNP,B-NP,B-ORG,O,0.5231334567070007,B-ORG,0.5231334567070007,O,0.21402117609977722,I-ORG,0.07379630953073502
15,CD,I-NP,O,O,0.99986732006073,O,0.99986732006073,I-ORG,9.137434244621545e-05,I-MISC,3.402899164939299e-05
5,CD,I-NP,O,O,0.9999382495880127,O,0.9999382495880127,I-ORG,3.5910641599912196e-05,I-MISC,2.251768091809936e-05
.750,CD,I-NP,O,O,0.9999732971191406,O,0.9999732971191406,I-MISC,1.3316443073563278e-05,I-ORG,1.2813432476832531e-05
-,:,I-NP,O,O,0.9985716342926025,O,0.9985716342926025,I-MISC,0.0006830205675214529,I-ORG,0.0006560446927323937
