0,1,2,3,predictions,confidence,pred_1,pred_1_confidence,pred_2,pred_2_confidence,pred_3,pred_3_confidence
LA,NNP,B-NP,B-ORG,B-ORG,0.8811354041099548,B-ORG,0.8811354041099548,I-ORG,0.08767851442098618,I-MISC,0.010339452885091305
LAKERS,NNS,I-NP,I-ORG,I-ORG,0.8651369214057922,B-ORG,0.8651369214057922,I-ORG,0.07678458839654922,O,0.024932734668254852
13,CD,I-NP,O,O,0.9996697902679443,O,0.9996697902679443,I-ORG,0.00027245067758485675,I-MISC,3.960338290198706e-05
7,CD,I-NP,O,O,0.9981005787849426,O,0.9981005787849426,I-ORG,0.0015078723663464189,I-MISC,0.00030275736935436726
.650,CD,I-NP,O,O,0.9995973706245422,O,0.9995973706245422,I-ORG,0.0003433431265875697,I-MISC,5.402284659794532e-05
2,CD,I-NP,O,O,0.9998358488082886,O,0.9998358488082886,I-ORG,0.00010508871491765603,I-MISC,5.162114030099474e-05
