0,1,2,3,predictions,confidence,pred_1,pred_1_confidence,pred_2,pred_2_confidence,pred_3,pred_3_confidence
PORTLAND,NNP,B-NP,B-ORG,B-ORG,0.9203212857246399,B-ORG,0.9203212857246399,I-ORG,0.057662080973386765,O,0.006690436974167824
11,CD,I-NP,O,O,0.9964886903762817,O,0.9964886903762817,I-ORG,0.0029378519393503666,B-ORG,0.0003865180187858641
8,CD,I-NP,O,O,0.9961887001991272,O,0.9961887001991272,I-ORG,0.003080640686675906,B-ORG,0.000489999249111861
.579,CD,I-NP,O,O,0.9996139407157898,O,0.9996139407157898,I-ORG,0.00035948227741755545,I-MISC,1.649686055316124e-05
3,CD,I-NP,O,O,0.9997946619987488,O,0.9997946619987488,I-ORG,0.00016664790746290237,I-MISC,2.4019200282054953e-05
1/2,CD,I-NP,O,O,0.9999374151229858,O,0.9999374151229858,I-ORG,4.1126786527456716e-05,I-MISC,1.839121432567481e-05
