0,1,2,3,predictions,confidence,pred_1,pred_1_confidence,pred_2,pred_2_confidence,pred_3,pred_3_confidence
GOLDEN,NNP,B-NP,B-ORG,B-ORG,0.8228363990783691,B-ORG,0.8228363990783691,I-ORG,0.05640653148293495,B-LOC,0.04579109326004982
STATE,NNP,I-NP,I-ORG,I-ORG,0.8351477384567261,B-ORG,0.8351477384567261,I-ORG,0.06617453694343567,O,0.05834376439452171
6,CD,I-NP,O,O,0.9996564388275146,O,0.9996564388275146,I-ORG,0.00027860727277584374,B-ORG,3.3976513805100694e-05
12,CD,I-NP,O,O,0.9998226761817932,O,0.9998226761817932,I-ORG,0.0001411937701050192,I-MISC,2.68148669420043e-05
.333,CD,I-NP,O,O,0.9999680519104004,O,0.9999680519104004,I-ORG,2.4509008653694764e-05,I-MISC,6.977902557991911e-06
8,CD,I-NP,O,O,0.9991124272346497,O,0.9991124272346497,I-ORG,0.0005167106282897294,I-MISC,0.00031710354960523546
