0,1,2,3,predictions,confidence,pred_1,pred_1_confidence,pred_2,pred_2_confidence,pred_3,pred_3_confidence
SACRAMENTO,NNP,B-NP,B-ORG,B-ORG,0.8805767893791199,B-ORG,0.8805767893791199,I-ORG,0.07749351114034653,B-LOC,0.011966629885137081
6,CD,I-NP,O,O,0.9994831085205078,O,0.9994831085205078,I-ORG,0.0004256766987964511,I-MISC,4.516732587944716e-05
12,CD,I-NP,O,O,0.9996374845504761,O,0.9996374845504761,I-ORG,0.0002925418084487319,I-MISC,5.410514131654054e-05
.333,CD,I-NP,O,O,0.999945878982544,O,0.999945878982544,I-ORG,4.1741142922546715e-05,I-MISC,1.1628653737716377e-05
8,CD,I-NP,O,O,0.9987188577651978,O,0.9987188577651978,I-ORG,0.0007539698854088783,I-MISC,0.00045560160651803017
