0,1,2,3,predictions,confidence,pred_1,pred_1_confidence,pred_2,pred_2_confidence,pred_3,pred_3_confidence
PHOENIX,NNS,B-NP,B-ORG,B-ORG,0.8965364098548889,B-ORG,0.8965364098548889,I-ORG,0.057634588330984116,B-LOC,0.021930856630206108
2,CD,I-NP,O,O,0.9998656511306763,O,0.9998656511306763,I-ORG,0.00010441213089507073,B-ORG,1.670077836024575e-05
14,CD,I-NP,O,O,0.999873161315918,O,0.999873161315918,I-ORG,9.117137233261019e-05,I-MISC,3.0381053875316866e-05
.125,CD,I-NP,O,O,0.9999402761459351,O,0.9999402761459351,I-ORG,3.9152317185653374e-05,I-MISC,1.939637331815902e-05
11,CD,I-NP,O,O,0.9988391995429993,O,0.9988391995429993,I-ORG,0.0005996095715090632,I-MISC,0.0005007059662602842
