0,1,2,3,predictions,confidence,pred_1,pred_1_confidence,pred_2,pred_2_confidence,pred_3,pred_3_confidence
FRIDAY,NNP,B-NP,O,B-LOC,0.3736531138420105,B-LOC,0.3736531138420105,B-ORG,0.32569223642349243,O,0.06991740316152573
",",",",O,O,O,0.9995402097702026,O,0.9995402097702026,I-ORG,0.0002506993478164077,I-MISC,0.00016499710909556597
DECEMBER,NN,B-NP,O,B-ORG,0.6088001132011414,B-ORG,0.6088001132011414,O,0.09854938089847565,I-ORG,0.08788596838712692
6,CD,I-NP,O,O,0.9998217225074768,O,0.9998217225074768,I-ORG,0.00010030190605903044,I-MISC,6.497735012089834e-05
