0,1,2,3,predictions,confidence,pred_1,pred_1_confidence,pred_2,pred_2_confidence,pred_3,pred_3_confidence
CLEVELAND,NNP,B-NP,B-ORG,B-ORG,0.8949685096740723,B-ORG,0.8949685096740723,I-ORG,0.08027928322553635,I-MISC,0.008783289231359959
AT,NNP,I-NP,O,O,0.9254206418991089,O,0.9254206418991089,B-ORG,0.050596315413713455,I-ORG,0.013500110246241093
DETROIT,NNP,I-NP,B-LOC,B-LOC,0.4228954315185547,B-LOC,0.4228954315185547,B-ORG,0.1521138846874237,I-LOC,0.12774142622947693
