0,1,2,3,predictions,confidence,pred_1,pred_1_confidence,pred_2,pred_2_confidence,pred_3,pred_3_confidence
NEW,NNP,B-NP,B-ORG,B-ORG,0.819370687007904,B-ORG,0.819370687007904,I-ORG,0.06263122707605362,B-LOC,0.04858133941888809
YORK,NNP,I-NP,I-ORG,I-ORG,0.8122610449790955,B-ORG,0.8122610449790955,I-ORG,0.11397924274206161,I-LOC,0.025552932173013687
AT,NNP,I-NP,O,O,0.8829410076141357,O,0.8829410076141357,B-ORG,0.06795137375593185,I-ORG,0.02883853390812874
MIAMI,NNP,I-NP,B-LOC,B-LOC,0.2769775092601776,B-ORG,0.2769775092601776,B-LOC,0.2177940160036087,I-MISC,0.17008474469184875
