0,1,2,3,predictions,confidence,pred_1,pred_1_confidence,pred_2,pred_2_confidence,pred_3,pred_3_confidence
VANCOUVER,NNP,B-NP,B-ORG,B-LOC,0.552977442741394,B-ORG,0.552977442741394,B-LOC,0.26126402616500854,I-ORG,0.08145967870950699
AT,NNP,I-NP,O,O,0.9134355187416077,O,0.9134355187416077,B-ORG,0.05750884488224983,I-ORG,0.015225210227072239
SAN,NNP,I-NP,B-LOC,B-LOC,0.3914225399494171,B-LOC,0.3914225399494171,B-ORG,0.23044666647911072,I-LOC,0.13223715126514435
ANTONIO,NNP,I-NP,I-LOC,I-LOC,0.31913867592811584,B-LOC,0.31913867592811584,B-ORG,0.18367645144462585,I-MISC,0.15177738666534424
