0,1,2,3,predictions,confidence,pred_1,pred_1_confidence,pred_2,pred_2_confidence,pred_3,pred_3_confidence
CHARLOTTE,NNP,B-NP,B-ORG,B-ORG,0.7659031748771667,B-ORG,0.7659031748771667,I-ORG,0.09379059821367264,O,0.08760599792003632
AT,NNP,I-NP,O,O,0.972307562828064,O,0.972307562828064,B-ORG,0.019142676144838333,I-ORG,0.004567364230751991
PORTLAND,NNP,I-NP,B-LOC,B-LOC,0.3351985514163971,B-LOC,0.3351985514163971,B-ORG,0.2249969094991684,I-MISC,0.14166206121444702
