0,1,2,3,predictions,confidence,pred_1,pred_1_confidence,pred_2,pred_2_confidence,pred_3,pred_3_confidence
ORLANDO,NNP,B-NP,B-ORG,B-ORG,0.9263452887535095,B-ORG,0.9263452887535095,I-ORG,0.05189039185643196,I-MISC,0.005855843424797058
AT,NNP,I-NP,O,O,0.943215012550354,O,0.943215012550354,B-ORG,0.044725097715854645,I-ORG,0.008479569107294083
LA,NNP,I-NP,B-LOC,B-ORG,0.48034942150115967,B-ORG,0.48034942150115967,I-ORG,0.20932438969612122,I-MISC,0.12678289413452148
LAKERS,NNS,I-NP,I-LOC,I-ORG,0.25491175055503845,B-ORG,0.25491175055503845,I-MISC,0.2100774347782135,B-LOC,0.19390180706977844
