0,1,2,3,predictions,confidence,pred_1,pred_1_confidence,pred_2,pred_2_confidence,pred_3,pred_3_confidence
NFL,NNP,B-NP,B-ORG,O,0.34375473856925964,O,0.34375473856925964,B-ORG,0.2910127341747284,B-MISC,0.12565769255161285
AMERICAN,NNP,I-NP,O,B-MISC,0.360431969165802,B-MISC,0.360431969165802,I-MISC,0.21258117258548737,B-ORG,0.20513808727264404
FOOTBALL-STANDINGS,NNP,I-NP,O,I-MISC,0.3524395823478699,I-MISC,0.3524395823478699,B-MISC,0.17783276736736298,B-ORG,0.12304478883743286
AFTER,NNP,I-NP,O,I-MISC,0.3814423382282257,I-MISC,0.3814423382282257,B-MISC,0.18621273338794708,O,0.14805015921592712
THURSDAY,NNP,I-NP,O,O,0.7945912480354309,O,0.7945912480354309,I-MISC,0.09095733612775803,B-MISC,0.059526845812797546
'S,POS,B-NP,O,O,0.971996545791626,O,0.971996545791626,I-MISC,0.012736262753605843,I-ORG,0.0055703637190163136
GAME,NNP,I-NP,O,O,0.43533483147621155,O,0.43533483147621155,B-ORG,0.21206991374492645,I-MISC,0.11467881500720978
.,.,O,O,O,0.9999442100524902,O,0.9999442100524902,I-MISC,3.520113750710152e-05,I-ORG,1.6144453184097074e-05
