0,1,2,3,predictions,confidence,pred_1,pred_1_confidence,pred_2,pred_2_confidence,pred_3,pred_3_confidence
tied,VBN,B-VP,O,O,0.9998997449874878,O,0.9998997449874878,I-MISC,5.7256176660303026e-05,I-ORG,2.731608401518315e-05
",",",",O,O,O,0.9998470544815063,O,0.9998470544815063,I-MISC,7.63536081649363e-05,I-ORG,5.6523527746321633e-05
points,NNS,B-NP,O,O,0.9998045563697815,O,0.9998045563697815,I-ORG,0.00010257722897222266,I-MISC,6.279444642132148e-05
for,IN,B-PP,O,O,0.9997982382774353,O,0.9997982382774353,I-MISC,9.373943612445146e-05,I-ORG,8.958876424003392e-05
and,CC,O,O,O,0.9988915324211121,O,0.9988915324211121,I-MISC,0.0005735355080105364,I-ORG,0.00045841815881431103
points,NNS,B-NP,O,O,0.9991970658302307,O,0.9991970658302307,I-ORG,0.00036015352816320956,I-MISC,0.00034838932333514094
against,IN,B-PP,O,O,0.9997245669364929,O,0.9997245669364929,I-MISC,0.00014904318959452212,I-ORG,0.00010380609455751255
),),O,O,O,0.9998000264167786,O,0.9998000264167786,I-MISC,0.00014173857925925404,I-ORG,3.392285361769609e-05
:,:,O,O,O,0.9992595314979553,O,0.9992595314979553,I-MISC,0.0004620356485247612,I-ORG,0.0001762263273121789
