0,1,2,3,predictions,confidence,pred_1,pred_1_confidence,pred_2,pred_2_confidence,pred_3,pred_3_confidence
EASTERN,NNP,B-NP,O,B-MISC,0.5619382262229919,B-MISC,0.5619382262229919,I-MISC,0.2116326540708542,O,0.12090782821178436
DIVISION,NNP,I-NP,O,O,0.4283977150917053,B-MISC,0.4283977150917053,O,0.36560356616973877,I-MISC,0.15338191390037537
W,NNP,B-NP,O,O,0.9884204864501953,O,0.9884204864501953,B-ORG,0.0035111273173242807,I-MISC,0.003284689038991928
L,NNP,I-NP,O,O,0.9767268896102905,O,0.9767268896102905,B-ORG,0.011837458238005638,I-MISC,0.004180437419563532
T,NNP,I-NP,O,O,0.9600924253463745,O,0.9600924253463745,B-ORG,0.01889636367559433,I-ORG,0.00771566666662693
PF,NNP,I-NP,O,O,0.8341667652130127,O,0.8341667652130127,B-ORG,0.05844634026288986,I-MISC,0.04116854444146156
PA,NNP,I-NP,O,O,0.36453160643577576,O,0.36453160643577576,B-ORG,0.20221298933029175,I-MISC,0.13212309777736664
