0,1,2,3,predictions,confidence,pred_1,pred_1_confidence,pred_2,pred_2_confidence,pred_3,pred_3_confidence
NEW,NNP,B-NP,B-ORG,B-ORG,0.8822099566459656,B-ORG,0.8822099566459656,I-ORG,0.05590163171291351,O,0.028613492846488953
ENGLAND,NNP,I-NP,I-ORG,I-ORG,0.9239034056663513,B-ORG,0.9239034056663513,I-ORG,0.05730419605970383,O,0.005224190186709166
9,CD,I-NP,O,O,0.9834061861038208,O,0.9834061861038208,I-ORG,0.00884985737502575,B-ORG,0.007035003509372473
4,CD,I-NP,O,O,0.99992835521698,O,0.99992835521698,I-ORG,5.770904681412503e-05,I-MISC,8.35261289466871e-06
0,CD,I-NP,O,O,0.9999682903289795,O,0.9999682903289795,I-ORG,1.673109181865584e-05,I-MISC,1.3293853044160642e-05
355,CD,I-NP,O,O,0.9999533891677856,O,0.9999533891677856,I-MISC,3.042547541554086e-05,I-ORG,1.4888428268022835e-05
269,CD,I-NP,O,O,0.9999213218688965,O,0.9999213218688965,I-MISC,4.307449489715509e-05,I-ORG,3.293738336651586e-05
