0,1,2,3,predictions,confidence,pred_1,pred_1_confidence,pred_2,pred_2_confidence,pred_3,pred_3_confidence
INDIANAPOLIS,NNP,B-NP,B-ORG,B-ORG,0.9119309186935425,B-ORG,0.9119309186935425,I-ORG,0.06390639394521713,O,0.010816198773682117
8,CD,I-NP,O,O,0.9972426891326904,O,0.9972426891326904,I-ORG,0.002200278453528881,B-ORG,0.0003931462415494025
6,CD,I-NP,O,O,0.9992156028747559,O,0.9992156028747559,I-ORG,0.0006664267857559025,I-MISC,6.875266262795776e-05
0,CD,I-NP,O,O,0.9999239444732666,O,0.9999239444732666,I-ORG,4.613863711711019e-05,I-MISC,2.5952267606044188e-05
269,CD,I-NP,O,O,0.9994457364082336,O,0.9994457364082336,I-MISC,0.000282296008663252,I-ORG,0.00024767013383097947
284,CD,I-NP,O,O,0.9993956089019775,O,0.9993956089019775,I-MISC,0.00029149168403819203,I-ORG,0.0002796044573187828
