0,1,2,3,predictions,confidence,pred_1,pred_1_confidence,pred_2,pred_2_confidence,pred_3,pred_3_confidence
MIAMI,NNP,B-NP,B-ORG,B-ORG,0.930572509765625,B-ORG,0.930572509765625,I-ORG,0.04618337005376816,O,0.007156382314860821
6,CD,I-NP,O,O,0.9992363452911377,O,0.9992363452911377,I-ORG,0.000638078898191452,B-ORG,7.301872392417863e-05
7,CD,I-NP,O,O,0.9987070560455322,O,0.9987070560455322,I-ORG,0.0011032724287360907,I-MISC,0.00011055141658289358
0,CD,I-NP,O,O,0.9999039173126221,O,0.9999039173126221,I-ORG,6.385850429069251e-05,I-MISC,2.7365271307644434e-05
285,CD,I-NP,O,O,0.9995911717414856,O,0.9995911717414856,I-ORG,0.000202362090931274,I-MISC,0.00019661399710457772
266,CD,I-NP,O,O,0.9997264742851257,O,0.9997264742851257,I-MISC,0.00013449786638375372,I-ORG,0.000131657172460109
