0,1,2,3,predictions,confidence,pred_1,pred_1_confidence,pred_2,pred_2_confidence,pred_3,pred_3_confidence
NY,DT,B-NP,B-ORG,B-ORG,0.8994114995002747,B-ORG,0.8994114995002747,I-ORG,0.06994257122278214,O,0.014916243962943554
JETS,NNS,I-NP,I-ORG,I-ORG,0.9301904439926147,B-ORG,0.9301904439926147,I-ORG,0.04853147268295288,O,0.016524765640497208
1,CD,I-NP,O,O,0.9987622499465942,O,0.9987622499465942,I-ORG,0.000868302071467042,B-ORG,0.00030090994550846517
12,CD,I-NP,O,O,0.9990692734718323,O,0.9990692734718323,I-ORG,0.000818694184999913,I-MISC,6.902553286636248e-05
0,CD,I-NP,O,O,0.9999370574951172,O,0.9999370574951172,I-ORG,4.085871114511974e-05,I-MISC,1.8812068447005004e-05
221,CD,I-NP,O,O,0.999727189540863,O,0.999727189540863,I-MISC,0.00013906201638747007,I-ORG,0.00012672094453591853
368,CD,I-NP,O,O,0.9999181032180786,O,0.9999181032180786,I-MISC,4.167745646554977e-05,I-ORG,3.807975008385256e-05
