0,1,2,3,predictions,confidence,pred_1,pred_1_confidence,pred_2,pred_2_confidence,pred_3,pred_3_confidence
PITTSBURGH,NNS,B-NP,B-ORG,B-ORG,0.9061893820762634,B-ORG,0.9061893820762634,I-ORG,0.06653524190187454,O,0.012974287383258343
9,CD,I-NP,O,O,0.9833329916000366,O,0.9833329916000366,I-ORG,0.008379164151847363,B-ORG,0.007659986615180969
4,CD,I-NP,O,O,0.9999233484268188,O,0.9999233484268188,I-ORG,6.211578875081614e-05,I-MISC,7.798970727890264e-06
0,CD,I-NP,O,O,0.9999549388885498,O,0.9999549388885498,I-ORG,2.745596611930523e-05,I-MISC,1.5039248864923138e-05
299,CD,I-NP,O,O,0.9997163414955139,O,0.9997163414955139,I-MISC,0.00015698761853855103,I-ORG,0.00011707702651619911
211,CD,I-NP,O,O,0.9999010562896729,O,0.9999010562896729,I-MISC,5.394482650444843e-05,I-ORG,4.169634485151619e-05
