0,1,2,3,predictions,confidence,pred_1,pred_1_confidence,pred_2,pred_2_confidence,pred_3,pred_3_confidence
JACKSONVILLE,JJ,B-NP,B-ORG,B-ORG,0.8798255920410156,B-ORG,0.8798255920410156,I-ORG,0.07156848907470703,O,0.01647491380572319
6,CD,I-NP,O,O,0.9993007183074951,O,0.9993007183074951,I-ORG,0.0005823203828185797,B-ORG,6.601768836844712e-05
7,CD,I-NP,O,O,0.9988574981689453,O,0.9988574981689453,I-ORG,0.0009706852724775672,I-MISC,0.00010231962369289249
0,CD,I-NP,O,O,0.9999269247055054,O,0.9999269247055054,I-ORG,4.831347905565053e-05,I-MISC,2.108440276060719e-05
263,CD,I-NP,O,O,0.9998522996902466,O,0.9998522996902466,I-MISC,8.401528612012044e-05,I-ORG,6.0924146964680403e-05
288,CD,I-NP,O,O,0.9998030066490173,O,0.9998030066490173,I-MISC,9.947507351171225e-05,I-ORG,9.20790116651915e-05
