0,1,2,3,predictions,confidence,pred_1,pred_1_confidence,pred_2,pred_2_confidence,pred_3,pred_3_confidence
CINCINNATI,NNP,B-NP,B-ORG,B-ORG,0.9100680947303772,B-ORG,0.9100680947303772,I-ORG,0.06374107301235199,O,0.007485972251743078
5,CD,I-NP,O,O,0.9995736479759216,O,0.9995736479759216,I-ORG,0.0003501330502331257,B-ORG,5.012657857150771e-05
8,CD,I-NP,O,O,0.9985743761062622,O,0.9985743761062622,I-ORG,0.0011558420956134796,B-ORG,0.00014755620213691145
0,CD,I-NP,O,O,0.9999411106109619,O,0.9999411106109619,I-ORG,3.793144060182385e-05,I-MISC,1.772628638718743e-05
299,CD,I-NP,O,O,0.9994118213653564,O,0.9994118213653564,I-MISC,0.00030079999123699963,I-ORG,0.0002665466454345733
318,CD,I-NP,O,O,0.9998935461044312,O,0.9998935461044312,I-MISC,5.398373832576908e-05,I-ORG,4.9315072828903794e-05
