0,1,2,3,predictions,confidence,pred_1,pred_1_confidence,pred_2,pred_2_confidence,pred_3,pred_3_confidence
WESTERN,NNP,B-NP,O,O,0.3590644299983978,B-MISC,0.3590644299983978,O,0.3545672297477722,I-MISC,0.1621398776769638
DIVISION,NNP,I-NP,O,O,0.6793131828308105,O,0.6793131828308105,B-MISC,0.20925907790660858,I-MISC,0.07455659657716751
W,NNP,B-NP,O,O,0.9928665161132812,O,0.9928665161132812,B-ORG,0.002332423347979784,I-MISC,0.001956793712452054
L,NNP,I-NP,O,O,0.9818325042724609,O,0.9818325042724609,B-ORG,0.009521357715129852,I-MISC,0.0031403193715959787
T,NNP,I-NP,O,O,0.9686472415924072,O,0.9686472415924072,B-ORG,0.015238617546856403,I-ORG,0.00572587177157402
PF,NNP,I-NP,O,O,0.866174042224884,O,0.866174042224884,B-ORG,0.04788549616932869,I-MISC,0.03191911801695824
PA,NNP,I-NP,O,O,0.42081090807914734,O,0.42081090807914734,B-ORG,0.18458291888237,I-MISC,0.11835083365440369
