0,1,2,3,predictions,confidence,pred_1,pred_1_confidence,pred_2,pred_2_confidence,pred_3,pred_3_confidence
KANSAS,NNP,B-NP,B-ORG,B-ORG,0.89962238073349,B-ORG,0.89962238073349,I-ORG,0.07455597817897797,B-LOC,0.010058039799332619
CITY,NNP,I-NP,I-ORG,I-ORG,0.8744093775749207,B-ORG,0.8744093775749207,I-ORG,0.10822707414627075,I-MISC,0.00838229339569807
9,CD,I-NP,O,O,0.8958300352096558,O,0.8958300352096558,I-ORG,0.06503854691982269,B-ORG,0.03523094207048416
4,CD,I-NP,O,O,0.9996925592422485,O,0.9996925592422485,I-ORG,0.0002615311532281339,I-MISC,2.4739876607782207e-05
0,CD,I-NP,O,O,0.9998965263366699,O,0.9998965263366699,I-ORG,7.470040145562962e-05,I-MISC,2.305657835677266e-05
262,CD,I-NP,O,O,0.9998615980148315,O,0.9998615980148315,I-ORG,7.935152825666592e-05,I-MISC,5.727939060307108e-05
230,CD,I-NP,O,O,0.9999659061431885,O,0.9999659061431885,I-ORG,1.7034626580425538e-05,I-MISC,1.656620042922441e-05
