0,1,2,3,predictions,confidence,pred_1,pred_1_confidence,pred_2,pred_2_confidence,pred_3,pred_3_confidence
SAN,NNP,B-NP,B-ORG,B-ORG,0.7654039263725281,B-ORG,0.7654039263725281,I-ORG,0.08607267588376999,B-LOC,0.07865779846906662
DIEGO,NNP,I-NP,I-ORG,I-ORG,0.8384617567062378,B-ORG,0.8384617567062378,I-ORG,0.1130409687757492,I-MISC,0.018944324925541878
7,CD,I-NP,O,O,0.985473096370697,O,0.985473096370697,I-ORG,0.012762530706822872,I-MISC,0.0010235733352601528
6,CD,I-NP,O,O,0.9952691197395325,O,0.9952691197395325,I-ORG,0.004129147157073021,I-MISC,0.00040720734978094697
0,CD,I-NP,O,O,0.9998005032539368,O,0.9998005032539368,I-ORG,0.00012444471940398216,I-MISC,6.704799307044595e-05
277,CD,I-NP,O,O,0.9992983341217041,O,0.9992983341217041,I-MISC,0.00036079081473872066,I-ORG,0.0003160987398587167
323,CD,I-NP,O,O,0.9994620680809021,O,0.9994620680809021,I-ORG,0.00033289322163909674,I-MISC,0.0001951458107214421
