0,1,2,3,predictions,confidence,pred_1,pred_1_confidence,pred_2,pred_2_confidence,pred_3,pred_3_confidence
SEATTLE,NNP,B-NP,B-ORG,B-ORG,0.8825539350509644,B-ORG,0.8825539350509644,I-ORG,0.06585115194320679,O,0.03260898217558861
5,CD,I-NP,O,O,0.9995736479759216,O,0.9995736479759216,I-ORG,0.0003501330502331257,B-ORG,5.012657857150771e-05
8,CD,I-NP,O,O,0.9985743761062622,O,0.9985743761062622,I-ORG,0.0011558420956134796,B-ORG,0.00014755620213691145
0,CD,I-NP,O,O,0.9999411106109619,O,0.9999411106109619,I-ORG,3.793144060182385e-05,I-MISC,1.772628638718743e-05
250,CD,I-NP,O,O,0.9996287822723389,O,0.9996287822723389,I-MISC,0.00020223773026373237,I-ORG,0.000158774244482629
317,CD,I-NP,O,O,0.9999089241027832,O,0.9999089241027832,I-MISC,4.6501631004503e-05,I-ORG,4.203950084047392e-05
