0,1,2,3,predictions,confidence,pred_1,pred_1_confidence,pred_2,pred_2_confidence,pred_3,pred_3_confidence
NATIONAL,NNP,B-NP,O,B-ORG,0.4557760953903198,B-ORG,0.4557760953903198,B-MISC,0.12012068927288055,B-LOC,0.11625625938177109
FOOTBALL,NNP,I-NP,O,I-ORG,0.2929557263851166,B-LOC,0.2929557263851166,B-ORG,0.2735234200954437,I-MISC,0.13102906942367554
CONFERENCE,NNP,I-NP,O,I-ORG,0.26821601390838623,B-LOC,0.26821601390838623,B-ORG,0.2030084729194641,I-MISC,0.19081051647663116
