0,1,2,3,predictions,confidence,pred_1,pred_1_confidence,pred_2,pred_2_confidence,pred_3,pred_3_confidence
DALLAS,NNP,B-NP,B-ORG,B-ORG,0.8988270163536072,B-ORG,0.8988270163536072,I-ORG,0.05127325281500816,O,0.020132480189204216
8,CD,I-NP,O,O,0.9986745119094849,O,0.9986745119094849,I-ORG,0.0010454051662236452,B-ORG,0.00015697274648118764
5,CD,I-NP,O,O,0.9998481273651123,O,0.9998481273651123,I-ORG,0.00011759962944779545,I-MISC,2.5316016035503708e-05
0,CD,I-NP,O,O,0.9999744892120361,O,0.9999744892120361,I-MISC,1.3733025298279244e-05,I-ORG,1.0109644790645689e-05
254,CD,I-NP,O,O,0.999881386756897,O,0.999881386756897,I-MISC,7.899836055003107e-05,I-ORG,2.8783591915271245e-05
201,CD,I-NP,O,O,0.999710738658905,O,0.999710738658905,I-MISC,0.00016418966697528958,I-ORG,0.00010723897867137566
