0,1,2,3,predictions,confidence,pred_1,pred_1_confidence,pred_2,pred_2_confidence,pred_3,pred_3_confidence
PHILADELPHIA,NNP,B-NP,B-ORG,B-ORG,0.9328427314758301,B-ORG,0.9328427314758301,I-ORG,0.05850475654006004,I-MISC,0.0025145697873085737
8,CD,I-NP,O,O,0.9867169857025146,O,0.9867169857025146,I-ORG,0.010926882736384869,B-ORG,0.0016746055334806442
6,CD,I-NP,O,O,0.9980592131614685,O,0.9980592131614685,I-ORG,0.001680839224718511,I-MISC,0.00013977268827147782
0,CD,I-NP,O,O,0.9998917579650879,O,0.9998917579650879,I-ORG,7.196552905952558e-05,I-MISC,3.0872801289660856e-05
313,CD,I-NP,O,O,0.9997643828392029,O,0.9997643828392029,I-MISC,0.00011955595982726663,I-ORG,0.0001102900059777312
302,CD,B-NP,O,O,0.9998082518577576,O,0.9998082518577576,I-MISC,9.875457908492535e-05,I-ORG,8.844758121995255e-05
