0,1,2,3,predictions,confidence,pred_1,pred_1_confidence,pred_2,pred_2_confidence,pred_3,pred_3_confidence
ARIZONA,VBG,B-VP,B-ORG,B-ORG,0.929277777671814,B-ORG,0.929277777671814,I-ORG,0.04725123941898346,B-LOC,0.01119621004909277
6,CD,B-NP,O,O,0.999096155166626,O,0.999096155166626,I-ORG,0.000758259673602879,B-ORG,9.135664731729776e-05
7,CD,I-NP,O,O,0.9983208775520325,O,0.9983208775520325,I-ORG,0.001452404772862792,I-MISC,0.00011457304208306596
0,CD,I-NP,O,O,0.9998558759689331,O,0.9998558759689331,I-ORG,0.00010682631545932963,I-MISC,2.8958271286683157e-05
248,CD,I-NP,O,O,0.9995303153991699,O,0.9995303153991699,I-ORG,0.00029268316575326025,I-MISC,0.0001689423806965351
332,CD,I-NP,O,O,0.9998750686645508,O,0.9998750686645508,I-ORG,6.15356839261949e-05,I-MISC,6.029100404703058e-05
