0,1,2,3,predictions,confidence,pred_1,pred_1_confidence,pred_2,pred_2_confidence,pred_3,pred_3_confidence
Y-GREEN,NNP,B-NP,B-MISC,B-ORG,0.8013638854026794,B-ORG,0.8013638854026794,I-ORG,0.07268788665533066,O,0.06828828155994415
BAY,NNP,I-NP,I-MISC,I-ORG,0.898560643196106,B-ORG,0.898560643196106,I-ORG,0.06622450798749924,O,0.01992655172944069
10,CD,I-NP,O,O,0.9991114735603333,O,0.9991114735603333,I-ORG,0.0007624211139045656,B-ORG,6.942768231965601e-05
3,CD,I-NP,O,O,0.9998577833175659,O,0.9998577833175659,I-ORG,0.00011683869524858892,I-MISC,1.3452264283841942e-05
0,CD,I-NP,O,O,0.9999455213546753,O,0.9999455213546753,I-ORG,3.444847243372351e-05,I-MISC,1.6956495528575033e-05
346,CD,I-NP,O,O,0.9998936653137207,O,0.9998936653137207,I-MISC,5.48817879462149e-05,I-ORG,4.905582682113163e-05
191,CD,I-NP,O,O,0.9988806843757629,O,0.9988806843757629,I-MISC,0.0005775949684903026,I-ORG,0.00046506538637913764
