0,1,2,3,predictions,confidence,pred_1,pred_1_confidence,pred_2,pred_2_confidence,pred_3,pred_3_confidence
MINNESOTA,NNP,B-NP,B-ORG,B-ORG,0.9207729697227478,B-ORG,0.9207729697227478,I-ORG,0.05376429855823517,B-LOC,0.011696510948240757
7,CD,I-NP,O,O,0.9984965324401855,O,0.9984965324401855,I-ORG,0.0012666437542065978,B-ORG,0.00015257345512509346
6,CD,I-NP,O,O,0.9985380172729492,O,0.9985380172729492,I-ORG,0.0012711448362097144,B-ORG,0.00010270094935549423
0,CD,I-NP,O,O,0.9998108744621277,O,0.9998108744621277,I-ORG,0.00014692651166114956,I-MISC,2.982503065140918e-05
243,CD,I-NP,O,O,0.9995893836021423,O,0.9995893836021423,I-ORG,0.0003032639215234667,I-MISC,0.00010170263703912497
245,CD,I-NP,O,O,0.9996589422225952,O,0.9996589422225952,I-ORG,0.0002344199747312814,I-MISC,0.00010151541937375441
