0,1,2,3,predictions,confidence,pred_1,pred_1_confidence,pred_2,pred_2_confidence,pred_3,pred_3_confidence
CHICAGO,NNP,B-NP,B-ORG,B-ORG,0.9202014803886414,B-ORG,0.9202014803886414,I-ORG,0.055442001670598984,B-LOC,0.010717748664319515
5,CD,I-NP,O,O,0.9992584586143494,O,0.9992584586143494,I-ORG,0.0006032802630215883,B-ORG,0.00010009865945903584
8,CD,I-NP,O,O,0.9984868764877319,O,0.9984868764877319,I-ORG,0.0012157332384958863,B-ORG,0.00018733111210167408
0,CD,I-NP,O,O,0.9999090433120728,O,0.9999090433120728,I-ORG,6.313844642136246e-05,I-MISC,2.2088916011853144e-05
202,CD,I-NP,O,O,0.9996138215065002,O,0.9996138215065002,I-ORG,0.00022981478832662106,I-MISC,0.00014839443610981107
248,CD,I-NP,O,O,0.9996154308319092,O,0.9996154308319092,I-ORG,0.00023557648819405586,I-MISC,0.00014141513383947313
