0,1,2,3,predictions,confidence,pred_1,pred_1_confidence,pred_2,pred_2_confidence,pred_3,pred_3_confidence
TAMPA,NNP,B-NP,B-ORG,B-ORG,0.9358358383178711,B-ORG,0.9358358383178711,I-ORG,0.04193497449159622,B-LOC,0.0075345467776060104
BAY,NNP,I-NP,I-ORG,I-ORG,0.9279503226280212,B-ORG,0.9279503226280212,I-ORG,0.056113723665475845,O,0.010817646980285645
4,CD,I-NP,O,O,0.9998708963394165,O,0.9998708963394165,I-ORG,0.0001055304819601588,B-ORG,1.5069396795297507e-05
9,CD,I-NP,O,O,0.9938785433769226,O,0.9938785433769226,I-ORG,0.0034032936673611403,B-ORG,0.002206064062193036
0,CD,I-NP,O,O,0.9999499320983887,O,0.9999499320983887,I-ORG,3.057761932723224e-05,I-MISC,1.6652120393700898e-05
153,CD,I-NP,O,O,0.9994344115257263,O,0.9994344115257263,I-MISC,0.0003162340435665101,I-ORG,0.0002261398476548493
243,CD,I-NP,O,O,0.9999459981918335,O,0.9999459981918335,I-MISC,3.0005929147591814e-05,I-ORG,2.258786298625637e-05
