0,1,2,3,predictions,confidence,pred_1,pred_1_confidence,pred_2,pred_2_confidence,pred_3,pred_3_confidence
SAN,NNP,B-NP,B-ORG,B-ORG,0.8045269846916199,B-ORG,0.8045269846916199,I-ORG,0.08569863438606262,B-LOC,0.0517289862036705
FRANCISCO,NNP,I-NP,I-ORG,I-ORG,0.8102205395698547,B-ORG,0.8102205395698547,I-ORG,0.13799317181110382,I-MISC,0.021733377128839493
10,CD,I-NP,O,O,0.9912527203559875,O,0.9912527203559875,I-ORG,0.0077904630452394485,I-MISC,0.0005214452976360917
3,CD,I-NP,O,O,0.9994732737541199,O,0.9994732737541199,I-ORG,0.00044777136645279825,I-MISC,4.622977940016426e-05
0,CD,I-NP,O,O,0.9999178647994995,O,0.9999178647994995,I-ORG,5.4804975661681965e-05,I-MISC,2.3417489501298405e-05
325,CD,I-NP,O,O,0.9999550580978394,O,0.9999550580978394,I-MISC,2.5976500182878226e-05,I-ORG,1.8215308955404907e-05
198,CD,I-NP,O,O,0.9989063739776611,O,0.9989063739776611,I-MISC,0.0005786154652014375,I-ORG,0.0004550654848571867
