0,1,2,3,predictions,confidence,pred_1,pred_1_confidence,pred_2,pred_2_confidence,pred_3,pred_3_confidence
CAROLINA,VBG,B-VP,B-ORG,B-ORG,0.9397159218788147,B-ORG,0.9397159218788147,I-ORG,0.048096198588609695,B-LOC,0.003717154962942004
9,CD,B-NP,O,O,0.9820607900619507,O,0.9820607900619507,I-ORG,0.008990731090307236,B-ORG,0.00829673744738102
4,CD,I-NP,O,O,0.9999107122421265,O,0.9999107122421265,I-ORG,7.254676893353462e-05,I-MISC,8.672172043588944e-06
0,CD,I-NP,O,O,0.9999371767044067,O,0.9999371767044067,I-ORG,3.999330147053115e-05,I-MISC,1.9167760910931975e-05
292,CD,I-NP,O,O,0.9998052716255188,O,0.9998052716255188,I-ORG,9.855398093350232e-05,I-MISC,9.068313374882564e-05
164,CD,I-NP,O,O,0.9981156587600708,O,0.9981156587600708,I-ORG,0.0009579738834872842,I-MISC,0.0008346489630639553
