0,1,2,3,predictions,confidence,pred_1,pred_1_confidence,pred_2,pred_2_confidence,pred_3,pred_3_confidence
ST,PRP,B-NP,B-ORG,B-ORG,0.9079546928405762,B-ORG,0.9079546928405762,I-ORG,0.07497519254684448,I-MISC,0.0046492149122059345
LOUIS,VBZ,B-VP,I-ORG,I-ORG,0.9414932727813721,B-ORG,0.9414932727813721,I-ORG,0.05145870894193649,I-MISC,0.002732395427301526
4,CD,B-NP,O,O,0.9991675615310669,O,0.9991675615310669,I-ORG,0.0006927445065230131,B-ORG,9.50802568695508e-05
9,CD,I-NP,O,O,0.9914819002151489,O,0.9914819002151489,I-ORG,0.00485837971791625,B-ORG,0.003017689334228635
0,CD,I-NP,O,O,0.999946117401123,O,0.999946117401123,I-ORG,3.477978680166416e-05,I-MISC,1.6221340047195554e-05
246,CD,I-NP,O,O,0.999933123588562,O,0.999933123588562,I-MISC,4.120682206121273e-05,I-ORG,2.4352495529456064e-05
334,CD,I-NP,O,O,0.9999369382858276,O,0.9999369382858276,I-MISC,3.573990397853777e-05,I-ORG,2.6064939447678626e-05
