0,1,2,3,predictions,confidence,pred_1,pred_1_confidence,pred_2,pred_2_confidence,pred_3,pred_3_confidence
ATLANTA,NNP,B-NP,B-ORG,B-ORG,0.9400216937065125,B-ORG,0.9400216937065125,I-ORG,0.05147065967321396,B-LOC,0.002787502482533455
2,CD,I-NP,O,O,0.9989836812019348,O,0.9989836812019348,I-ORG,0.0008210391970351338,B-ORG,0.0001375857536913827
11,CD,I-NP,O,O,0.9970287680625916,O,0.9970287680625916,I-ORG,0.0025191986933350563,B-ORG,0.00022663512208964676
0,CD,I-NP,O,O,0.9999313354492188,O,0.9999313354492188,I-ORG,4.610999530996196e-05,I-MISC,1.83171850949293e-05
234,CD,I-NP,O,O,0.9998388290405273,O,0.9998388290405273,I-MISC,7.938589988043532e-05,I-ORG,7.783811452100053e-05
393,CD,I-NP,O,O,0.9998588562011719,O,0.9998588562011719,I-MISC,6.998656317591667e-05,I-ORG,6.646561087109149e-05
