0,1,2,3,predictions,confidence,pred_1,pred_1_confidence,pred_2,pred_2_confidence,pred_3,pred_3_confidence
NEW,JJ,B-NP,B-ORG,B-ORG,0.8919975161552429,B-ORG,0.8919975161552429,I-ORG,0.05458631366491318,O,0.022541584447026253
ORLEANS,NNS,I-NP,I-ORG,I-ORG,0.9295179843902588,B-ORG,0.9295179843902588,I-ORG,0.05279245972633362,O,0.007997352629899979
2,CD,I-NP,O,O,0.9997434020042419,O,0.9997434020042419,I-ORG,0.00020868773572146893,B-ORG,2.93367265840061e-05
11,CD,I-NP,O,O,0.9972746968269348,O,0.9972746968269348,I-ORG,0.002321436535567045,I-MISC,0.00023878947831690311
0,CD,I-NP,O,O,0.9999459981918335,O,0.9999459981918335,I-ORG,3.4602449886733666e-05,I-MISC,1.6454552678624168e-05
184,CD,I-NP,O,O,0.9990414977073669,O,0.9990414977073669,I-MISC,0.0005198901635594666,I-ORG,0.00039381824899464846
291,CD,I-NP,O,O,0.9998212456703186,O,0.9998212456703186,I-MISC,9.651161235524341e-05,I-ORG,7.588580047013238e-05
