0,1,2,3,predictions,confidence,pred_1,pred_1_confidence,pred_2,pred_2_confidence,pred_3,pred_3_confidence
X,NN,B-NP,O,O,0.9674792289733887,O,0.9674792289733887,B-MISC,0.019022982567548752,I-MISC,0.009387302212417126
--,:,O,O,O,0.9999899864196777,O,0.9999899864196777,I-MISC,8.74006400408689e-06,I-ORG,6.484539767370734e-07
CLINCHED,VBN,B-VP,O,O,0.34674352407455444,O,0.34674352407455444,B-MISC,0.2841700613498688,I-MISC,0.2832809090614319
DIVISION,NNP,B-NP,O,O,0.5697025656700134,O,0.5697025656700134,B-MISC,0.27221328020095825,I-MISC,0.12459666281938553
TITLE,NNP,I-NP,O,O,0.9509555697441101,O,0.9509555697441101,I-MISC,0.018526580184698105,B-ORG,0.013249308802187443
