0,1,2,3,predictions,confidence,pred_1,pred_1_confidence,pred_2,pred_2_confidence,pred_3,pred_3_confidence
SUNDAY,NNP,B-NP,O,O,0.7351145148277283,O,0.7351145148277283,B-ORG,0.14701667428016663,I-MISC,0.03575114160776138
",",",",O,O,O,0.9998679161071777,O,0.9998679161071777,I-ORG,7.26909565855749e-05,I-MISC,5.157044142833911e-05
DECEMBER,NN,B-NP,O,O,0.5807607173919678,B-ORG,0.5807607173919678,O,0.24013148248195648,I-ORG,0.0802188590168953
8,CD,I-NP,O,O,0.999671220779419,O,0.999671220779419,I-ORG,0.00018132822879124433,I-MISC,0.00012014221283607185
