0,1,2,3,predictions,confidence,pred_1,pred_1_confidence,pred_2,pred_2_confidence,pred_3,pred_3_confidence
ST,NNP,B-NP,B-ORG,B-ORG,0.833860456943512,B-ORG,0.833860456943512,I-ORG,0.09898414462804794,I-LOC,0.015266599133610725
LOUIS,NNP,I-NP,I-ORG,I-ORG,0.875255286693573,B-ORG,0.875255286693573,I-ORG,0.07721494883298874,B-LOC,0.014516644179821014
AT,NNP,I-NP,O,O,0.871697723865509,O,0.871697723865509,B-ORG,0.0808461457490921,I-ORG,0.025646422058343887
CHICAGO,NNP,I-NP,B-LOC,B-LOC,0.6389038562774658,B-LOC,0.6389038562774658,I-LOC,0.1095133051276207,B-ORG,0.09567471593618393
