0,1,2,3,predictions,confidence,pred_1,pred_1_confidence,pred_2,pred_2_confidence,pred_3,pred_3_confidence
JACKSONVILLE,NNP,B-NP,B-ORG,B-ORG,0.8061882257461548,B-ORG,0.8061882257461548,I-ORG,0.08738281577825546,O,0.053254030644893646
AT,NNP,I-NP,O,O,0.972307562828064,O,0.972307562828064,B-ORG,0.019142676144838333,I-ORG,0.004567364230751991
HOUSTON,NNP,I-NP,B-LOC,B-LOC,0.32946255803108215,B-LOC,0.32946255803108215,B-ORG,0.23208671808242798,I-MISC,0.13759858906269073
