0,1,2,3,predictions,confidence,pred_1,pred_1_confidence,pred_2,pred_2_confidence,pred_3,pred_3_confidence
NY,NNP,B-NP,B-ORG,B-ORG,0.7187610268592834,B-ORG,0.7187610268592834,I-ORG,0.09324590861797333,O,0.08710671216249466
GIANTS,NNP,I-NP,I-ORG,I-ORG,0.8156961798667908,B-ORG,0.8156961798667908,I-ORG,0.08298516273498535,O,0.0641975998878479
AT,NNP,I-NP,O,O,0.9675784111022949,O,0.9675784111022949,B-ORG,0.02175060287117958,I-ORG,0.00579975126311183
MIAMI,NNP,I-NP,B-LOC,B-LOC,0.30651265382766724,B-ORG,0.30651265382766724,B-LOC,0.22797182202339172,I-MISC,0.15679264068603516
