0,1,2,3,predictions,confidence,pred_1,pred_1_confidence,pred_2,pred_2_confidence,pred_3,pred_3_confidence
ATLANTA,NNP,B-NP,B-ORG,B-ORG,0.9039100408554077,B-ORG,0.9039100408554077,I-ORG,0.06900791823863983,B-LOC,0.008319584652781487
AT,NNP,I-NP,O,O,0.9305486083030701,O,0.9305486083030701,B-ORG,0.04832696542143822,I-ORG,0.012359620071947575
NEW,JJ,I-NP,B-LOC,B-ORG,0.349083811044693,B-ORG,0.349083811044693,I-MISC,0.1663457304239273,I-ORG,0.1378260850906372
ORLEANS,NNS,I-NP,I-LOC,I-ORG,0.2726348042488098,B-LOC,0.2726348042488098,B-ORG,0.26451584696769714,I-MISC,0.16090935468673706
