0,1,2,3,predictions,confidence,pred_1,pred_1_confidence,pred_2,pred_2_confidence,pred_3,pred_3_confidence
SAN,NNP,B-NP,B-ORG,B-ORG,0.7237670421600342,B-ORG,0.7237670421600342,I-ORG,0.09191156178712845,B-LOC,0.08839190006256104
DIEGO,NNP,I-NP,I-ORG,I-ORG,0.8015676140785217,B-ORG,0.8015676140785217,I-ORG,0.1330704391002655,I-MISC,0.033711936324834824
AT,NNP,I-NP,O,O,0.9100302457809448,O,0.9100302457809448,B-ORG,0.052080102264881134,I-ORG,0.022014642134308815
PITTSBURGH,NNP,I-NP,B-LOC,B-LOC,0.2600478529930115,B-LOC,0.2600478529930115,I-MISC,0.2207248955965042,B-ORG,0.15718908607959747
