0,1,2,3,predictions,confidence,pred_1,pred_1_confidence,pred_2,pred_2_confidence,pred_3,pred_3_confidence
WASHINGTON,NNP,B-NP,B-ORG,B-LOC,0.7744452357292175,B-LOC,0.7744452357292175,B-ORG,0.08208520710468292,B-PER,0.06189136207103729
AT,NNP,I-NP,O,O,0.9730367064476013,O,0.9730367064476013,B-ORG,0.019701261073350906,I-ORG,0.003970296122133732
TAMPA,NNP,I-NP,B-LOC,B-ORG,0.357992947101593,B-ORG,0.357992947101593,B-LOC,0.2230253666639328,I-MISC,0.11100632697343826
BAY,NNP,I-NP,I-LOC,I-ORG,0.324746698141098,B-ORG,0.324746698141098,I-MISC,0.17553766071796417,I-ORG,0.1427038609981537
