0,1,2,3,predictions,confidence,pred_1,pred_1_confidence,pred_2,pred_2_confidence,pred_3,pred_3_confidence
DALLAS,NNP,B-NP,B-ORG,B-ORG,0.8801365494728088,B-ORG,0.8801365494728088,I-ORG,0.057268667966127396,O,0.03230315074324608
AT,NNP,I-NP,O,O,0.972307562828064,O,0.972307562828064,B-ORG,0.019142676144838333,I-ORG,0.004567364230751991
ARIZONA,NNP,I-NP,B-LOC,B-LOC,0.38408610224723816,B-LOC,0.38408610224723816,B-ORG,0.22513481974601746,B-MISC,0.11884395033121109
