0,1,2,3,predictions,confidence,pred_1,pred_1_confidence,pred_2,pred_2_confidence,pred_3,pred_3_confidence
NY,NNP,B-NP,B-ORG,B-ORG,0.7241759896278381,B-ORG,0.7241759896278381,I-ORG,0.09380459040403366,O,0.07661376148462296
JETS,NNP,I-NP,I-ORG,I-ORG,0.796264111995697,B-ORG,0.796264111995697,O,0.09985929727554321,I-ORG,0.07025548070669174
AT,NNP,I-NP,O,O,0.969735860824585,O,0.969735860824585,B-ORG,0.020812800154089928,I-ORG,0.005252315662801266
NEW,JJ,I-NP,B-LOC,B-ORG,0.34423986077308655,B-ORG,0.34423986077308655,I-MISC,0.1774568110704422,I-ORG,0.13545703887939453
ENGLAND,NNP,I-NP,I-LOC,I-ORG,0.3277456760406494,B-LOC,0.3277456760406494,B-ORG,0.23774699866771698,I-MISC,0.1409991830587387
