0,1,2,3,predictions,confidence,pred_1,pred_1_confidence,pred_2,pred_2_confidence,pred_3,pred_3_confidence
CAROLINA,NNP,B-NP,B-ORG,B-ORG,0.8654550313949585,B-ORG,0.8654550313949585,I-ORG,0.07183220982551575,B-LOC,0.01922478713095188
AT,NNP,I-NP,O,O,0.957986056804657,O,0.957986056804657,B-ORG,0.027846071869134903,I-ORG,0.006898992229253054
SAN,NNP,I-NP,B-LOC,B-LOC,0.3914555311203003,B-LOC,0.3914555311203003,B-ORG,0.2363504022359848,I-LOC,0.11744540184736252
FRANCISCO,NNPS,I-NP,I-LOC,I-LOC,0.28952956199645996,B-LOC,0.28952956199645996,I-MISC,0.19662001729011536,B-ORG,0.16186223924160004
