0,1,2,3,predictions,confidence,pred_1,pred_1_confidence,pred_2,pred_2_confidence,pred_3,pred_3_confidence
MINNESOTA,NNP,B-NP,B-ORG,B-ORG,0.8752260208129883,B-ORG,0.8752260208129883,I-ORG,0.071395643055439,B-LOC,0.01411605067551136
AT,NNP,I-NP,O,O,0.9572011232376099,O,0.9572011232376099,B-ORG,0.029586901888251305,I-ORG,0.007033597212284803
DETROIT,NNP,I-NP,B-LOC,B-LOC,0.42440265417099,B-LOC,0.42440265417099,B-ORG,0.1566840559244156,I-MISC,0.13112109899520874
