0,1,2,3,predictions,confidence,pred_1,pred_1_confidence,pred_2,pred_2_confidence,pred_3,pred_3_confidence
MONDAY,NNP,B-NP,O,O,0.8322674036026001,O,0.8322674036026001,B-ORG,0.09235896170139313,I-MISC,0.02519536018371582
",",",",O,O,O,0.9998636245727539,O,0.9998636245727539,I-ORG,6.61827580188401e-05,I-MISC,6.182645302033052e-05
DECEMBER,NN,B-NP,O,O,0.48175981640815735,B-ORG,0.48175981640815735,O,0.2737015187740326,I-ORG,0.08387856930494308
9,CD,I-NP,O,O,0.99809330701828,O,0.99809330701828,I-ORG,0.0007237468962557614,I-MISC,0.000667889486066997
