0,1,2,3,predictions,confidence,pred_1,pred_1_confidence,pred_2,pred_2_confidence,pred_3,pred_3_confidence
KANSAS,NNP,B-NP,B-ORG,B-ORG,0.8841403722763062,B-ORG,0.8841403722763062,I-ORG,0.08063614368438721,B-LOC,0.013591069728136063
CITY,NNP,I-NP,I-ORG,I-ORG,0.8463947176933289,B-ORG,0.8463947176933289,I-ORG,0.12555333971977234,I-MISC,0.01350985188037157
AT,NNP,I-NP,O,O,0.8171474933624268,O,0.8171474933624268,B-ORG,0.13407033681869507,I-ORG,0.038238391280174255
OAKLAND,NNP,I-NP,B-LOC,B-ORG,0.5819786190986633,B-ORG,0.5819786190986633,I-ORG,0.1924794465303421,I-MISC,0.08770217001438141
