0,1,2,3,predictions,confidence,pred_1,pred_1_confidence,pred_2,pred_2_confidence,pred_3,pred_3_confidence
NFL,NNP,B-NP,B-ORG,O,0.42066624760627747,O,0.42066624760627747,B-ORG,0.19182996451854706,B-MISC,0.15687809884548187
AMERICAN,NNP,I-NP,O,B-MISC,0.47035476565361023,B-MISC,0.47035476565361023,I-MISC,0.24057462811470032,B-ORG,0.114632748067379
FOOTBALL-THURSDAY,NNP,I-NP,O,I-MISC,0.41775786876678467,I-MISC,0.41775786876678467,B-MISC,0.26221972703933716,O,0.10485293716192245
'S,POS,B-NP,O,O,0.8955972194671631,O,0.8955972194671631,I-MISC,0.05554432421922684,B-MISC,0.033694248646497726
RESULT,NNP,I-NP,O,O,0.9535457491874695,O,0.9535457491874695,I-MISC,0.020406212657690048,B-MISC,0.012069130316376686
.,.,O,O,O,0.9999268054962158,O,0.9999268054962158,I-MISC,4.6602217480540276e-05,I-ORG,2.170768493670039e-05
