0,1,2,3,predictions,confidence,pred_1,pred_1_confidence,pred_2,pred_2_confidence,pred_3,pred_3_confidence
NEW,NNP,B-NP,B-LOC,B-LOC,0.6011834144592285,B-LOC,0.6011834144592285,B-ORG,0.1683693379163742,B-PER,0.06634621322154999
YORK,NNP,I-NP,I-LOC,I-LOC,0.38653600215911865,B-LOC,0.38653600215911865,I-LOC,0.23411372303962708,B-ORG,0.1903589367866516
1996-12-05,CD,I-NP,O,O,0.9946133494377136,O,0.9946133494377136,I-ORG,0.0032118619419634342,I-MISC,0.0016517285257577896
