0,1,2,3,predictions,confidence,pred_1,pred_1_confidence,pred_2,pred_2_confidence,pred_3,pred_3_confidence
Result,NN,B-NP,O,O,0.9631792902946472,O,0.9631792902946472,B-ORG,0.013512345030903816,B-PER,0.00717046856880188
of,IN,B-PP,O,O,0.9743990302085876,O,0.9743990302085876,I-ORG,0.013034509494900703,I-MISC,0.010757866315543652
National,NNP,B-NP,B-ORG,B-ORG,0.287551611661911,I-ORG,0.287551611661911,B-ORG,0.21404360234737396,B-MISC,0.1521952599287033
Football,NNP,I-NP,B-LOC,I-ORG,0.3026027977466583,I-ORG,0.3026027977466583,B-ORG,0.2290394902229309,B-MISC,0.09848853200674057
