0,1,2,3,predictions,confidence,pred_1,pred_1_confidence,pred_2,pred_2_confidence,pred_3,pred_3_confidence
INDIANAPOLIS,NNP,B-NP,B-ORG,B-ORG,0.7202754616737366,B-ORG,0.7202754616737366,I-ORG,0.08945805579423904,O,0.058662861585617065
37,CD,I-NP,O,O,0.9999271631240845,O,0.9999271631240845,I-ORG,5.2258117648307234e-05,I-MISC,1.887794496724382e-05
Philadelphia,NNP,I-NP,B-ORG,B-ORG,0.43341049551963806,B-ORG,0.43341049551963806,I-ORG,0.2917206585407257,O,0.07781022787094116
10,CD,I-NP,O,O,0.9996614456176758,O,0.9996614456176758,I-ORG,0.00017728809325490147,I-MISC,0.00014718291640747339
