0,1,2,3,predictions,confidence,pred_1,pred_1_confidence,pred_2,pred_2_confidence,pred_3,pred_3_confidence
SOCCER,NN,B-NP,O,O,0.7004671096801758,O,0.7004671096801758,B-MISC,0.1033322811126709,I-MISC,0.09896586835384369
-,:,O,O,O,0.9996545314788818,O,0.9996545314788818,I-MISC,0.0002398224751232192,I-ORG,6.051668242434971e-05
DUTCH,VB,B-VP,B-MISC,O,0.4302738308906555,O,0.4302738308906555,B-MISC,0.29033681750297546,I-MISC,0.13283798098564148
FIRST,NNP,B-NP,O,O,0.8402278423309326,O,0.8402278423309326,B-MISC,0.07840088754892349,I-MISC,0.053469106554985046
DIVISION,NNP,I-NP,O,O,0.7678312063217163,O,0.7678312063217163,B-MISC,0.1703682839870453,I-MISC,0.04526301473379135
RESULTS,NNS,I-NP,O,O,0.9971274733543396,O,0.9971274733543396,I-MISC,0.0013446687953546643,B-MISC,0.001237232587300241
/,SYM,O,O,O,0.9992510676383972,O,0.9992510676383972,I-MISC,0.0004946625558659434,B-MISC,0.00018256700423080474
STANDINGS,NNS,B-NP,O,O,0.993395984172821,O,0.993395984172821,I-MISC,0.003309153951704502,B-MISC,0.0018974603153765202
.,.,O,O,O,0.9999921321868896,O,0.9999921321868896,I-MISC,5.443926056614146e-06,I-ORG,1.5797752439539181e-06
