0,1,2,3,predictions,confidence,pred_1,pred_1_confidence,pred_2,pred_2_confidence,pred_3,pred_3_confidence
AMSTERDAM,NN,B-NP,B-LOC,B-LOC,0.5801145434379578,B-LOC,0.5801145434379578,B-ORG,0.10183697938919067,B-PER,0.09969082474708557
1996-12-06,CD,I-NP,O,O,0.9998276233673096,O,0.9998276233673096,I-MISC,8.032844198169187e-05,I-ORG,6.677758210571483e-05
Result,NN,B-NP,O,O,0.9776843786239624,O,0.9776843786239624,B-ORG,0.006309942342340946,I-MISC,0.004198343958705664
of,IN,B-PP,O,O,0.976169228553772,O,0.976169228553772,I-MISC,0.011562848463654518,I-ORG,0.010797111317515373
Dutch,JJ,B-NP,B-MISC,B-MISC,0.35461363196372986,B-MISC,0.35461363196372986,I-MISC,0.1985619068145752,I-ORG,0.18334074318408966
first,JJ,I-NP,O,O,0.9997069239616394,O,0.9997069239616394,I-ORG,0.0001480475184507668,I-MISC,0.00013400093303062022
division,NN,I-NP,O,O,0.9911532998085022,O,0.9911532998085022,I-ORG,0.0047378577291965485,I-MISC,0.0030908931512385607
