0,1,2,3,predictions,confidence,pred_1,pred_1_confidence,pred_2,pred_2_confidence,pred_3,pred_3_confidence
soccer,NN,B-NP,O,O,0.9999932050704956,O,0.9999932050704956,I-MISC,5.040642008680152e-06,B-MISC,9.255782060790807e-07
match,NN,I-NP,O,O,0.9999798536300659,O,0.9999798536300659,I-MISC,1.4603187082684599e-05,B-MISC,4.0860395529307425e-06
played,VBD,B-VP,O,O,0.9999958276748657,O,0.9999958276748657,I-MISC,3.012580236827489e-06,B-MISC,5.525044457499462e-07
on,IN,B-PP,O,O,0.9999576807022095,O,0.9999576807022095,I-MISC,2.6919395168079063e-05,B-PER,7.924279088911135e-06
Friday,NNP,B-NP,O,O,0.9980496168136597,O,0.9980496168136597,I-MISC,0.0007905498496256769,B-PER,0.0004458165494725108
:,:,O,O,O,0.999913215637207,O,0.999913215637207,I-MISC,6.744575512129813e-05,I-ORG,1.1082493983849417e-05
