0,1,2,3,predictions,confidence,pred_1,pred_1_confidence,pred_2,pred_2_confidence,pred_3,pred_3_confidence
RKC,NNP,B-NP,B-ORG,B-ORG,0.8902546763420105,B-ORG,0.8902546763420105,I-ORG,0.05360093340277672,I-MISC,0.01162890624254942
Waalwijk,NNP,I-NP,I-ORG,I-ORG,0.8490935564041138,B-ORG,0.8490935564041138,I-ORG,0.12436680495738983,B-MISC,0.006241433322429657
1,CD,I-NP,O,O,0.999247670173645,O,0.999247670173645,I-ORG,0.000516962434630841,B-ORG,0.00013808696530759335
Willem,NNP,I-NP,B-ORG,B-ORG,0.5962298512458801,B-ORG,0.5962298512458801,I-ORG,0.2618832588195801,I-MISC,0.029337847605347633
II,NNP,I-NP,I-ORG,I-ORG,0.7411836385726929,B-ORG,0.7411836385726929,I-ORG,0.16536302864551544,I-MISC,0.03578591346740723
Tilburg,NNP,I-NP,I-ORG,I-ORG,0.5675488114356995,B-ORG,0.5675488114356995,I-ORG,0.3413946330547333,O,0.05620351433753967
2,CD,I-NP,O,O,0.9997797608375549,O,0.9997797608375549,I-ORG,0.00014382130757439882,I-MISC,6.724934064550325e-05
