0,1,2,3,predictions,confidence,pred_1,pred_1_confidence,pred_2,pred_2_confidence,pred_3,pred_3_confidence
for,IN,B-PP,O,O,0.9996058344841003,O,0.9996058344841003,I-MISC,0.00017558089166413993,I-ORG,0.00016910007980186492
",",",",O,O,O,0.9995889067649841,O,0.9995889067649841,I-MISC,0.00021563439804594964,I-ORG,0.00015467235061805695
goals,NNS,B-NP,O,O,0.9993537068367004,O,0.9993537068367004,I-ORG,0.0003070795792154968,I-MISC,0.00026387677644379437
against,IN,B-PP,O,O,0.9997808337211609,O,0.9997808337211609,I-ORG,0.00010544582619331777,I-MISC,9.337671508546919e-05
",",",",O,O,O,0.9997017979621887,O,0.9997017979621887,I-MISC,0.00017405685503035784,I-ORG,8.533069194527343e-05
points,VBZ,B-VP,O,O,0.9996944665908813,O,0.9996944665908813,I-MISC,0.00013160360686015338,I-ORG,0.00011035214265575632
),),O,O,O,0.9999104738235474,O,0.9999104738235474,I-MISC,5.790415525552817e-05,I-ORG,1.4294934771896806e-05
:,:,O,O,O,0.9996633529663086,O,0.9996633529663086,I-MISC,0.00020117920939810574,I-ORG,7.769653166178614e-05
