0,1,2,3,predictions,confidence,pred_1,pred_1_confidence,pred_2,pred_2_confidence,pred_3,pred_3_confidence
PSV,NNP,B-NP,B-ORG,B-ORG,0.8741168975830078,B-ORG,0.8741168975830078,I-ORG,0.06718941777944565,O,0.028183016926050186
Eindhoven,NNP,I-NP,I-ORG,I-ORG,0.6475746631622314,B-ORG,0.6475746631622314,I-ORG,0.16057391464710236,O,0.07123340666294098
18,CD,I-NP,O,O,0.99965500831604,O,0.99965500831604,I-ORG,0.0002353536110604182,I-MISC,8.802241791272536e-05
13,CD,I-NP,O,O,0.999739944934845,O,0.999739944934845,I-ORG,0.00022406941570807248,B-ORG,1.851708111644257e-05
3,CD,I-NP,O,O,0.9998160004615784,O,0.9998160004615784,I-ORG,0.00015153773711062968,I-MISC,1.6318121197400615e-05
2,CD,I-NP,O,O,0.9998996257781982,O,0.9998996257781982,I-ORG,7.505388930439949e-05,I-MISC,1.8076209016726352e-05
52,CD,I-NP,O,O,0.9999593496322632,O,0.9999593496322632,I-ORG,2.6792993594426662e-05,I-MISC,1.3068016414763406e-05
14,CD,I-NP,O,O,0.9999549388885498,O,0.9999549388885498,I-ORG,3.3685017115203664e-05,I-MISC,9.302616490458604e-06
42,CD,I-NP,O,O,0.9999796152114868,O,0.9999796152114868,I-ORG,1.0798542461998295e-05,I-MISC,9.232562661054544e-06
