0,1,2,3,predictions,confidence,pred_1,pred_1_confidence,pred_2,pred_2_confidence,pred_3,pred_3_confidence
Feyenoord,NNP,B-NP,B-ORG,B-ORG,0.8031888604164124,B-ORG,0.8031888604164124,I-ORG,0.16100244224071503,O,0.016203954815864563
17,CD,I-NP,O,O,0.9967478513717651,O,0.9967478513717651,I-ORG,0.0024278925266116858,I-MISC,0.0005718057509511709
11,CD,I-NP,O,O,0.9939894676208496,O,0.9939894676208496,I-ORG,0.004961964674293995,B-ORG,0.0006397929973900318
3,CD,I-NP,O,O,0.9997971653938293,O,0.9997971653938293,I-ORG,0.00016326928744092584,B-ORG,2.1277814084896818e-05
3,CD,I-NP,O,O,0.9999465942382812,O,0.9999465942382812,I-ORG,3.962999107898213e-05,I-MISC,1.009630796033889e-05
29,CD,I-NP,O,O,0.9997932314872742,O,0.9997932314872742,I-ORG,0.00012653741578105837,I-MISC,7.45075594750233e-05
20,CD,I-NP,O,O,0.9999653100967407,O,0.9999653100967407,I-MISC,2.1310150259523652e-05,I-ORG,1.242275357071776e-05
36,CD,I-NP,O,O,0.9998669624328613,O,0.9998669624328613,I-MISC,8.415371848968789e-05,I-ORG,4.074872049386613e-05
