0,1,2,3,predictions,confidence,pred_1,pred_1_confidence,pred_2,pred_2_confidence,pred_3,pred_3_confidence
Twente,NNP,B-NP,B-ORG,B-ORG,0.49501246213912964,B-ORG,0.49501246213912964,O,0.17153389751911163,I-ORG,0.14756394922733307
Enschede,NN,I-NP,I-ORG,I-ORG,0.5827506184577942,B-ORG,0.5827506184577942,I-ORG,0.1619347184896469,O,0.11249388754367828
18,CD,I-NP,O,O,0.9996601343154907,O,0.9996601343154907,I-ORG,0.0002322344807907939,I-MISC,8.747915853746235e-05
10,CD,I-NP,O,O,0.9993232488632202,O,0.9993232488632202,I-ORG,0.0005835034535266459,B-ORG,5.159792272024788e-05
4,CD,I-NP,O,O,0.9999324083328247,O,0.9999324083328247,I-ORG,5.4744396038586274e-05,I-MISC,6.601063887501368e-06
4,CD,I-NP,O,O,0.9999755620956421,O,0.9999755620956421,I-ORG,1.6485197193105705e-05,I-MISC,6.4255982579197735e-06
28,CD,I-NP,O,O,0.9999687671661377,O,0.9999687671661377,I-MISC,1.6412079276051372e-05,I-ORG,1.4118375474936329e-05
15,CD,I-NP,O,O,0.9999344348907471,O,0.9999344348907471,I-MISC,3.638724592747167e-05,I-ORG,2.6385681849205866e-05
34,CD,I-NP,O,O,0.9999576807022095,O,0.9999576807022095,I-MISC,2.550313547544647e-05,I-ORG,1.5052547496452462e-05
