0,1,2,3,predictions,confidence,pred_1,pred_1_confidence,pred_2,pred_2_confidence,pred_3,pred_3_confidence
Graafschap,NNP,B-NP,B-ORG,B-ORG,0.738835334777832,B-ORG,0.738835334777832,I-ORG,0.13474667072296143,B-MISC,0.03613584116101265
Doetinchem,NNP,I-NP,I-ORG,I-ORG,0.7016796469688416,B-ORG,0.7016796469688416,I-ORG,0.21075312793254852,O,0.031287215650081635
18,CD,I-NP,O,O,0.9994138479232788,O,0.9994138479232788,I-ORG,0.00035593874054029584,I-MISC,0.00019984299433417618
9,CD,I-NP,O,O,0.9857470989227295,O,0.9857470989227295,I-ORG,0.007851299829781055,B-ORG,0.0054774899035692215
3,CD,I-NP,O,O,0.9997794032096863,O,0.9997794032096863,I-ORG,0.0001784009946277365,I-MISC,2.6625930331647396e-05
6,CD,I-NP,O,O,0.9996200799942017,O,0.9996200799942017,I-ORG,0.000295568403089419,I-MISC,6.70414519845508e-05
29,CD,I-NP,O,O,0.9996346235275269,O,0.9996346235275269,I-ORG,0.00026710869860835373,I-MISC,8.846689888741821e-05
22,CD,I-NP,O,O,0.9999914169311523,O,0.9999914169311523,I-ORG,5.397427230491303e-06,I-MISC,3.0410806175495964e-06
30,CD,B-NP,O,O,0.9999874830245972,O,0.9999874830245972,I-MISC,6.935788405826315e-06,I-ORG,5.4158290367922746e-06
