0,1,2,3,predictions,confidence,pred_1,pred_1_confidence,pred_2,pred_2_confidence,pred_3,pred_3_confidence
Ajax,NNP,B-NP,B-ORG,B-ORG,0.7808915972709656,B-ORG,0.7808915972709656,I-ORG,0.15815295279026031,B-MISC,0.028281932696700096
Amsterdam,NNP,I-NP,I-ORG,I-ORG,0.5884277820587158,B-ORG,0.5884277820587158,I-ORG,0.2139345109462738,O,0.070556640625
18,CD,I-NP,O,O,0.9995906949043274,O,0.9995906949043274,I-ORG,0.00026348442770540714,I-MISC,0.00011965711746597663
7,CD,I-NP,O,O,0.9989836812019348,O,0.9989836812019348,I-ORG,0.0008537538815289736,B-ORG,8.879307279130444e-05
8,CD,I-NP,O,O,0.9960600733757019,O,0.9960600733757019,I-ORG,0.0032603705767542124,B-ORG,0.0003723782720044255
3,CD,I-NP,O,O,0.9998477697372437,O,0.9998477697372437,I-ORG,0.00012099598825443536,I-MISC,2.1208083126111887e-05
23,CD,I-NP,O,O,0.9999721050262451,O,0.9999721050262451,I-ORG,2.0933341147610918e-05,I-MISC,6.444784958148375e-06
16,CD,I-NP,O,O,0.9972158670425415,O,0.9972158670425415,I-ORG,0.00208327267318964,I-MISC,0.000626052264124155
29,CD,I-NP,O,O,0.9994662404060364,O,0.9994662404060364,I-ORG,0.00029682190506719053,I-MISC,0.00022187471040524542
