0,1,2,3,predictions,confidence,pred_1,pred_1_confidence,pred_2,pred_2_confidence,pred_3,pred_3_confidence
Heerenveen,NNP,B-NP,B-ORG,B-ORG,0.6369233727455139,B-ORG,0.6369233727455139,I-ORG,0.12730690836906433,O,0.10197889804840088
18,CD,I-NP,O,O,0.9997739195823669,O,0.9997739195823669,I-ORG,0.0001357518049189821,I-MISC,7.557578646810725e-05
7,CD,I-NP,O,O,0.9991322159767151,O,0.9991322159767151,I-ORG,0.0007216233061626554,I-MISC,7.518368511227891e-05
7,CD,I-NP,O,O,0.9982130527496338,O,0.9982130527496338,I-ORG,0.001541600562632084,I-MISC,0.00013608112931251526
4,CD,I-NP,O,O,0.9999186992645264,O,0.9999186992645264,I-ORG,6.430544453905895e-05,I-MISC,1.153703033196507e-05
30,CD,B-NP,O,O,0.9999808073043823,O,0.9999808073043823,I-ORG,1.2160736332589295e-05,I-MISC,6.672303243249189e-06
20,CD,I-NP,O,O,0.9999774694442749,O,0.9999774694442749,I-ORG,1.1341136087139603e-05,I-MISC,1.074480405804934e-05
28,CD,I-NP,O,O,0.999920129776001,O,0.999920129776001,I-MISC,4.612266639014706e-05,I-ORG,3.119441316812299e-05
