0,1,2,3,predictions,confidence,pred_1,pred_1_confidence,pred_2,pred_2_confidence,pred_3,pred_3_confidence
Utrecht,NNP,B-NP,B-ORG,B-ORG,0.7762629389762878,B-ORG,0.7762629389762878,I-ORG,0.16582918167114258,O,0.02009306475520134
18,CD,I-NP,O,O,0.999366819858551,O,0.999366819858551,I-ORG,0.0004884970257990062,I-MISC,9.068149665836245e-05
4,CD,I-NP,O,O,0.9999181032180786,O,0.9999181032180786,I-ORG,6.529714300995693e-05,B-ORG,1.0567317985987756e-05
10,CD,I-NP,O,O,0.9997109770774841,O,0.9997109770774841,I-ORG,0.00023973196221049875,I-MISC,2.9903645554441027e-05
4,CD,I-NP,O,O,0.9999736547470093,O,0.9999736547470093,I-ORG,1.9564784452086315e-05,I-MISC,4.736245045933174e-06
26,CD,B-NP,O,O,0.9999891519546509,O,0.9999891519546509,I-ORG,6.4885575739026535e-06,I-MISC,4.166160124441376e-06
24,CD,I-NP,O,O,0.9999810457229614,O,0.9999810457229614,I-ORG,1.3819826563121751e-05,I-MISC,4.822441042051651e-06
22,CD,I-NP,O,O,0.9999942779541016,O,0.9999942779541016,I-MISC,2.991772362292977e-06,I-ORG,2.608582008178928e-06
