0,1,2,3,predictions,confidence,pred_1,pred_1_confidence,pred_2,pred_2_confidence,pred_3,pred_3_confidence
Sparta,NNP,B-NP,B-ORG,B-ORG,0.7843860983848572,B-ORG,0.7843860983848572,I-ORG,0.13364510238170624,B-LOC,0.022837191820144653
Rotterdam,NNP,I-NP,I-ORG,I-ORG,0.759963870048523,B-ORG,0.759963870048523,I-ORG,0.18231293559074402,O,0.03766337037086487
19,CD,I-NP,O,O,0.993000864982605,O,0.993000864982605,I-ORG,0.005647064186632633,B-ORG,0.0009106665966100991
6,CD,I-NP,O,O,0.9986314177513123,O,0.9986314177513123,I-ORG,0.001182131003588438,B-ORG,0.00010760001168819144
3,CD,I-NP,O,O,0.9997150301933289,O,0.9997150301933289,I-ORG,0.0002386161795584485,B-ORG,2.3617774786544032e-05
10,CD,I-NP,O,O,0.9991832375526428,O,0.9991832375526428,I-ORG,0.0007019740878604352,I-MISC,7.239884143928066e-05
21,CD,I-NP,O,O,0.9999808073043823,O,0.9999808073043823,I-ORG,1.580766365805175e-05,I-MISC,2.6125101157958852e-06
25,CD,I-NP,O,O,0.9999436140060425,O,0.9999436140060425,I-ORG,4.240751513862051e-05,I-MISC,1.292122124141315e-05
21,CD,I-NP,O,O,0.9999939203262329,O,0.9999939203262329,I-ORG,3.5121011023875326e-06,I-MISC,2.423429577902425e-06
