0,1,2,3,predictions,confidence,pred_1,pred_1_confidence,pred_2,pred_2_confidence,pred_3,pred_3_confidence
AZ,NNP,B-NP,B-ORG,B-ORG,0.7894229292869568,B-ORG,0.7894229292869568,I-ORG,0.08863886445760727,O,0.04227354750037193
Alkmaar,NNP,I-NP,I-ORG,I-ORG,0.585283637046814,B-ORG,0.585283637046814,I-ORG,0.2533394396305084,O,0.050719600170850754
18,CD,I-NP,O,O,0.9992488026618958,O,0.9992488026618958,I-ORG,0.00047640176489949226,I-MISC,0.0002419922675471753
5,CD,I-NP,O,O,0.9993329644203186,O,0.9993329644203186,I-ORG,0.0005635813577100635,B-ORG,5.424151095212437e-05
2,CD,I-NP,O,O,0.9998743534088135,O,0.9998743534088135,I-ORG,9.903764293994755e-05,I-MISC,1.6382024114136584e-05
11,CD,I-NP,O,O,0.9990641474723816,O,0.9990641474723816,I-ORG,0.0006804164149798453,I-MISC,0.00021512691455427557
16,CD,I-NP,O,O,0.9993158578872681,O,0.9993158578872681,I-ORG,0.00046975549776107073,I-MISC,0.00019088950648438185
23,CD,I-NP,O,O,0.9999921321868896,O,0.9999921321868896,I-MISC,4.276104846212547e-06,I-ORG,3.4748379675875185e-06
17,CD,I-NP,O,O,0.9990658164024353,O,0.9990658164024353,I-MISC,0.000512650003656745,I-ORG,0.0003517951990943402
