0,1,2,3,predictions,confidence,pred_1,pred_1_confidence,pred_2,pred_2_confidence,pred_3,pred_3_confidence
Fortuna,NNP,B-NP,B-ORG,B-ORG,0.687231183052063,B-ORG,0.687231183052063,I-ORG,0.15060749650001526,B-LOC,0.04948727414011955
Sittard,NNP,I-NP,I-ORG,I-ORG,0.6975422501564026,B-ORG,0.6975422501564026,I-ORG,0.18166375160217285,O,0.04822034761309624
17,CD,I-NP,O,O,0.9976775050163269,O,0.9976775050163269,I-ORG,0.0019547969568520784,I-MISC,0.00022849130618851632
3,CD,I-NP,O,O,0.9996539354324341,O,0.9996539354324341,I-ORG,0.0002848248404916376,B-ORG,3.03463930322323e-05
7,CD,I-NP,O,O,0.9979829788208008,O,0.9979829788208008,I-ORG,0.0016963822999969125,I-MISC,0.00021398837270680815
7,CD,I-NP,O,O,0.9979953765869141,O,0.9979953765869141,I-ORG,0.001676051295362413,I-MISC,0.00023983759456314147
14,CD,I-NP,O,O,0.9992581009864807,O,0.9992581009864807,I-ORG,0.0005839589866809547,I-MISC,0.00013754233077634126
28,CD,I-NP,O,O,0.9995788931846619,O,0.9995788931846619,I-ORG,0.0002668050874490291,I-MISC,0.0001471599389333278
16,CD,I-NP,O,O,0.9963027238845825,O,0.9963027238845825,I-ORG,0.002188290236517787,I-MISC,0.0013910095440223813
