0,1,2,3,predictions,confidence,pred_1,pred_1_confidence,pred_2,pred_2_confidence,pred_3,pred_3_confidence
NEC,NNP,B-NP,B-ORG,B-ORG,0.7715185284614563,B-ORG,0.7715185284614563,O,0.08188577741384506,I-ORG,0.05717033892869949
Nijmegen,NNP,I-NP,I-ORG,I-ORG,0.7131205201148987,B-ORG,0.7131205201148987,I-ORG,0.13538935780525208,O,0.059140998870134354
18,CD,I-NP,O,O,0.9996451139450073,O,0.9996451139450073,I-ORG,0.0002554543607402593,I-MISC,7.842188642825931e-05
3,CD,I-NP,O,O,0.9998608827590942,O,0.9998608827590942,I-ORG,0.00011234030534978956,I-MISC,1.3363477592065465e-05
7,CD,I-NP,O,O,0.9991685152053833,O,0.9991685152053833,I-ORG,0.0006814265507273376,I-MISC,0.00010635290527716279
8,CD,I-NP,O,O,0.9980592131614685,O,0.9980592131614685,I-ORG,0.0014004763215780258,I-MISC,0.0004262072325218469
19,CD,I-NP,O,O,0.9960426092147827,O,0.9960426092147827,I-ORG,0.0023403740487992764,I-MISC,0.0013613019837066531
32,CD,I-NP,O,O,0.9997202754020691,O,0.9997202754020691,I-ORG,0.00017103563004639,I-MISC,0.0001029443956213072
16,CD,I-NP,O,O,0.9973297119140625,O,0.9973297119140625,I-ORG,0.0015646109823137522,I-MISC,0.0010102118831127882
