0,1,2,3,predictions,confidence,pred_1,pred_1_confidence,pred_2,pred_2_confidence,pred_3,pred_3_confidence
RKC,NNP,B-NP,B-ORG,B-ORG,0.8189234733581543,B-ORG,0.8189234733581543,I-ORG,0.060466378927230835,I-MISC,0.023828279227018356
Waalwijk,NNP,I-NP,I-ORG,I-ORG,0.7549886107444763,B-ORG,0.7549886107444763,I-ORG,0.1404087394475937,B-PER,0.026851020753383636
19,CD,I-NP,O,O,0.996112048625946,O,0.996112048625946,I-ORG,0.0030659548938274384,B-ORG,0.0004063264059368521
3,CD,I-NP,O,O,0.9998903274536133,O,0.9998903274536133,I-ORG,8.648872608318925e-05,I-MISC,1.4876079148962162e-05
5,CD,I-NP,O,O,0.999862551689148,O,0.999862551689148,I-ORG,9.449144272366539e-05,I-MISC,3.642389492597431e-05
11,CD,I-NP,O,O,0.9993752837181091,O,0.9993752837181091,I-ORG,0.000336081488057971,I-MISC,0.00026367043028585613
18,CD,I-NP,O,O,0.9998242259025574,O,0.9998242259025574,I-MISC,8.944416913436726e-05,I-ORG,7.701713184360415e-05
33,CD,I-NP,O,O,0.999876856803894,O,0.999876856803894,I-ORG,8.90765295480378e-05,I-MISC,3.1638777727494016e-05
14,CD,I-NP,O,O,0.9998453855514526,O,0.9998453855514526,I-ORG,9.476298146182671e-05,I-MISC,5.4816893680254e-05
