0,1,2,3,predictions,confidence,pred_1,pred_1_confidence,pred_2,pred_2_confidence,pred_3,pred_3_confidence
SOCCER,NN,B-NP,O,O,0.7224620580673218,O,0.7224620580673218,B-MISC,0.1131095439195633,I-MISC,0.09827517718076706
-,:,O,O,O,0.9997097849845886,O,0.9997097849845886,I-MISC,0.00021155479771550745,B-MISC,4.0201346564572304e-05
GERMAN,NNP,B-NP,B-MISC,B-MISC,0.6467462778091431,B-MISC,0.6467462778091431,I-MISC,0.11695968359708786,O,0.09088832139968872
FIRST,NNP,I-NP,O,O,0.8602316975593567,O,0.8602316975593567,B-MISC,0.0667949691414833,I-MISC,0.03495927155017853
DIVISION,NNP,I-NP,O,O,0.85869961977005,O,0.85869961977005,B-MISC,0.10047945380210876,I-MISC,0.0227107722312212
RESULTS,NNS,I-NP,O,O,0.9981801509857178,O,0.9981801509857178,I-MISC,0.0007816647412255406,B-MISC,0.0007753025274723768
/,SYM,O,O,O,0.999636173248291,O,0.999636173248291,I-MISC,0.00023182730365078896,B-MISC,8.505536243319511e-05
STANDINGS,NNS,B-NP,O,O,0.9949941039085388,O,0.9949941039085388,I-MISC,0.002396556781604886,B-MISC,0.0013974022585898638
.,.,O,O,O,0.9999938011169434,O,0.9999938011169434,I-MISC,4.112489023100352e-06,I-ORG,1.1701069979608292e-06
