0,1,2,3,predictions,confidence,pred_1,pred_1_confidence,pred_2,pred_2_confidence,pred_3,pred_3_confidence
BONN,NN,B-NP,B-LOC,B-LOC,0.31843069195747375,B-ORG,0.31843069195747375,B-LOC,0.18742519617080688,B-MISC,0.14438843727111816
1996-12-06,CD,I-NP,O,O,0.9998335838317871,O,0.9998335838317871,I-MISC,7.756034756312147e-05,I-ORG,6.210541323525831e-05
Results,NNS,B-NP,O,O,0.4931464195251465,O,0.4931464195251465,B-MISC,0.13895006477832794,B-PER,0.09561939537525177
of,IN,B-PP,O,O,0.9931579232215881,O,0.9931579232215881,I-MISC,0.004863595124334097,I-ORG,0.0013488311087712646
German,JJ,B-NP,B-MISC,B-MISC,0.6936278939247131,B-MISC,0.6936278939247131,I-MISC,0.16322053968906403,I-ORG,0.05954218655824661
first,JJ,I-NP,O,O,0.999407172203064,O,0.999407172203064,I-ORG,0.0003120636101812124,I-MISC,0.00025569743593223393
division,NN,I-NP,O,O,0.9884935021400452,O,0.9884935021400452,I-ORG,0.006167614366859198,I-MISC,0.003838791511952877
