0,1,2,3,predictions,confidence,pred_1,pred_1_confidence,pred_2,pred_2_confidence,pred_3,pred_3_confidence
soccer,NN,B-NP,O,O,0.9999921321868896,O,0.9999921321868896,I-MISC,5.641724328597775e-06,I-ORG,1.1523873126861872e-06
matches,NNS,I-NP,O,O,0.9999856948852539,O,0.9999856948852539,I-MISC,1.0103599379363004e-05,I-ORG,2.159387804567814e-06
played,VBN,B-VP,O,O,0.9999951124191284,O,0.9999951124191284,I-MISC,3.428284799156245e-06,B-MISC,6.627286097682372e-07
on,IN,B-PP,O,O,0.9999566078186035,O,0.9999566078186035,I-MISC,2.702603887883015e-05,B-PER,8.523314136255067e-06
Friday,NNP,B-NP,O,O,0.9979098439216614,O,0.9979098439216614,I-MISC,0.0008332514553330839,B-PER,0.0004778093134518713
:,:,O,O,O,0.9999058246612549,O,0.9999058246612549,I-MISC,7.277008262462914e-05,I-ORG,1.2417986908985768e-05
