0,1,2,3,predictions,confidence,pred_1,pred_1_confidence,pred_2,pred_2_confidence,pred_3,pred_3_confidence
Bochum,NNP,B-NP,B-ORG,B-ORG,0.8218454718589783,B-ORG,0.8218454718589783,I-ORG,0.14185763895511627,O,0.008314537815749645
2,CD,I-NP,O,O,0.9998736381530762,O,0.9998736381530762,I-ORG,9.599453187547624e-05,I-MISC,1.748345312080346e-05
Bayer,NNP,I-NP,B-ORG,B-ORG,0.626085102558136,B-ORG,0.626085102558136,I-ORG,0.1991334855556488,B-PER,0.045867741107940674
Leverkusen,NNP,I-NP,I-ORG,I-ORG,0.7789604067802429,B-ORG,0.7789604067802429,I-ORG,0.16688433289527893,O,0.02357683703303337
2,CD,I-NP,O,O,0.9999233484268188,O,0.9999233484268188,I-ORG,4.7769110096851364e-05,I-MISC,2.4875889721442945e-05
