0,1,2,3,predictions,confidence,pred_1,pred_1_confidence,pred_2,pred_2_confidence,pred_3,pred_3_confidence
Werder,NNP,B-NP,B-ORG,B-ORG,0.6136278510093689,B-ORG,0.6136278510093689,O,0.18116998672485352,I-ORG,0.1510758101940155
Bremen,NNP,I-NP,I-ORG,I-ORG,0.8760811686515808,B-ORG,0.8760811686515808,I-ORG,0.10044485330581665,B-MISC,0.006814196705818176
1,CD,I-NP,O,O,0.9993146657943726,O,0.9993146657943726,I-ORG,0.0004711030633188784,B-ORG,0.00012671745207626373
1860,CD,I-NP,B-ORG,O,0.995519757270813,O,0.995519757270813,I-ORG,0.0033921925351023674,I-MISC,0.0008540012640878558
Munich,NNP,I-NP,I-ORG,B-ORG,0.6158338189125061,B-ORG,0.6158338189125061,I-ORG,0.2734181880950928,B-MISC,0.056993160396814346
1,CD,I-NP,O,O,0.9996020197868347,O,0.9996020197868347,I-ORG,0.00023895740741863847,I-MISC,0.00011434465704951435
