0,1,2,3,predictions,confidence,pred_1,pred_1_confidence,pred_2,pred_2_confidence,pred_3,pred_3_confidence
Schalke,FW,B-NP,B-ORG,B-ORG,0.8547030687332153,B-ORG,0.8547030687332153,I-ORG,0.1138109341263771,O,0.01099148765206337
2,CD,I-NP,O,O,0.999846339225769,O,0.999846339225769,I-ORG,0.00011889228335348889,I-MISC,1.801741927920375e-05
Hansa,NNP,I-NP,B-ORG,B-ORG,0.6660924553871155,B-ORG,0.6660924553871155,I-ORG,0.1852886974811554,B-LOC,0.04312528297305107
Rostock,NNP,I-NP,I-ORG,I-ORG,0.7217293977737427,B-ORG,0.7217293977737427,I-ORG,0.22601477801799774,O,0.020794685930013657
0,CD,I-NP,O,O,0.9999332427978516,O,0.9999332427978516,I-ORG,4.2294228478567675e-05,I-MISC,2.0770639821421355e-05
