0,1,2,3,predictions,confidence,pred_1,pred_1_confidence,pred_2,pred_2_confidence,pred_3,pred_3_confidence
for,IN,B-PP,O,O,0.99973064661026,O,0.99973064661026,I-MISC,0.0001354744890704751,I-ORG,0.00011416704364819452
goals,NNS,B-NP,O,O,0.9994959831237793,O,0.9994959831237793,I-MISC,0.00024227405083365738,I-ORG,0.00021558866137638688
against,IN,B-PP,O,O,0.9997435212135315,O,0.9997435212135315,I-MISC,0.0001336171117145568,I-ORG,0.00010792662942549214
points,NNS,B-NP,O,O,0.9994413256645203,O,0.9994413256645203,I-MISC,0.00028275768272578716,I-ORG,0.0002047731977654621
),),O,O,O,0.9997925162315369,O,0.9997925162315369,I-MISC,0.00015375339717138559,I-ORG,3.3588898077141494e-05
:,:,O,O,O,0.9992496371269226,O,0.9992496371269226,I-MISC,0.0004884388763457537,I-ORG,0.00016892248822841793
