0,1,2,3,predictions,confidence,pred_1,pred_1_confidence,pred_2,pred_2_confidence,pred_3,pred_3_confidence
Bayer,NNP,B-NP,B-ORG,B-ORG,0.716779887676239,B-ORG,0.716779887676239,I-ORG,0.12504278123378754,B-PER,0.057168830186128616
Leverkusen,NNP,I-NP,I-ORG,I-ORG,0.8349887728691101,B-ORG,0.8349887728691101,I-ORG,0.10879630595445633,O,0.018976908177137375
17,CD,I-NP,O,O,0.9977297186851501,O,0.9977297186851501,I-ORG,0.0019223371054977179,I-MISC,0.0002051556803053245
10,CD,I-NP,O,O,0.9982472658157349,O,0.9982472658157349,I-ORG,0.0015352930640801787,B-ORG,0.00012854300439357758
4,CD,I-NP,O,O,0.9998588562011719,O,0.9998588562011719,I-ORG,0.00011736269516404718,B-ORG,1.3379722986428533e-05
3,CD,I-NP,O,O,0.9999005794525146,O,0.9999005794525146,I-ORG,8.010111196199432e-05,I-MISC,1.1771177014452405e-05
38,CD,I-NP,O,O,0.9999804496765137,O,0.9999804496765137,I-ORG,1.4993090189818759e-05,I-MISC,4.100435035070404e-06
22,CD,I-NP,O,O,0.9999899864196777,O,0.9999899864196777,I-MISC,5.3376011237560306e-06,I-ORG,4.571408680931199e-06
34,CD,I-NP,O,O,0.9999171495437622,O,0.9999171495437622,I-MISC,4.88350196974352e-05,I-ORG,3.111579280812293e-05
