0,1,2,3,predictions,confidence,pred_1,pred_1_confidence,pred_2,pred_2_confidence,pred_3,pred_3_confidence
VfB,NNP,B-NP,B-ORG,B-ORG,0.6913564205169678,B-ORG,0.6913564205169678,I-ORG,0.11996588110923767,O,0.06731857359409332
Stuttgart,NNP,I-NP,I-ORG,I-ORG,0.656808614730835,B-ORG,0.656808614730835,I-ORG,0.16157633066177368,O,0.15162624418735504
16,CD,I-NP,O,O,0.9955962300300598,O,0.9955962300300598,I-ORG,0.0038043998647481203,B-ORG,0.00030114129185676575
9,CD,I-NP,O,O,0.9886232018470764,O,0.9886232018470764,I-ORG,0.006436198018491268,B-ORG,0.004113125614821911
4,CD,I-NP,O,O,0.9999735355377197,O,0.9999735355377197,I-ORG,1.8673652448342182e-05,I-MISC,6.1657087826461066e-06
3,CD,I-NP,O,O,0.9999778270721436,O,0.9999778270721436,I-MISC,1.4527854546031449e-05,I-ORG,6.28742782282643e-06
39,CD,I-NP,O,O,0.9996360540390015,O,0.9996360540390015,I-MISC,0.00024573589325882494,I-ORG,6.809680053265765e-05
17,CD,I-NP,O,O,0.9997859597206116,O,0.9997859597206116,I-MISC,0.00014681863831356168,I-ORG,4.7362664190586656e-05
31,CD,I-NP,O,O,0.9999744892120361,O,0.9999744892120361,I-MISC,1.7082778867916204e-05,I-ORG,7.092966370692011e-06
