0,1,2,3,predictions,confidence,pred_1,pred_1_confidence,pred_2,pred_2_confidence,pred_3,pred_3_confidence
Karlsruhe,NNP,B-NP,B-ORG,B-ORG,0.8419815301895142,B-ORG,0.8419815301895142,I-ORG,0.07982328534126282,B-PER,0.029711708426475525
17,CD,I-NP,O,O,0.9985167384147644,O,0.9985167384147644,I-ORG,0.0012388312024995685,I-MISC,0.000136735470732674
8,CD,I-NP,O,O,0.9953529834747314,O,0.9953529834747314,I-ORG,0.0038255227264016867,B-ORG,0.0005653969128616154
4,CD,I-NP,O,O,0.9998985528945923,O,0.9998985528945923,I-ORG,8.243788033723831e-05,I-MISC,1.0442766324558761e-05
5,CD,I-NP,O,O,0.9998615980148315,O,0.9998615980148315,I-ORG,0.00010165778803639114,I-MISC,2.9493594411178492e-05
30,CD,B-NP,O,O,0.999991774559021,O,0.999991774559021,I-ORG,5.048326784162782e-06,I-MISC,3.0099920422799187e-06
20,CD,I-NP,O,O,0.999984622001648,O,0.999984622001648,I-MISC,7.592480869789142e-06,I-ORG,7.537765213783132e-06
28,CD,I-NP,O,O,0.9999518394470215,O,0.9999518394470215,I-MISC,2.85141977656167e-05,I-ORG,1.793452429410536e-05
