0,1,2,3,predictions,confidence,pred_1,pred_1_confidence,pred_2,pred_2_confidence,pred_3,pred_3_confidence
VfL,NNP,B-NP,B-ORG,B-ORG,0.8101193904876709,B-ORG,0.8101193904876709,I-ORG,0.13066956400871277,O,0.026907499879598618
Bochum,NNP,I-NP,I-ORG,I-ORG,0.8100319504737854,B-ORG,0.8100319504737854,I-ORG,0.15993082523345947,I-MISC,0.007317843846976757
16,CD,I-NP,O,O,0.9927412271499634,O,0.9927412271499634,I-ORG,0.006289489101618528,B-ORG,0.0005550634814426303
7,CD,I-NP,O,O,0.9975526928901672,O,0.9975526928901672,I-ORG,0.002068585017696023,B-ORG,0.00023241662711370736
6,CD,I-NP,O,O,0.9985675811767578,O,0.9985675811767578,I-ORG,0.0012351088225841522,B-ORG,0.00011683023330988362
3,CD,I-NP,O,O,0.9997524619102478,O,0.9997524619102478,I-ORG,0.00020670020603574812,B-ORG,2.0623934688046575e-05
23,CD,I-NP,O,O,0.9999421834945679,O,0.9999421834945679,I-ORG,5.067189340479672e-05,I-MISC,5.695349500456359e-06
21,CD,I-NP,O,O,0.9999772310256958,O,0.9999772310256958,I-ORG,1.8397015082882717e-05,I-MISC,3.793232281168457e-06
27,CD,I-NP,O,O,0.9999774694442749,O,0.9999774694442749,I-ORG,1.241840345755918e-05,I-MISC,9.794512152438983e-06
