0,1,2,3,predictions,confidence,pred_1,pred_1_confidence,pred_2,pred_2_confidence,pred_3,pred_3_confidence
Schalke,FW,B-NP,B-ORG,B-ORG,0.5828425288200378,B-ORG,0.5828425288200378,I-ORG,0.12137840688228607,B-PER,0.10144209861755371
04,CD,I-NP,I-ORG,O,0.9992851614952087,O,0.9992851614952087,I-ORG,0.000551238190382719,I-MISC,0.00013815854617860168
17,CD,I-NP,O,O,0.9965296387672424,O,0.9965296387672424,I-ORG,0.002766412915661931,I-MISC,0.0004865904338657856
7,CD,I-NP,O,O,0.9975652694702148,O,0.9975652694702148,I-ORG,0.0020756700541824102,B-ORG,0.00018141759210266173
4,CD,I-NP,O,O,0.9999064207077026,O,0.9999064207077026,I-ORG,7.265779277076945e-05,I-MISC,1.4475276657321956e-05
6,CD,I-NP,O,O,0.9997143149375916,O,0.9997143149375916,I-ORG,0.00015763075498398393,I-MISC,0.00011776063911383972
25,CD,I-NP,O,O,0.9999521970748901,O,0.9999521970748901,I-MISC,3.029225808859337e-05,I-ORG,1.6473808500450104e-05
26,CD,B-NP,O,O,0.9999747276306152,O,0.9999747276306152,I-MISC,1.5531757526332512e-05,I-ORG,9.222258086083457e-06
25,CD,I-NP,O,O,0.999931812286377,O,0.999931812286377,I-MISC,3.87756408599671e-05,I-ORG,2.7558504370972514e-05
