0,1,2,3,predictions,confidence,pred_1,pred_1_confidence,pred_2,pred_2_confidence,pred_3,pred_3_confidence
Werder,NNP,B-NP,B-ORG,O,0.4924442172050476,B-ORG,0.4924442172050476,O,0.25993239879608154,I-ORG,0.14500436186790466
Bremen,NNP,I-NP,I-ORG,B-ORG,0.7843084335327148,B-ORG,0.7843084335327148,I-ORG,0.11345121264457703,B-LOC,0.02462802454829216
17,CD,I-NP,O,O,0.9975849390029907,O,0.9975849390029907,I-ORG,0.002029006602242589,I-MISC,0.00023849251738283783
6,CD,I-NP,O,O,0.998339056968689,O,0.998339056968689,I-ORG,0.001437862403690815,B-ORG,0.00012713322939816862
4,CD,I-NP,O,O,0.9998831748962402,O,0.9998831748962402,I-ORG,9.410498023498803e-05,I-MISC,1.335778597422177e-05
7,CD,I-NP,O,O,0.9992709755897522,O,0.9992709755897522,I-ORG,0.0005414504557847977,I-MISC,0.0001580128591740504
29,CD,I-NP,O,O,0.9995152950286865,O,0.9995152950286865,I-ORG,0.0003373440995346755,I-MISC,0.0001346155913779512
28,CD,I-NP,O,O,0.9997603297233582,O,0.9997603297233582,I-ORG,0.00014427085989154875,I-MISC,9.149814286502078e-05
22,CD,I-NP,O,O,0.9999839067459106,O,0.9999839067459106,I-ORG,8.55951202538563e-06,I-MISC,7.258282948896522e-06
