0,1,2,3,predictions,confidence,pred_1,pred_1_confidence,pred_2,pred_2_confidence,pred_3,pred_3_confidence
Hamburger,NNP,B-NP,B-ORG,B-ORG,0.8923483490943909,B-ORG,0.8923483490943909,I-ORG,0.08350162953138351,O,0.01254633255302906
SV,$,I-NP,I-ORG,I-ORG,0.8990710377693176,B-ORG,0.8990710377693176,I-ORG,0.08194103837013245,O,0.010323015041649342
16,CD,I-NP,O,O,0.9846641421318054,O,0.9846641421318054,I-ORG,0.013731857761740685,B-ORG,0.0008729861001484096
4,CD,I-NP,O,O,0.9996742010116577,O,0.9996742010116577,I-ORG,0.0002706355007831007,I-MISC,2.8292943170526996e-05
5,CD,I-NP,O,O,0.9997711777687073,O,0.9997711777687073,I-ORG,0.00017293993732891977,I-MISC,4.295649705454707e-05
7,CD,I-NP,O,O,0.9997071623802185,O,0.9997071623802185,I-ORG,0.0001909358543343842,I-MISC,9.012843656819314e-05
20,CD,I-NP,O,O,0.9999688863754272,O,0.9999688863754272,I-MISC,1.522601451142691e-05,I-ORG,1.5182195966190193e-05
25,CD,I-NP,O,O,0.9999443292617798,O,0.9999443292617798,I-MISC,3.32348354277201e-05,I-ORG,2.0435514670680277e-05
17,CD,I-NP,O,O,0.9992990493774414,O,0.9992990493774414,I-MISC,0.0004022357752546668,I-ORG,0.0002529930497985333
