0,1,2,3,predictions,confidence,pred_1,pred_1_confidence,pred_2,pred_2_confidence,pred_3,pred_3_confidence
Arminia,NNP,B-NP,B-ORG,B-ORG,0.7870701551437378,B-ORG,0.7870701551437378,I-ORG,0.14798817038536072,B-LOC,0.018231017515063286
Bielefeld,NNP,I-NP,I-ORG,I-ORG,0.8723421692848206,B-ORG,0.8723421692848206,I-ORG,0.10995377600193024,O,0.01174129918217659
16,CD,I-NP,O,O,0.9937810301780701,O,0.9937810301780701,I-ORG,0.005464187357574701,B-ORG,0.0005140234716236591
4,CD,I-NP,O,O,0.999864935874939,O,0.999864935874939,I-ORG,0.0001104858674807474,B-ORG,1.4876935892971233e-05
4,CD,I-NP,O,O,0.9999779462814331,O,0.9999779462814331,I-ORG,1.6487483662785962e-05,I-MISC,3.7793977298861137e-06
8,CD,I-NP,O,O,0.9998231530189514,O,0.9998231530189514,I-ORG,8.488462481182069e-05,I-MISC,8.120003622025251e-05
18,CD,I-NP,O,O,0.9999306201934814,O,0.9999306201934814,I-MISC,4.677390825236216e-05,I-ORG,1.8567619918030687e-05
28,CD,I-NP,O,O,0.9999598264694214,O,0.9999598264694214,I-ORG,2.2229984097066335e-05,I-MISC,1.7044905689544976e-05
16,CD,I-NP,O,O,0.9993405938148499,O,0.9993405938148499,I-ORG,0.0003487059730105102,I-MISC,0.00028491971897892654
