0,1,2,3,predictions,confidence,pred_1,pred_1_confidence,pred_2,pred_2_confidence,pred_3,pred_3_confidence
Borussia,NNP,B-NP,B-ORG,B-ORG,0.7927268147468567,B-ORG,0.7927268147468567,I-ORG,0.17072802782058716,O,0.02354518696665764
Monchengladbach,NNP,I-NP,I-ORG,I-ORG,0.7040959000587463,B-ORG,0.7040959000587463,I-ORG,0.26388227939605713,B-MISC,0.017048535868525505
16,CD,I-NP,O,O,0.970452606678009,O,0.970452606678009,I-ORG,0.02688773162662983,B-ORG,0.0015418415423482656
4,CD,I-NP,O,O,0.9993836879730225,O,0.9993836879730225,I-ORG,0.0005264473729766905,B-ORG,5.272879570838995e-05
3,CD,I-NP,O,O,0.999823272228241,O,0.999823272228241,I-ORG,0.00014554793597199023,I-MISC,1.6204812709474936e-05
9,CD,I-NP,O,O,0.9945772886276245,O,0.9945772886276245,I-ORG,0.0030577881261706352,B-ORG,0.0017958657117560506
12,CD,I-NP,O,O,0.9998528957366943,O,0.9998528957366943,I-ORG,0.00011695350985974073,I-MISC,2.4321969249285758e-05
22,CD,I-NP,O,O,0.9999964237213135,O,0.9999964237213135,I-ORG,2.1159767129574902e-06,I-MISC,1.3683666111319326e-06
15,CD,I-NP,O,O,0.9999244213104248,O,0.9999244213104248,I-MISC,4.0700957470107824e-05,I-ORG,3.227485649404116e-05
