0,1,2,3,predictions,confidence,pred_1,pred_1_confidence,pred_2,pred_2_confidence,pred_3,pred_3_confidence
SC,NNP,B-NP,B-ORG,B-ORG,0.9005207419395447,B-ORG,0.9005207419395447,I-ORG,0.05569427087903023,O,0.025713885203003883
Freiburg,NNP,I-NP,I-ORG,I-ORG,0.6449812650680542,B-ORG,0.6449812650680542,O,0.198189377784729,I-ORG,0.14431044459342957
17,CD,I-NP,O,O,0.9975505471229553,O,0.9975505471229553,I-ORG,0.002144202124327421,B-ORG,0.00019101043289992958
4,CD,I-NP,O,O,0.9998553991317749,O,0.9998553991317749,I-ORG,0.00011944592552026734,B-ORG,1.60517683980288e-05
1,CD,I-NP,O,O,0.9995728135108948,O,0.9995728135108948,I-ORG,0.0002959574921987951,B-ORG,8.562167931813747e-05
12,CD,I-NP,O,O,0.999834418296814,O,0.999834418296814,I-ORG,0.00012491995585151017,I-MISC,3.464273322606459e-05
20,CD,I-NP,O,O,0.9999866485595703,O,0.9999866485595703,I-MISC,6.940983894310193e-06,I-ORG,6.160969860502519e-06
40,CD,I-NP,O,O,0.9999079704284668,O,0.9999079704284668,I-MISC,6.079583545215428e-05,I-ORG,2.87961374851875e-05
13,CD,I-NP,O,O,0.9999533891677856,O,0.9999533891677856,I-ORG,2.397734897385817e-05,I-MISC,2.1386385924415663e-05
