0,1,2,3,predictions,confidence,pred_1,pred_1_confidence,pred_2,pred_2_confidence,pred_3,pred_3_confidence
SOCCER,NN,B-NP,O,O,0.41082340478897095,O,0.41082340478897095,B-ORG,0.3430289328098297,I-MISC,0.08658427745103836
-,:,O,O,O,0.9989922642707825,O,0.9989922642707825,I-ORG,0.0005054326611571014,I-MISC,0.0004146519931964576
FRENCH,VB,B-VP,B-MISC,B-LOC,0.4415897727012634,B-ORG,0.4415897727012634,B-LOC,0.18453066051006317,O,0.08476920425891876
LEAGUE,NNP,B-NP,O,O,0.3011678457260132,B-ORG,0.3011678457260132,O,0.2845498025417328,B-LOC,0.14354348182678223
SUMMARIES,NNP,I-NP,O,O,0.3647284209728241,O,0.3647284209728241,B-LOC,0.17025676369667053,B-ORG,0.1662369817495346
.,.,O,O,O,0.9999051094055176,O,0.9999051094055176,I-MISC,5.023452467867173e-05,I-ORG,3.281144381617196e-05
