0,1,2,3,predictions,confidence,pred_1,pred_1_confidence,pred_2,pred_2_confidence,pred_3,pred_3_confidence
Gourvennec,NNP,B-NP,B-PER,I-PER,0.3611460328102112,B-PER,0.3611460328102112,I-PER,0.25653213262557983,B-LOC,0.15513578057289124
67,CD,I-NP,O,O,0.9997225403785706,O,0.9997225403785706,I-ORG,0.0001188488895422779,I-MISC,0.00010477760224603117
",",",",O,O,O,0.9993289709091187,O,0.9993289709091187,I-ORG,0.0002768943668343127,I-MISC,0.00022377277491614223
Christophe,NNP,B-NP,B-PER,B-PER,0.2876735031604767,B-PER,0.2876735031604767,I-PER,0.24512846767902374,B-ORG,0.21983599662780762
Pignol,NNP,I-NP,I-PER,I-PER,0.451992392539978,B-PER,0.451992392539978,I-PER,0.29205602407455444,B-LOC,0.09128642082214355
72,CD,I-NP,O,O,0.9998677968978882,O,0.9998677968978882,I-ORG,5.491434785653837e-05,I-MISC,4.357106809038669e-05
),),O,O,O,0.9997754693031311,O,0.9997754693031311,I-MISC,7.222770364023745e-05,I-ORG,6.010559809510596e-05
.,.,O,O,O,0.9999120235443115,O,0.9999120235443115,I-MISC,3.238712452002801e-05,I-ORG,2.9373448342084885e-05
