0,1,2,3,predictions,confidence,pred_1,pred_1_confidence,pred_2,pred_2_confidence,pred_3,pred_3_confidence
70,CD,B-NP,O,O,0.9998432397842407,O,0.9998432397842407,I-MISC,7.049503619782627e-05,I-ORG,5.3942891099723056e-05
",",",",O,O,O,0.9995803236961365,O,0.9995803236961365,I-MISC,0.00012781130499206483,I-PER,9.378570393892005e-05
Phil,NNP,B-NP,B-PER,B-PER,0.7142508625984192,B-PER,0.7142508625984192,I-PER,0.19485822319984436,B-LOC,0.05270416662096977
Gray,NNP,I-NP,I-PER,I-PER,0.6485744714736938,B-PER,0.6485744714736938,I-PER,0.17559415102005005,B-LOC,0.12498825043439865
89,CD,I-NP,O,O,0.9990363121032715,O,0.9990363121032715,I-MISC,0.0002912660129368305,I-ORG,0.00022913332213647664
),),O,O,O,0.9997836947441101,O,0.9997836947441101,I-MISC,7.258813275257125e-05,I-ORG,5.6667391618248075e-05
.,.,O,O,O,0.9999053478240967,O,0.9999053478240967,I-MISC,3.701791865751147e-05,I-ORG,3.173420554958284e-05
