0,1,2,3,predictions,confidence,pred_1,pred_1_confidence,pred_2,pred_2_confidence,pred_3,pred_3_confidence
1-0,CD,B-NP,O,O,0.9995403289794922,O,0.9995403289794922,I-MISC,0.00024499912979081273,I-ORG,0.00016300113929901272
.,.,O,O,O,0.9999054670333862,O,0.9999054670333862,I-MISC,5.562817386817187e-05,I-ORG,3.0266759495134465e-05
"30,000",CD,B-NP,O,O,0.9999576807022095,O,0.9999576807022095,I-MISC,2.1485462639248e-05,I-ORG,1.891178726509679e-05
.,.,O,O,O,0.9998220801353455,O,0.9998220801353455,I-MISC,0.00010071802535094321,I-ORG,6.336590740829706e-05
