0,1,2,3,predictions,confidence,pred_1,pred_1_confidence,pred_2,pred_2_confidence,pred_3,pred_3_confidence
SOCCER,NN,B-NP,O,O,0.6054989695549011,O,0.6054989695549011,B-ORG,0.12467402219772339,I-MISC,0.1076977550983429
-,:,O,O,O,0.9995081424713135,O,0.9995081424713135,I-MISC,0.0003037964925169945,I-ORG,0.00013466498057823628
DUTCH,VB,B-VP,B-MISC,O,0.29663529992103577,O,0.29663529992103577,B-MISC,0.21723181009292603,B-ORG,0.14671273529529572
FIRST,NNP,B-NP,O,O,0.7850397229194641,O,0.7850397229194641,B-MISC,0.07465486973524094,I-MISC,0.06457193940877914
DIVISION,NNP,I-NP,O,O,0.6582430005073547,O,0.6582430005073547,B-MISC,0.16001036763191223,I-MISC,0.0653972327709198
SUMMARIES,NNP,I-NP,O,O,0.6522116661071777,O,0.6522116661071777,B-ORG,0.08173692226409912,B-LOC,0.07587540149688721
.,.,O,O,O,0.9999521970748901,O,0.9999521970748901,I-MISC,2.8923795980517752e-05,I-ORG,1.3932120054960251e-05
