0,1,2,3,predictions,confidence,pred_1,pred_1_confidence,pred_2,pred_2_confidence,pred_3,pred_3_confidence
AMSTERDAM,NN,B-NP,B-LOC,B-LOC,0.574911892414093,B-LOC,0.574911892414093,B-ORG,0.13089272379875183,B-PER,0.08509135246276855
1996-12-06,CD,I-NP,O,O,0.9997726082801819,O,0.9997726082801819,I-ORG,0.00010728611232480034,I-MISC,8.926333975978196e-05
Summary,NNS,B-NP,O,O,0.98014235496521,O,0.98014235496521,B-ORG,0.006775615271180868,I-ORG,0.005039232783019543
of,IN,B-PP,O,O,0.9796279668807983,O,0.9796279668807983,I-MISC,0.009842670522630215,I-ORG,0.009259507060050964
Dutch,JJ,B-NP,B-MISC,B-MISC,0.3557390570640564,B-MISC,0.3557390570640564,I-MISC,0.19254004955291748,I-ORG,0.17923487722873688
first,JJ,I-NP,O,O,0.9997212290763855,O,0.9997212290763855,I-ORG,0.00014120596460998058,I-MISC,0.00012671014701481909
division,NN,I-NP,O,O,0.991500735282898,O,0.991500735282898,I-ORG,0.00454450398683548,I-MISC,0.0029473742470145226
