0,1,2,3,predictions,confidence,pred_1,pred_1_confidence,pred_2,pred_2_confidence,pred_3,pred_3_confidence
Van,NNP,B-NP,B-PER,I-PER,0.7382140755653381,B-PER,0.7382140755653381,I-PER,0.16979148983955383,B-LOC,0.0746726244688034
der,FW,I-NP,I-PER,O,0.9511420726776123,O,0.9511420726776123,B-PER,0.019954632967710495,I-PER,0.01733388565480709
Vegt,NNP,I-NP,I-PER,B-PER,0.6852905750274658,B-PER,0.6852905750274658,I-PER,0.21344095468521118,B-LOC,0.044635359197854996
77,CD,I-NP,O,O,0.9999164342880249,O,0.9999164342880249,I-MISC,2.4829310859786347e-05,I-PER,2.1642450519721024e-05
),),O,O,O,0.9998124241828918,O,0.9998124241828918,I-MISC,5.551964932237752e-05,I-ORG,4.312130477046594e-05
.,.,O,O,O,0.999911904335022,O,0.999911904335022,I-MISC,3.192090298398398e-05,I-ORG,2.7759690055972897e-05
