0,1,2,3,predictions,confidence,pred_1,pred_1_confidence,pred_2,pred_2_confidence,pred_3,pred_3_confidence
Attendance,NNP,B-NP,O,O,0.42485830187797546,O,0.42485830187797546,B-ORG,0.12510435283184052,I-ORG,0.1102246567606926
"5,300",CD,I-NP,O,O,0.9999507665634155,O,0.9999507665634155,I-MISC,2.5202500182786025e-05,I-ORG,2.132049121428281e-05
.,.,O,O,O,0.9998317956924438,O,0.9998317956924438,I-MISC,9.228677663486451e-05,I-ORG,6.043339817551896e-05
