0,1,2,3,predictions,confidence,pred_1,pred_1_confidence,pred_2,pred_2_confidence,pred_3,pred_3_confidence
SOCCER,NN,B-NP,O,O,0.6186726093292236,O,0.6186726093292236,B-ORG,0.12644299864768982,I-MISC,0.10377860814332962
-,:,O,O,O,0.9995346069335938,O,0.9995346069335938,I-MISC,0.00028624924016185105,I-ORG,0.00012936269922647625
FRENCH,VB,B-VP,B-MISC,O,0.28044915199279785,O,0.28044915199279785,B-MISC,0.24088938534259796,B-ORG,0.15735216438770294
LEAGUE,NNP,B-NP,O,O,0.70368891954422,O,0.70368891954422,B-MISC,0.11085161566734314,I-MISC,0.08860219269990921
STANDINGS,NNP,I-NP,O,O,0.9820974469184875,O,0.9820974469184875,I-MISC,0.006224023178219795,B-MISC,0.006031425204128027
.,.,O,O,O,0.9999876022338867,O,0.9999876022338867,I-MISC,7.1459026003140025e-06,I-ORG,2.9627349249494728e-06
