0,1,2,3,predictions,confidence,pred_1,pred_1_confidence,pred_2,pred_2_confidence,pred_3,pred_3_confidence
PARIS,NNP,B-NP,B-LOC,O,0.2830974757671356,O,0.2830974757671356,B-ORG,0.1980379968881607,B-LOC,0.17512989044189453
1996-12-06,CD,I-NP,O,O,0.9998189806938171,O,0.9998189806938171,I-MISC,8.087980677373707e-05,I-ORG,6.75053452141583e-05
Standings,NNS,B-NP,O,O,0.4791736304759979,O,0.4791736304759979,B-MISC,0.14926199615001678,B-PER,0.11622149497270584
in,IN,B-PP,O,O,0.9986553192138672,O,0.9986553192138672,I-MISC,0.0010209016036242247,I-ORG,0.00019089072884526104
the,DT,B-NP,O,O,0.999516487121582,O,0.999516487121582,I-MISC,0.000402037549065426,I-ORG,6.434987881220877e-05
French,JJ,I-NP,B-MISC,B-MISC,0.7072646617889404,B-MISC,0.7072646617889404,I-MISC,0.15449050068855286,I-ORG,0.06914854794740677
first,JJ,I-NP,O,O,0.9982023239135742,O,0.9982023239135742,I-ORG,0.0009458420681767166,I-MISC,0.0007875834126025438
