0,1,2,3,predictions,confidence,pred_1,pred_1_confidence,pred_2,pred_2_confidence,pred_3,pred_3_confidence
Paris,NNP,B-NP,B-ORG,B-ORG,0.7847391963005066,B-ORG,0.7847391963005066,I-ORG,0.15901967883110046,O,0.016376739367842674
Saint-Germain,NNP,I-NP,I-ORG,I-ORG,0.8536633849143982,B-ORG,0.8536633849143982,I-ORG,0.13097849488258362,B-MISC,0.006083836313337088
21,CD,I-NP,O,O,0.9999561309814453,O,0.9999561309814453,I-ORG,3.8217742257984355e-05,B-ORG,2.8092774755350547e-06
12,CD,I-NP,O,O,0.9994533658027649,O,0.9994533658027649,I-ORG,0.00047232015640474856,I-MISC,4.305417314753868e-05
6,CD,I-NP,O,O,0.9995362758636475,O,0.9995362758636475,I-ORG,0.00038115287316031754,I-MISC,5.6084936659317464e-05
3,CD,I-NP,O,O,0.9999344348907471,O,0.9999344348907471,I-ORG,4.521397204371169e-05,I-MISC,1.690965291345492e-05
34,CD,I-NP,O,O,0.9999241828918457,O,0.9999241828918457,I-ORG,4.47821912530344e-05,I-MISC,2.970090281451121e-05
15,CD,I-NP,O,O,0.999897837638855,O,0.999897837638855,I-ORG,7.000651385169476e-05,I-MISC,2.8168224162072875e-05
42,CD,I-NP,O,O,0.9999761581420898,O,0.9999761581420898,I-ORG,1.3296189536049496e-05,I-MISC,1.0028720680566039e-05
