0,1,2,3,predictions,confidence,pred_1,pred_1_confidence,pred_2,pred_2_confidence,pred_3,pred_3_confidence
Monaco,NNP,B-NP,B-ORG,B-ORG,0.7666126489639282,B-ORG,0.7666126489639282,I-ORG,0.1652373969554901,B-PER,0.015594257041811943
20,CD,I-NP,O,O,0.9998873472213745,O,0.9998873472213745,I-ORG,9.807039168663323e-05,I-MISC,9.201334250974469e-06
12,CD,I-NP,O,O,0.9995428323745728,O,0.9995428323745728,I-ORG,0.0003930767998099327,I-MISC,3.822282451437786e-05
5,CD,I-NP,O,O,0.9997479319572449,O,0.9997479319572449,I-ORG,0.00019775515829678625,I-MISC,3.977989035774954e-05
3,CD,I-NP,O,O,0.9999499320983887,O,0.9999499320983887,I-ORG,2.9954751880723052e-05,I-MISC,1.776630051608663e-05
36,CD,I-NP,O,O,0.9999068975448608,O,0.9999068975448608,I-ORG,4.639694816432893e-05,I-MISC,4.4463529775384814e-05
16,CD,I-NP,O,O,0.9992582201957703,O,0.9992582201957703,I-ORG,0.0005266953376121819,I-MISC,0.00018409219046588987
41,CD,I-NP,O,O,0.9999532699584961,O,0.9999532699584961,I-ORG,2.4785984351183288e-05,I-MISC,1.9954006347688846e-05
