0,1,2,3,predictions,confidence,pred_1,pred_1_confidence,pred_2,pred_2_confidence,pred_3,pred_3_confidence
Bordeaux,NNP,B-NP,B-ORG,B-ORG,0.8617061972618103,B-ORG,0.8617061972618103,I-ORG,0.10896552354097366,B-MISC,0.009692766703665257
20,CD,I-NP,O,O,0.9996034502983093,O,0.9996034502983093,I-ORG,0.00034890350070782006,B-ORG,2.415632661723066e-05
9,CD,I-NP,O,O,0.9831863641738892,O,0.9831863641738892,I-ORG,0.008351139724254608,B-ORG,0.007687325123697519
7,CD,I-NP,O,O,0.9977032542228699,O,0.9977032542228699,I-ORG,0.0020092246122658253,B-ORG,0.00014787186228204519
4,CD,I-NP,O,O,0.9998763799667358,O,0.9998763799667358,I-ORG,0.0001021720891003497,I-MISC,1.206279375765007e-05
29,CD,I-NP,O,O,0.9992952346801758,O,0.9992952346801758,I-ORG,0.0005794067983515561,I-MISC,0.0001028903279802762
21,CD,I-NP,O,O,0.9999881982803345,O,0.9999881982803345,I-ORG,6.854818821011577e-06,I-MISC,4.592050572682638e-06
34,CD,I-NP,O,O,0.999907374382019,O,0.999907374382019,I-MISC,5.4363496019504964e-05,I-ORG,3.498041405691765e-05
