0,1,2,3,predictions,confidence,pred_1,pred_1_confidence,pred_2,pred_2_confidence,pred_3,pred_3_confidence
Strasbourg,NNP,B-NP,B-ORG,B-ORG,0.879387617111206,B-ORG,0.879387617111206,I-ORG,0.10698803514242172,O,0.009312921203672886
20,CD,I-NP,O,O,0.9996863603591919,O,0.9996863603591919,I-ORG,0.00027532526291906834,B-ORG,2.0147288523730822e-05
11,CD,I-NP,O,O,0.9965818524360657,O,0.9965818524360657,I-ORG,0.0028745215386152267,B-ORG,0.00039737403858453035
1,CD,I-NP,O,O,0.9991236329078674,O,0.9991236329078674,I-ORG,0.0006111565744504333,B-ORG,0.00020801568462047726
8,CD,I-NP,O,O,0.9966869950294495,O,0.9966869950294495,I-ORG,0.002719881944358349,I-MISC,0.0003223354578949511
27,CD,I-NP,O,O,0.9999682903289795,O,0.9999682903289795,I-ORG,2.489065082045272e-05,I-MISC,6.2125950535119046e-06
27,CD,I-NP,O,O,0.999962568283081,O,0.999962568283081,I-ORG,2.0736473743454553e-05,I-MISC,1.6194140698644333e-05
34,CD,I-NP,O,O,0.9998043179512024,O,0.9998043179512024,I-MISC,0.00010877349996007979,I-ORG,8.029140735743567e-05
