0,1,2,3,predictions,confidence,pred_1,pred_1_confidence,pred_2,pred_2_confidence,pred_3,pred_3_confidence
Bastia,NNP,B-NP,B-ORG,B-ORG,0.8724149465560913,B-ORG,0.8724149465560913,I-ORG,0.10901843756437302,B-MISC,0.004938347730785608
20,CD,I-NP,O,O,0.9998290538787842,O,0.9998290538787842,I-ORG,0.00014770582492928952,I-MISC,1.4438490325119346e-05
9,CD,I-NP,O,O,0.9891738891601562,O,0.9891738891601562,I-ORG,0.005820046178996563,B-ORG,0.00419897586107254
6,CD,I-NP,O,O,0.9988333582878113,O,0.9988333582878113,I-ORG,0.0009877412812784314,I-MISC,0.00011546670430107042
5,CD,I-NP,O,O,0.999691367149353,O,0.999691367149353,I-ORG,0.00024979020236060023,I-MISC,4.195898145553656e-05
27,CD,I-NP,O,O,0.9999738931655884,O,0.9999738931655884,I-ORG,1.992693796637468e-05,I-MISC,5.740457709180191e-06
22,CD,I-NP,O,O,0.9999876022338867,O,0.9999876022338867,I-ORG,6.248425506782951e-06,I-MISC,5.835720912727993e-06
33,CD,I-NP,O,O,0.9998588562011719,O,0.9998588562011719,I-MISC,7.713800732744858e-05,I-ORG,5.9443627833388746e-05
