0,1,2,3,predictions,confidence,pred_1,pred_1_confidence,pred_2,pred_2_confidence,pred_3,pred_3_confidence
Auxerre,NNP,B-NP,B-ORG,B-ORG,0.8982251286506653,B-ORG,0.8982251286506653,I-ORG,0.09611024707555771,O,0.0023222616873681545
20,CD,I-NP,O,O,0.999483585357666,O,0.999483585357666,I-ORG,0.0004598602245096117,B-ORG,3.030377411050722e-05
8,CD,I-NP,O,O,0.9963697195053101,O,0.9963697195053101,I-ORG,0.0029281035531312227,B-ORG,0.0005128519260324538
8,CD,I-NP,O,O,0.9954729676246643,O,0.9954729676246643,I-ORG,0.0037855845876038074,B-ORG,0.0004424401849973947
4,CD,I-NP,O,O,0.9999233484268188,O,0.9999233484268188,I-ORG,6.006102557876147e-05,I-MISC,1.135838101617992e-05
26,CD,B-NP,O,O,0.9999674558639526,O,0.9999674558639526,I-ORG,2.130645589204505e-05,I-MISC,1.067176981450757e-05
12,CD,I-NP,O,O,0.9998873472213745,O,0.9998873472213745,I-ORG,6.101280087023042e-05,I-MISC,4.738341522170231e-05
32,CD,I-NP,O,O,0.9998868703842163,O,0.9998868703842163,I-MISC,6.226060213521123e-05,I-ORG,4.616412479663268e-05
