0,1,2,3,predictions,confidence,pred_1,pred_1_confidence,pred_2,pred_2_confidence,pred_3,pred_3_confidence
Guingamp,NN,B-NP,B-ORG,B-ORG,0.6361501812934875,B-ORG,0.6361501812934875,I-ORG,0.19258876144886017,O,0.05155399069190025
20,CD,I-NP,O,O,0.999951958656311,O,0.999951958656311,I-ORG,3.6151330277789384e-05,I-MISC,1.0326657502446324e-05
7,CD,I-NP,O,O,0.9995824694633484,O,0.9995824694633484,I-ORG,0.00026911517488770187,I-MISC,0.00013117677008267492
7,CD,I-NP,O,O,0.9995070695877075,O,0.9995070695877075,I-ORG,0.0002643157495185733,I-MISC,0.00021234741143416613
6,CD,I-NP,O,O,0.9997828602790833,O,0.9997828602790833,I-MISC,0.000140485426527448,I-ORG,6.767248851247132e-05
18,CD,I-NP,O,O,0.9997419714927673,O,0.9997419714927673,I-MISC,0.00020377196779008955,I-ORG,3.646548429969698e-05
18,CD,I-NP,O,O,0.9997664093971252,O,0.9997664093971252,I-MISC,0.00015735461784061044,I-ORG,5.983213850413449e-05
28,CD,I-NP,O,O,0.9998600482940674,O,0.9998600482940674,I-MISC,7.495420868508518e-05,I-ORG,6.031488373992033e-05
