0,1,2,3,predictions,confidence,pred_1,pred_1_confidence,pred_2,pred_2_confidence,pred_3,pred_3_confidence
Marseille,JJ,B-NP,B-ORG,B-ORG,0.8802285194396973,B-ORG,0.8802285194396973,I-ORG,0.11179329454898834,O,0.003316979156807065
20,CD,I-NP,O,O,0.9997428059577942,O,0.9997428059577942,I-ORG,0.0002185351331718266,I-MISC,2.7451111236587167e-05
6,CD,I-NP,O,O,0.9996321201324463,O,0.9996321201324463,I-ORG,0.00029335267026908696,I-MISC,5.084241274744272e-05
8,CD,I-NP,O,O,0.9990618824958801,O,0.9990618824958801,I-ORG,0.0006333623896352947,I-MISC,0.0002495960216037929
6,CD,I-NP,O,O,0.9998214840888977,O,0.9998214840888977,I-MISC,0.00010631721670506522,I-ORG,6.469414074672386e-05
18,CD,I-NP,O,O,0.9997982382774353,O,0.9997982382774353,I-MISC,0.00015330887981690466,I-ORG,3.412510341149755e-05
17,CD,I-NP,O,O,0.9995549321174622,O,0.9995549321174622,I-MISC,0.00028600182849913836,I-ORG,0.00013843129272572696
26,CD,B-NP,O,O,0.9999703168869019,O,0.9999703168869019,I-MISC,1.7595699318917468e-05,I-ORG,1.1393403838155791e-05
