0,1,2,3,predictions,confidence,pred_1,pred_1_confidence,pred_2,pred_2_confidence,pred_3,pred_3_confidence
Lyon,NNP,B-NP,B-ORG,B-ORG,0.8302403092384338,B-ORG,0.8302403092384338,I-ORG,0.10724858939647675,B-PER,0.014122681692242622
20,CD,I-NP,O,O,0.9998935461044312,O,0.9998935461044312,I-ORG,9.154551662504673e-05,I-MISC,1.0043118891189806e-05
6,CD,I-NP,O,O,0.9993836879730225,O,0.9993836879730225,I-ORG,0.0005133522790856659,I-MISC,6.229078280739486e-05
8,CD,I-NP,O,O,0.9976736903190613,O,0.9976736903190613,I-ORG,0.001817226060666144,I-MISC,0.000353070703567937
6,CD,I-NP,O,O,0.9996315240859985,O,0.9996315240859985,I-ORG,0.0002501492854207754,I-MISC,0.00010551980085438117
24,CD,I-NP,O,O,0.9999289512634277,O,0.9999289512634277,I-MISC,3.603363802540116e-05,I-ORG,3.4009837690973654e-05
31,CD,I-NP,O,O,0.9999186992645264,O,0.9999186992645264,I-MISC,6.107642548158765e-05,I-ORG,1.7809019482228905e-05
26,CD,B-NP,O,O,0.9999631643295288,O,0.9999631643295288,I-MISC,2.182101525249891e-05,I-ORG,1.4295212167780846e-05
