0,1,2,3,predictions,confidence,pred_1,pred_1_confidence,pred_2,pred_2_confidence,pred_3,pred_3_confidence
Rennes,NNS,B-NP,B-ORG,B-ORG,0.8636805415153503,B-ORG,0.8636805415153503,I-ORG,0.12189484387636185,O,0.005193355493247509
20,CD,I-NP,O,O,0.9998134970664978,O,0.9998134970664978,I-ORG,0.00016153343312907964,I-MISC,1.2323842383921146e-05
7,CD,I-NP,O,O,0.9994375109672546,O,0.9994375109672546,I-ORG,0.0004667544271796942,B-ORG,5.8090990933123976e-05
4,CD,I-NP,O,O,0.999951958656311,O,0.999951958656311,I-ORG,3.776141966227442e-05,I-MISC,5.927499842073303e-06
9,CD,I-NP,O,O,0.9981153011322021,O,0.9981153011322021,I-ORG,0.0009446964249946177,I-MISC,0.0004687374166678637
23,CD,I-NP,O,O,0.9999879598617554,O,0.9999879598617554,I-MISC,6.3365569076268e-06,I-ORG,5.442434485303238e-06
28,CD,I-NP,O,O,0.9998323917388916,O,0.9998323917388916,I-MISC,9.611267887521535e-05,I-ORG,6.746223516529426e-05
25,CD,I-NP,O,O,0.9999035596847534,O,0.9999035596847534,I-MISC,5.59469626750797e-05,I-ORG,3.8323469198076054e-05
