0,1,2,3,predictions,confidence,pred_1,pred_1_confidence,pred_2,pred_2_confidence,pred_3,pred_3_confidence
Lens,NNP,B-NP,B-ORG,B-ORG,0.8375621438026428,B-ORG,0.8375621438026428,I-ORG,0.15176771581172943,I-MISC,0.004465670790523291
21,CD,I-NP,O,O,0.9998186230659485,O,0.9998186230659485,I-ORG,0.0001586856960784644,B-ORG,1.2125287867092993e-05
7,CD,I-NP,O,O,0.998935878276825,O,0.998935878276825,I-ORG,0.0008991978247649968,I-MISC,8.941328269429505e-05
4,CD,I-NP,O,O,0.9999523162841797,O,0.9999523162841797,I-ORG,3.5337918234290555e-05,I-MISC,9.348420462629292e-06
10,CD,I-NP,O,O,0.9998335838317871,O,0.9998335838317871,I-MISC,8.60153159010224e-05,I-ORG,7.401213952107355e-05
25,CD,I-NP,O,O,0.9999589920043945,O,0.9999589920043945,I-MISC,2.493844112905208e-05,I-ORG,1.4549307707056869e-05
34,CD,I-NP,O,O,0.9999186992645264,O,0.9999186992645264,I-MISC,4.7223755245795473e-05,I-ORG,3.108247256022878e-05
25,CD,I-NP,O,O,0.9999618530273438,O,0.9999618530273438,I-MISC,2.1800560716656037e-05,I-ORG,1.5013957636256237e-05
