0,1,2,3,predictions,confidence,pred_1,pred_1_confidence,pred_2,pred_2_confidence,pred_3,pred_3_confidence
Le,FW,B-NP,B-ORG,B-ORG,0.7016940712928772,B-ORG,0.7016940712928772,I-ORG,0.19319166243076324,I-MISC,0.031554047018289566
Havre,NNP,I-NP,I-ORG,I-ORG,0.8188572525978088,B-ORG,0.8188572525978088,I-ORG,0.14266879856586456,I-MISC,0.009596170857548714
20,CD,I-NP,O,O,0.9997559189796448,O,0.9997559189796448,I-ORG,0.00021493903477676213,I-MISC,1.7205959011334926e-05
5,CD,I-NP,O,O,0.9993742108345032,O,0.9993742108345032,I-ORG,0.0005219115410000086,B-ORG,5.608750507235527e-05
7,CD,I-NP,O,O,0.9983848333358765,O,0.9983848333358765,I-ORG,0.0013905693776905537,I-MISC,0.0001178538441308774
8,CD,I-NP,O,O,0.9951233267784119,O,0.9951233267784119,I-ORG,0.004100153688341379,B-ORG,0.0004074403550475836
20,CD,I-NP,O,O,0.9998302459716797,O,0.9998302459716797,I-ORG,0.00014873448526486754,I-MISC,1.6767788110882975e-05
21,CD,I-NP,O,O,0.9999871253967285,O,0.9999871253967285,I-ORG,1.003724173642695e-05,I-MISC,2.4809774004097562e-06
22,CD,I-NP,O,O,0.9999939203262329,O,0.9999939203262329,I-MISC,3.1277338621293893e-06,I-ORG,2.854711055988446e-06
