0,1,2,3,predictions,confidence,pred_1,pred_1_confidence,pred_2,pred_2_confidence,pred_3,pred_3_confidence
Cannes,NNP,B-NP,B-ORG,B-ORG,0.8003534078598022,B-ORG,0.8003534078598022,I-ORG,0.1444147527217865,O,0.01514581311494112
20,CD,I-NP,O,O,0.9999105930328369,O,0.9999105930328369,I-ORG,7.721751899225637e-05,I-MISC,7.986709533724934e-06
5,CD,I-NP,O,O,0.9996812343597412,O,0.9996812343597412,I-ORG,0.0002603893808554858,I-MISC,3.179299892508425e-05
7,CD,I-NP,O,O,0.9992309808731079,O,0.9992309808731079,I-ORG,0.0006399332778528333,I-MISC,8.381970837945119e-05
8,CD,I-NP,O,O,0.9983066320419312,O,0.9983066320419312,I-ORG,0.0013575393240898848,I-MISC,0.00021245657990220934
13,CD,I-NP,O,O,0.9998759031295776,O,0.9998759031295776,I-ORG,9.330538887297735e-05,I-MISC,2.704182952584233e-05
22,CD,I-NP,O,O,0.9999903440475464,O,0.9999903440475464,I-ORG,6.401764494512463e-06,I-MISC,3.059362825297285e-06
22,CD,I-NP,O,O,0.9999936819076538,O,0.9999936819076538,I-MISC,3.2452360301249428e-06,I-ORG,3.0165324460540432e-06
