0,1,2,3,predictions,confidence,pred_1,pred_1_confidence,pred_2,pred_2_confidence,pred_3,pred_3_confidence
Montpellier,NNP,B-NP,B-ORG,B-ORG,0.7694025039672852,B-ORG,0.7694025039672852,I-ORG,0.14090600609779358,O,0.07167202979326248
20,CD,I-NP,O,O,0.9998959302902222,O,0.9998959302902222,I-ORG,9.072224929695949e-05,I-MISC,8.406162123719696e-06
3,CD,I-NP,O,O,0.9998912811279297,O,0.9998912811279297,I-ORG,8.714512659935281e-05,I-MISC,1.2447780136426445e-05
9,CD,I-NP,O,O,0.9961954355239868,O,0.9961954355239868,I-ORG,0.0021493625827133656,B-ORG,0.0009797930251806974
8,CD,I-NP,O,O,0.999096155166626,O,0.999096155166626,I-ORG,0.0005371141596697271,I-MISC,0.0003213341406080872
17,CD,I-NP,O,O,0.9994385838508606,O,0.9994385838508606,I-MISC,0.00031442983890883625,I-ORG,0.0002299753250554204
24,CD,I-NP,O,O,0.9999333620071411,O,0.9999333620071411,I-MISC,3.5288147046230733e-05,I-ORG,3.039070543309208e-05
18,CD,I-NP,O,O,0.999476969242096,O,0.999476969242096,I-MISC,0.00036037847166880965,I-ORG,0.0001326305791735649
