0,1,2,3,predictions,confidence,pred_1,pred_1_confidence,pred_2,pred_2_confidence,pred_3,pred_3_confidence
Caen,NNP,B-NP,B-ORG,B-ORG,0.8169996738433838,B-ORG,0.8169996738433838,I-ORG,0.13501296937465668,I-MISC,0.013404792174696922
20,CD,I-NP,O,O,0.999880313873291,O,0.999880313873291,I-ORG,0.00010500181815586984,I-MISC,8.74133183970116e-06
3,CD,I-NP,O,O,0.9998430013656616,O,0.9998430013656616,I-ORG,0.00012688315473496914,I-MISC,1.542282734590117e-05
7,CD,I-NP,O,O,0.9989097118377686,O,0.9989097118377686,I-ORG,0.0009045881452038884,I-MISC,0.00012614569277502596
10,CD,I-NP,O,O,0.9994359612464905,O,0.9994359612464905,I-ORG,0.00046734389616176486,I-MISC,7.136388740036637e-05
12,CD,I-NP,O,O,0.9996985197067261,O,0.9996985197067261,I-ORG,0.0002466853184159845,I-MISC,4.3823452870128676e-05
23,CD,I-NP,O,O,0.9999839067459106,O,0.9999839067459106,I-ORG,1.0326682058803272e-05,I-MISC,5.53673862668802e-06
16,CD,I-NP,O,O,0.9974919557571411,O,0.9974919557571411,I-ORG,0.0014009850565344095,I-MISC,0.001032804837450385
