0,1,2,3,predictions,confidence,pred_1,pred_1_confidence,pred_2,pred_2_confidence,pred_3,pred_3_confidence
Nancy,NNP,B-NP,B-ORG,B-ORG,0.8085265159606934,B-ORG,0.8085265159606934,I-ORG,0.16212326288223267,O,0.020132504403591156
21,CD,I-NP,O,O,0.9999679327011108,O,0.9999679327011108,I-ORG,2.7604242859524675e-05,B-ORG,2.2372796593117528e-06
3,CD,I-NP,O,O,0.9998993873596191,O,0.9998993873596191,I-ORG,7.892094436101615e-05,I-MISC,1.2636818610189948e-05
7,CD,I-NP,O,O,0.9994656443595886,O,0.9994656443595886,I-ORG,0.00041553782648406923,I-MISC,9.043163299793378e-05
11,CD,I-NP,O,O,0.998432457447052,O,0.998432457447052,I-ORG,0.001248642336577177,I-MISC,0.00024372863117605448
14,CD,I-NP,O,O,0.9998643398284912,O,0.9998643398284912,I-ORG,0.00010100741201313213,I-MISC,3.003949677804485e-05
26,CD,B-NP,O,O,0.9999762773513794,O,0.9999762773513794,I-ORG,1.2162828170403372e-05,I-MISC,1.1128014193673152e-05
16,CD,I-NP,O,O,0.9987974166870117,O,0.9987974166870117,I-ORG,0.0006612399010919034,I-MISC,0.0005007755826227367
