0,1,2,3,predictions,confidence,pred_1,pred_1_confidence,pred_2,pred_2_confidence,pred_3,pred_3_confidence
Nice,JJ,B-ADJP,B-ORG,B-ORG,0.8224565982818604,B-ORG,0.8224565982818604,I-ORG,0.16458310186862946,I-MISC,0.004473994020372629
20,CD,B-NP,O,O,0.9996115565299988,O,0.9996115565299988,I-ORG,0.00034215455525554717,B-ORG,2.8690192266367376e-05
3,CD,I-NP,O,O,0.9998787641525269,O,0.9998787641525269,I-ORG,9.615041926736012e-05,B-ORG,1.7798800399759784e-05
4,CD,I-NP,O,O,0.9999641180038452,O,0.9999641180038452,I-ORG,2.817549102474004e-05,B-ORG,3.966787517128978e-06
13,CD,I-NP,O,O,0.9999368190765381,O,0.9999368190765381,I-ORG,4.849361357628368e-05,I-MISC,1.1662677025015e-05
17,CD,I-NP,O,O,0.9994823932647705,O,0.9994823932647705,I-ORG,0.00040429129148833454,I-MISC,9.353393397759646e-05
38,CD,I-NP,O,O,0.9999771118164062,O,0.9999771118164062,I-ORG,1.846521263360046e-05,I-MISC,3.98272186430404e-06
13,CD,I-NP,O,O,0.999790608882904,O,0.999790608882904,I-ORG,0.00011273303971393034,I-MISC,9.182593203149736e-05
