0,1,2,3,predictions,confidence,pred_1,pred_1_confidence,pred_2,pred_2_confidence,pred_3,pred_3_confidence
PARIS,NNP,B-NP,B-LOC,O,0.28033730387687683,O,0.28033730387687683,B-ORG,0.21490365266799927,B-LOC,0.17919766902923584
1996-12-06,CD,I-NP,O,O,0.9998196959495544,O,0.9998196959495544,I-MISC,8.108832116704434e-05,I-ORG,7.012418791418895e-05
Results,NNS,B-NP,O,O,0.46874043345451355,O,0.46874043345451355,B-MISC,0.13181528449058533,B-PER,0.10270597785711288
of,IN,B-PP,O,O,0.992294430732727,O,0.992294430732727,I-MISC,0.005280454643070698,I-ORG,0.0017461557872593403
French,JJ,B-NP,B-MISC,B-MISC,0.7310828566551208,B-MISC,0.7310828566551208,I-MISC,0.12608930468559265,I-ORG,0.0589565746486187
first,JJ,I-NP,O,O,0.999241828918457,O,0.999241828918457,I-ORG,0.0004063010273966938,I-MISC,0.00031758498516865075
division,NN,I-NP,O,O,0.98940509557724,O,0.98940509557724,I-ORG,0.005639463197439909,I-MISC,0.0034323297441005707
