0,1,2,3,predictions,confidence,pred_1,pred_1_confidence,pred_2,pred_2_confidence,pred_3,pred_3_confidence
matches,NNS,B-NP,O,O,0.9998688697814941,O,0.9998688697814941,I-MISC,6.438895798055455e-05,I-ORG,4.9394202505936846e-05
on,IN,B-PP,O,O,0.9998511075973511,O,0.9998511075973511,I-MISC,9.028043859871104e-05,B-PER,2.0574419977492653e-05
Friday,NNP,B-NP,O,O,0.9903562664985657,O,0.9903562664985657,I-MISC,0.0038502460811287165,B-MISC,0.002173109445720911
:,:,O,O,O,0.9996194839477539,O,0.9996194839477539,I-MISC,0.0002745988895185292,I-ORG,6.803166616009548e-05
