0,1,2,3,predictions,confidence,pred_1,pred_1_confidence,pred_2,pred_2_confidence,pred_3,pred_3_confidence
Paris,NNP,B-NP,B-ORG,B-ORG,0.7695744633674622,B-ORG,0.7695744633674622,I-ORG,0.16075456142425537,B-PER,0.0161711685359478
St,NNP,I-NP,I-ORG,I-ORG,0.7251061201095581,B-ORG,0.7251061201095581,I-ORG,0.2231927067041397,O,0.02139878273010254
Germain,NNP,I-NP,I-ORG,I-ORG,0.7748720049858093,B-ORG,0.7748720049858093,I-ORG,0.19360768795013428,B-MISC,0.014940991997718811
1,CD,I-NP,O,O,0.9966136813163757,O,0.9966136813163757,I-ORG,0.0025176911149173975,B-ORG,0.0005652466206811368
Nancy,NNP,I-NP,B-ORG,B-ORG,0.5119604468345642,B-ORG,0.5119604468345642,I-ORG,0.4078575372695923,I-MISC,0.031702056527137756
2,CD,I-NP,O,O,0.9998013377189636,O,0.9998013377189636,I-ORG,0.00012956565478816628,I-MISC,6.055894118617289e-05
