0,1,2,3,predictions,confidence,pred_1,pred_1_confidence,pred_2,pred_2_confidence,pred_3,pred_3_confidence
Attendance,NNP,B-NP,O,O,0.7457293272018433,O,0.7457293272018433,B-MISC,0.12297455221414566,I-MISC,0.0629732757806778
:,:,O,O,O,0.9994940757751465,O,0.9994940757751465,I-MISC,0.00033945817267522216,I-ORG,0.00010176444629905745
"24,602",CD,B-NP,O,O,0.999953031539917,O,0.999953031539917,I-ORG,2.6129846446565352e-05,I-MISC,1.869593506853562e-05
