0,1,2,3,predictions,confidence,pred_1,pred_1_confidence,pred_2,pred_2_confidence,pred_3,pred_3_confidence
Halftime,NNP,B-NP,O,O,0.974541425704956,O,0.974541425704956,B-ORG,0.00849776528775692,B-PER,0.005052785389125347
2-0,CD,I-NP,O,O,0.999931812286377,O,0.999931812286377,I-MISC,4.2506617319304496e-05,I-ORG,2.3155629605753347e-05
.,.,O,O,O,0.9998857975006104,O,0.9998857975006104,I-MISC,7.023042417131364e-05,I-ORG,3.667249620775692e-05
