0,1,2,3,predictions,confidence,pred_1,pred_1_confidence,pred_2,pred_2_confidence,pred_3,pred_3_confidence
SOCCER,NN,B-NP,O,O,0.48354098200798035,O,0.48354098200798035,B-ORG,0.26975420117378235,I-MISC,0.09276489913463593
-,:,O,O,O,0.9992103576660156,O,0.9992103576660156,I-ORG,0.00036159760202281177,I-MISC,0.00035875182948075235
WEAH,NNP,B-NP,B-PER,B-ORG,0.47056615352630615,B-ORG,0.47056615352630615,O,0.11988583952188492,B-MISC,0.10939767211675644
HEAD-BUTT,NNP,I-NP,O,O,0.257853627204895,O,0.257853627204895,B-ORG,0.2357037365436554,B-LOC,0.1554543524980545
DEPRIVES,NNP,I-NP,O,O,0.5259642601013184,O,0.5259642601013184,B-ORG,0.11882860958576202,I-MISC,0.10744386911392212
PORTUGAL,JJ,I-NP,B-LOC,O,0.3832065761089325,O,0.3832065761089325,B-MISC,0.17454706132411957,B-ORG,0.15188299119472504
OF,IN,B-PP,O,O,0.8494168519973755,O,0.8494168519973755,B-MISC,0.0521223209798336,I-MISC,0.03666246682405472
COSTA,NNP,B-NP,B-PER,O,0.31823721528053284,O,0.31823721528053284,B-ORG,0.22074609994888306,B-LOC,0.11731966584920883
.,.,O,O,O,0.9999284744262695,O,0.9999284744262695,I-MISC,4.132401954848319e-05,I-ORG,2.307205431861803e-05
