0,1,2,3,predictions,confidence,pred_1,pred_1_confidence,pred_2,pred_2_confidence,pred_3,pred_3_confidence
The,DT,B-NP,O,O,0.7925909161567688,O,0.7925909161567688,B-PER,0.06850529462099075,I-PER,0.04093344509601593
Portuguese,JJ,I-NP,B-MISC,O,0.2385907918214798,B-PER,0.2385907918214798,I-PER,0.20765173435211182,O,0.1808142066001892
host,NN,I-NP,O,O,0.9993985891342163,O,0.9993985891342163,I-ORG,0.000260103348409757,I-MISC,0.00016122499073389918
Germany,NNP,I-NP,B-LOC,B-LOC,0.6142351627349854,B-LOC,0.6142351627349854,B-PER,0.08709727972745895,I-LOC,0.08167300373315811
on,IN,B-PP,O,O,0.9953761100769043,O,0.9953761100769043,I-ORG,0.0026381404604762793,I-MISC,0.001360991271212697
December,NNP,B-NP,O,O,0.38990354537963867,O,0.38990354537963867,B-ORG,0.3508129119873047,I-ORG,0.20188452303409576
14,CD,I-NP,O,O,0.9998055100440979,O,0.9998055100440979,I-ORG,0.0001247163600055501,I-MISC,6.354404467856511e-05
.,.,O,O,O,0.9996234178543091,O,0.9996234178543091,I-MISC,0.00020783870422746986,I-ORG,0.0001460645580664277
