0,1,2,3,predictions,confidence,pred_1,pred_1_confidence,pred_2,pred_2_confidence,pred_3,pred_3_confidence
MADRID,NNP,B-NP,B-LOC,B-LOC,0.6746212244033813,B-LOC,0.6746212244033813,B-PER,0.19363705813884735,B-ORG,0.03279894217848778
1996-12-06,CD,I-NP,O,O,0.9998160004615784,O,0.9998160004615784,I-ORG,8.300629997393116e-05,I-MISC,5.1913706556661054e-05
William,NNP,B-NP,B-PER,B-PER,0.5311933159828186,B-PER,0.5311933159828186,I-PER,0.17461852729320526,B-LOC,0.10848265141248703
Hill,NNP,I-NP,I-PER,I-PER,0.46544575691223145,B-PER,0.46544575691223145,I-PER,0.21070580184459686,B-LOC,0.14956030249595642
betting,VBG,B-VP,O,O,0.9999163150787354,O,0.9999163150787354,I-ORG,5.2286912250565365e-05,I-MISC,2.1714455215260386e-05
on,IN,B-PP,O,O,0.9992932081222534,O,0.9992932081222534,I-MISC,0.0002077215031022206,I-ORG,0.00018164640641771257
Saturday,NNP,B-NP,O,O,0.7704551815986633,O,0.7704551815986633,B-PER,0.07513901591300964,B-ORG,0.04427658021450043
's,POS,I-NP,O,O,0.9975482821464539,O,0.9975482821464539,I-MISC,0.001091477693989873,I-ORG,0.0010224112775176764
