0,1,2,3,predictions,confidence,pred_1,pred_1_confidence,pred_2,pred_2_confidence,pred_3,pred_3_confidence
To,TO,B-VP,O,O,0.9813976287841797,O,0.9813976287841797,I-MISC,0.007087334059178829,B-MISC,0.0062669371254742146
win,VB,I-VP,O,O,0.9999511241912842,O,0.9999511241912842,I-MISC,3.862684025079943e-05,I-ORG,6.759643838449847e-06
:,:,O,O,O,0.9995408058166504,O,0.9995408058166504,I-MISC,0.0003199332277290523,I-ORG,8.799188071861863e-05
6-5,JJ,B-NP,O,O,0.9999463558197021,O,0.9999463558197021,I-MISC,2.7142306862515397e-05,I-ORG,2.453419983794447e-05
Real,NNP,I-NP,B-ORG,B-PER,0.4829619228839874,B-PER,0.4829619228839874,I-PER,0.14407403767108917,B-LOC,0.08783408254384995
Madrid,NNP,I-NP,I-ORG,I-PER,0.5225262641906738,B-PER,0.5225262641906738,I-PER,0.16964757442474365,B-LOC,0.12547236680984497
;,:,O,O,O,0.9969270825386047,O,0.9969270825386047,I-MISC,0.0013546650297939777,I-ORG,0.0009415335371159017
7-4,NNP,B-NP,O,O,0.9999662637710571,O,0.9999662637710571,I-ORG,1.7201127775479108e-05,I-MISC,1.4591197214031126e-05
Barcelona,NNP,I-NP,B-ORG,B-PER,0.3758904039859772,B-PER,0.3758904039859772,B-ORG,0.22927303612232208,I-PER,0.13745613396167755
