0,1,2,3,predictions,confidence,pred_1,pred_1_confidence,pred_2,pred_2_confidence,pred_3,pred_3_confidence
Draw,NN,B-NP,O,O,0.2674531936645508,B-PER,0.2674531936645508,B-MISC,0.24285084009170532,O,0.16575737297534943
:,:,O,O,O,0.9994940757751465,O,0.9994940757751465,I-MISC,0.00033945817267522216,I-ORG,0.00010176444629905745
9-4,CD,B-NP,O,O,0.9968101382255554,O,0.9968101382255554,I-MISC,0.0014133426593616605,I-ORG,0.0012743656989187002
