0,1,2,3,predictions,confidence,pred_1,pred_1_confidence,pred_2,pred_2_confidence,pred_3,pred_3_confidence
Real,JJ,B-NP,B-ORG,B-PER,0.33370932936668396,B-PER,0.33370932936668396,B-ORG,0.20729124546051025,I-PER,0.10314121842384338
Madrid,NNP,I-NP,I-ORG,I-PER,0.2896660268306732,B-PER,0.2896660268306732,B-ORG,0.27397799491882324,I-ORG,0.11469615995883942
to,TO,B-VP,O,O,0.9982262253761292,O,0.9982262253761292,I-ORG,0.0009312977199442685,I-MISC,0.0007206651498563588
win,VB,I-VP,O,O,0.9989515542984009,O,0.9989515542984009,I-ORG,0.0004997029900550842,I-MISC,0.0004969902220182121
Barcelona,NNP,B-NP,B-ORG,B-LOC,0.4225502610206604,B-ORG,0.4225502610206604,I-ORG,0.1464308500289917,B-LOC,0.1249266117811203
to,TO,B-VP,O,O,0.9964439272880554,O,0.9964439272880554,I-ORG,0.0017837112536653876,I-MISC,0.0015319774392992258
win,VB,I-VP,O,O,0.9984979629516602,O,0.9984979629516602,I-MISC,0.0007553200121037662,I-ORG,0.000658273755107075
