0,1,2,3,predictions,confidence,pred_1,pred_1_confidence,pred_2,pred_2_confidence,pred_3,pred_3_confidence
1-0,CD,B-NP,O,O,0.9992741942405701,O,0.9992741942405701,I-ORG,0.00032491356250829995,I-MISC,0.0003125205694232136
13-2,CD,I-NP,O,O,0.9997033476829529,O,0.9997033476829529,I-ORG,0.0001545256527606398,I-MISC,0.00011232143151573837
1-0,CD,I-NP,O,O,0.9989421963691711,O,0.9989421963691711,I-MISC,0.0004958079662173986,I-ORG,0.00046187988482415676
15-2,CD,I-NP,O,O,0.9993022680282593,O,0.9993022680282593,I-ORG,0.00035509400186128914,I-MISC,0.0002791206643451005
