0,1,2,3,predictions,confidence,pred_1,pred_1_confidence,pred_2,pred_2_confidence,pred_3,pred_3_confidence
2-0,CD,B-NP,O,O,0.9998925924301147,O,0.9998925924301147,I-ORG,5.133475497132167e-05,I-MISC,4.923710730508901e-05
9-1,CD,I-NP,O,O,0.9960448145866394,O,0.9960448145866394,I-ORG,0.001633591135032475,I-MISC,0.0015784942079335451
2-0,CD,I-NP,O,O,0.9998409748077393,O,0.9998409748077393,I-MISC,7.813577394699678e-05,I-ORG,7.299535354832187e-05
12-1,NNP,I-NP,O,O,0.998995840549469,O,0.998995840549469,I-ORG,0.0005037343944422901,I-MISC,0.0004017840255983174
