0,1,2,3,predictions,confidence,pred_1,pred_1_confidence,pred_2,pred_2_confidence,pred_3,pred_3_confidence
2-1,CD,B-NP,O,O,0.9999164342880249,O,0.9999164342880249,I-ORG,4.229170372127555e-05,I-MISC,3.593466681195423e-05
8-1,CD,I-NP,O,O,0.9998451471328735,O,0.9998451471328735,I-ORG,7.549990550614893e-05,I-MISC,6.89388980390504e-05
2-1,CD,I-NP,O,O,0.9998767375946045,O,0.9998767375946045,I-ORG,6.013725942466408e-05,I-MISC,5.7026427384698763e-05
10-1,JJ,I-NP,O,O,0.9990723133087158,O,0.9990723133087158,I-ORG,0.00045648778905160725,I-MISC,0.0003896066336892545
