0,1,2,3,predictions,confidence,pred_1,pred_1_confidence,pred_2,pred_2_confidence,pred_3,pred_3_confidence
3-1,CD,B-NP,O,O,0.999942421913147,O,0.999942421913147,I-ORG,2.9678820283152163e-05,I-MISC,2.4498191123711877e-05
16-1,JJ,I-NP,O,O,0.9994809031486511,O,0.9994809031486511,I-ORG,0.0002626479254104197,I-MISC,0.00020114996004849672
3-1,CD,I-NP,O,O,0.9999150037765503,O,0.9999150037765503,I-ORG,4.220275877742097e-05,I-MISC,3.887782077072188e-05
22-1,CD,I-NP,O,O,0.999854564666748,O,0.999854564666748,I-ORG,7.77036912040785e-05,I-MISC,6.052388562238775e-05
