0,1,2,3,predictions,confidence,pred_1,pred_1_confidence,pred_2,pred_2_confidence,pred_3,pred_3_confidence
3-2,JJ,B-NP,O,O,0.9999641180038452,O,0.9999641180038452,I-ORG,1.8881850337493233e-05,I-MISC,1.5192871614999603e-05
25-1,CD,I-NP,O,O,0.999923825263977,O,0.999923825263977,I-ORG,4.13201232731808e-05,I-MISC,3.078849476878531e-05
3-2,JJ,I-NP,O,O,0.9999469518661499,O,0.9999469518661499,I-ORG,2.6849907953874208e-05,I-MISC,2.411083369224798e-05
25-1,CD,I-NP,O,O,0.999858021736145,O,0.999858021736145,I-ORG,7.550368900410831e-05,I-MISC,5.979090929031372e-05
