0,1,2,3,predictions,confidence,pred_1,pred_1_confidence,pred_2,pred_2_confidence,pred_3,pred_3_confidence
4-0,JJ,B-NP,O,O,0.9999139308929443,O,0.9999139308929443,I-ORG,4.164470374234952e-05,I-MISC,3.9024136640364304e-05
50-1,CD,I-NP,O,O,0.9999388456344604,O,0.9999388456344604,I-ORG,3.247152562835254e-05,I-MISC,2.5711769922054373e-05
4-0,JJ,I-NP,O,O,0.9998726844787598,O,0.9998726844787598,I-MISC,6.192915316205472e-05,I-ORG,5.9217214584350586e-05
100-1,JJ,I-NP,O,O,0.9991540908813477,O,0.9991540908813477,I-ORG,0.00044285194599069655,I-MISC,0.00032663880847394466
