0,1,2,3,predictions,confidence,pred_1,pred_1_confidence,pred_2,pred_2_confidence,pred_3,pred_3_confidence
4-1,CD,B-NP,O,O,0.9999313354492188,O,0.9999313354492188,I-ORG,3.5173063224647194e-05,I-MISC,2.9258133508847095e-05
40-1,JJ,I-NP,O,O,0.9999392032623291,O,0.9999392032623291,I-ORG,3.263352846261114e-05,I-MISC,2.501104427210521e-05
4-1,CD,I-NP,O,O,0.9998986721038818,O,0.9998986721038818,I-ORG,5.001521640224382e-05,I-MISC,4.6431447117356583e-05
80-1,CD,I-NP,O,O,0.9997547268867493,O,0.9997547268867493,I-ORG,0.00012612917635124177,I-MISC,0.00010542858944972977
