0,1,2,3,predictions,confidence,pred_1,pred_1_confidence,pred_2,pred_2_confidence,pred_3,pred_3_confidence
4-2,CD,B-NP,O,O,0.9999562501907349,O,0.9999562501907349,I-ORG,2.2710240955348127e-05,I-MISC,1.849360705818981e-05
50-1,CD,I-NP,O,O,0.9999388456344604,O,0.9999388456344604,I-ORG,3.247152562835254e-05,I-MISC,2.5711769922054373e-05
4-2,JJ,I-NP,O,O,0.9999356269836426,O,0.9999356269836426,I-ORG,3.2293755793944e-05,I-MISC,2.9348942916840315e-05
80-1,CD,I-NP,O,O,0.9997547268867493,O,0.9997547268867493,I-ORG,0.00012612917635124177,I-MISC,0.00010542858944972977
