0,1,2,3,predictions,confidence,pred_1,pred_1_confidence,pred_2,pred_2_confidence,pred_3,pred_3_confidence
Draw,NN,B-NP,O,O,0.2624860107898712,B-PER,0.2624860107898712,B-MISC,0.24220475554466248,O,0.16678324341773987
:,:,O,O,O,0.999512791633606,O,0.999512791633606,I-MISC,0.00032658877898938954,I-ORG,9.861003491096199e-05
0-0,CD,B-NP,O,O,0.9998761415481567,O,0.9998761415481567,I-MISC,6.524093623738736e-05,I-ORG,5.3316955018090084e-05
8-1,JJ,B-ADVP,O,O,0.9997479319572449,O,0.9997479319572449,I-MISC,0.00012276029156055301,I-ORG,0.00011532030475791544
