0,1,2,3,predictions,confidence,pred_1,pred_1_confidence,pred_2,pred_2_confidence,pred_3,pred_3_confidence
3-3,JJ,B-ADVP,O,O,0.9999862909317017,O,0.9999862909317017,I-MISC,8.712344424566254e-06,I-ORG,4.2793844841071405e-06
50-1,CD,B-NP,O,O,0.9999771118164062,O,0.9999771118164062,I-MISC,1.5332701877923682e-05,I-ORG,6.078690603317227e-06
Double,RB,B-NP,O,B-PER,0.5729479193687439,B-PER,0.5729479193687439,B-LOC,0.11067896336317062,I-PER,0.10024796426296234
result,NN,I-NP,O,O,0.9999163150787354,O,0.9999163150787354,I-MISC,5.1205908675910905e-05,I-ORG,2.4372624466195703e-05
:,:,O,O,O,0.9990635514259338,O,0.9990635514259338,I-MISC,0.0006227331468835473,I-ORG,0.00020475650671869516
