0,1,2,3,predictions,confidence,pred_1,pred_1_confidence,pred_2,pred_2_confidence,pred_3,pred_3_confidence
half-time,NN,B-NP,O,O,0.9998470544815063,O,0.9998470544815063,I-ORG,9.96520757325925e-05,I-MISC,4.035199526697397e-05
full-time,RB,B-ADVP,O,O,0.9995689988136292,O,0.9995689988136292,I-ORG,0.0002650335954967886,I-MISC,0.00010736424883361906
5-2,CD,B-NP,O,O,0.999932050704956,O,0.999932050704956,I-ORG,3.655923137557693e-05,I-MISC,2.900044091802556e-05
Real,JJ,I-NP,B-ORG,B-PER,0.27668043971061707,B-PER,0.27668043971061707,B-ORG,0.1750495880842209,I-ORG,0.13411659002304077
Madrid,NNP,I-NP,I-ORG,I-PER,0.29654210805892944,B-PER,0.29654210805892944,B-ORG,0.19391465187072754,I-ORG,0.12380342930555344
Real,NNP,I-NP,B-ORG,B-PER,0.2931899428367615,B-PER,0.2931899428367615,B-ORG,0.14730432629585266,I-ORG,0.1254621148109436
Madrid,NNP,I-NP,I-ORG,I-PER,0.3287568986415863,B-PER,0.3287568986415863,B-ORG,0.1572740375995636,I-PER,0.13988490402698517
