0,1,2,3,predictions,confidence,pred_1,pred_1_confidence,pred_2,pred_2_confidence,pred_3,pred_3_confidence
14-1,CD,B-NP,O,O,0.9995446801185608,O,0.9995446801185608,I-ORG,0.00023475964553654194,I-MISC,0.00016365248302463442
Real,JJ,I-NP,B-ORG,B-PER,0.3836192786693573,B-PER,0.3836192786693573,B-ORG,0.14338862895965576,I-PER,0.118637815117836
Madrid,NNP,I-NP,I-ORG,B-PER,0.3661438524723053,B-PER,0.3661438524723053,B-ORG,0.16377782821655273,I-PER,0.12704555690288544
Draw,NNP,I-NP,O,I-PER,0.3506282866001129,B-PER,0.3506282866001129,B-LOC,0.13744917511940002,B-ORG,0.12944269180297852
