0,1,2,3,predictions,confidence,pred_1,pred_1_confidence,pred_2,pred_2_confidence,pred_3,pred_3_confidence
28-1,CD,B-NP,O,O,0.9999204874038696,O,0.9999204874038696,I-ORG,4.3894844566239044e-05,I-MISC,3.0117802452878095e-05
Real,JJ,I-NP,B-ORG,B-PER,0.3836192786693573,B-PER,0.3836192786693573,B-ORG,0.14338862895965576,I-PER,0.118637815117836
Madrid,NNP,I-NP,I-ORG,I-PER,0.3661438524723053,B-PER,0.3661438524723053,B-ORG,0.16377782821655273,I-PER,0.12704555690288544
Barcelona,NNP,I-NP,B-ORG,B-ORG,0.27949509024620056,B-ORG,0.27949509024620056,B-PER,0.23864762485027313,B-LOC,0.17463529109954834
