0,1,2,3,predictions,confidence,pred_1,pred_1_confidence,pred_2,pred_2_confidence,pred_3,pred_3_confidence
5-1,CD,B-NP,O,O,0.9999287128448486,O,0.9999287128448486,I-ORG,3.647733683465049e-05,I-MISC,3.053608816117048e-05
Draw,NNP,I-NP,O,B-PER,0.407528817653656,B-PER,0.407528817653656,B-ORG,0.14420148730278015,B-LOC,0.11921890825033188
Real,NNP,I-NP,B-ORG,B-PER,0.3473083972930908,B-PER,0.3473083972930908,B-ORG,0.13821180164813995,I-PER,0.1197953149676323
Madrid,NNP,I-NP,I-ORG,I-PER,0.35013583302497864,B-PER,0.35013583302497864,B-ORG,0.15347707271575928,I-PER,0.13380207121372223
