0,1,2,3,predictions,confidence,pred_1,pred_1_confidence,pred_2,pred_2_confidence,pred_3,pred_3_confidence
4-1,CD,B-NP,O,O,0.999931812286377,O,0.999931812286377,I-ORG,3.3985681511694565e-05,I-MISC,2.978034899570048e-05
Draw,NNP,I-NP,O,B-PER,0.42711231112480164,B-PER,0.42711231112480164,B-ORG,0.1279015690088272,B-LOC,0.1220671534538269
Draw,NNP,I-NP,O,I-PER,0.38743317127227783,B-PER,0.38743317127227783,B-LOC,0.13414359092712402,B-ORG,0.12310834228992462
