0,1,2,3,predictions,confidence,pred_1,pred_1_confidence,pred_2,pred_2_confidence,pred_3,pred_3_confidence
11-2,CD,B-NP,O,O,0.9995452761650085,O,0.9995452761650085,I-ORG,0.00022587479907087982,I-MISC,0.00016118530766107142
Draw,NNP,I-NP,O,B-PER,0.42711231112480164,B-PER,0.42711231112480164,B-ORG,0.1279015690088272,B-LOC,0.1220671534538269
Barcelona,NNP,I-NP,B-ORG,I-PER,0.26998382806777954,B-ORG,0.26998382806777954,B-PER,0.2678307890892029,B-LOC,0.17310652136802673
