0,1,2,3,predictions,confidence,pred_1,pred_1_confidence,pred_2,pred_2_confidence,pred_3,pred_3_confidence
25-1,CD,B-NP,O,O,0.9999266862869263,O,0.9999266862869263,I-ORG,4.049966810271144e-05,I-MISC,2.814698927977588e-05
Barcelona,NNP,I-NP,B-ORG,B-ORG,0.31011050939559937,B-ORG,0.31011050939559937,B-PER,0.2762603759765625,B-LOC,0.1508638709783554
Real,NNP,I-NP,B-ORG,B-PER,0.3473083972930908,B-PER,0.3473083972930908,B-ORG,0.13821180164813995,I-PER,0.1197953149676323
Madrid,NNP,I-NP,I-ORG,I-PER,0.35013583302497864,B-PER,0.35013583302497864,B-ORG,0.15347707271575928,I-PER,0.13380207121372223
