0,1,2,3,predictions,confidence,pred_1,pred_1_confidence,pred_2,pred_2_confidence,pred_3,pred_3_confidence
14-1,NNP,B-NP,O,O,0.9995473027229309,O,0.9995473027229309,I-ORG,0.00022683502174913883,I-MISC,0.000166573649039492
Barcelona,NNP,I-NP,B-ORG,B-PER,0.2966232895851135,B-PER,0.2966232895851135,B-ORG,0.2817899286746979,B-LOC,0.15824928879737854
Draw,NNP,I-NP,O,I-PER,0.38743317127227783,B-PER,0.38743317127227783,B-LOC,0.13414359092712402,B-ORG,0.12310834228992462
