0,1,2,3,predictions,confidence,pred_1,pred_1_confidence,pred_2,pred_2_confidence,pred_3,pred_3_confidence
4-1,CD,B-NP,O,O,0.999931812286377,O,0.999931812286377,I-ORG,3.3985681511694565e-05,I-MISC,2.978034899570048e-05
Barcelona,NNP,I-NP,B-ORG,B-PER,0.2966232895851135,B-PER,0.2966232895851135,B-ORG,0.2817899286746979,B-LOC,0.15824928879737854
Barcelona,NNP,I-NP,B-ORG,I-PER,0.26998382806777954,B-ORG,0.26998382806777954,B-PER,0.2678307890892029,B-LOC,0.17310652136802673
