0,1,2,3,predictions,confidence,pred_1,pred_1_confidence,pred_2,pred_2_confidence,pred_3,pred_3_confidence
Real,JJ,B-NP,B-ORG,B-PER,0.4166243076324463,B-PER,0.4166243076324463,B-ORG,0.13942912220954895,I-PER,0.12545143067836761
Madrid,NNP,I-NP,I-ORG,I-PER,0.42258575558662415,B-PER,0.42258575558662415,B-ORG,0.15025363862514496,I-PER,0.13084587454795837
Barcelona,NNP,I-NP,B-ORG,B-ORG,0.26998382806777954,B-ORG,0.26998382806777954,B-PER,0.2678307890892029,B-LOC,0.17310652136802673
