0,1,2,3,predictions,confidence,pred_1,pred_1_confidence,pred_2,pred_2_confidence,pred_3,pred_3_confidence
5-1,CD,B-NP,O,O,0.9999352693557739,O,0.9999352693557739,I-ORG,3.203748201485723e-05,I-MISC,2.843589572876226e-05
Pedrag,NNP,I-NP,B-PER,B-PER,0.3869684636592865,O,0.3869684636592865,B-PER,0.18830621242523193,B-ORG,0.12507976591587067
Mijatovic,NNP,I-NP,I-PER,I-PER,0.37901636958122253,B-PER,0.37901636958122253,B-ORG,0.14314992725849152,I-PER,0.1382712572813034
7-1,NNP,I-NP,O,O,0.9999083280563354,O,0.9999083280563354,I-MISC,4.6222430682973936e-05,I-ORG,3.9919330447446555e-05
Luis,NNP,I-NP,B-PER,B-PER,0.4262833297252655,B-PER,0.4262833297252655,I-PER,0.14492541551589966,B-LOC,0.13035598397254944
Figo,NNP,I-NP,I-PER,I-PER,0.22984512150287628,B-PER,0.22984512150287628,B-LOC,0.21756240725517273,I-PER,0.16832174360752106
