0,1,2,3,predictions,confidence,pred_1,pred_1_confidence,pred_2,pred_2_confidence,pred_3,pred_3_confidence
7-1,JJ,B-ADJP,O,O,0.9999433755874634,O,0.9999433755874634,I-ORG,2.752514774329029e-05,I-MISC,2.4357574147870764e-05
Raul,NNP,B-NP,B-PER,B-PER,0.5445247888565063,B-PER,0.5445247888565063,I-PER,0.15527839958667755,B-LOC,0.11679598689079285
Gonzalez,NNP,I-NP,I-PER,I-PER,0.34596875309944153,B-LOC,0.34596875309944153,B-PER,0.27696701884269714,I-PER,0.15506410598754883
7-1,NNP,I-NP,O,O,0.9998537302017212,O,0.9998537302017212,I-ORG,7.780283340252936e-05,I-MISC,6.222713273018599e-05
Juan,NNP,I-NP,B-PER,B-PER,0.27432745695114136,B-PER,0.27432745695114136,B-ORG,0.14146006107330322,B-LOC,0.13245533406734467
Pizzi,NNP,I-NP,I-PER,I-PER,0.27052080631256104,B-PER,0.27052080631256104,B-LOC,0.20031368732452393,B-ORG,0.14804521203041077
