0,1,2,3,predictions,confidence,pred_1,pred_1_confidence,pred_2,pred_2_confidence,pred_3,pred_3_confidence
12-1,NNP,B-NP,O,O,0.9995368719100952,O,0.9995368719100952,I-MISC,0.00018776251818053424,I-ORG,0.00018142579938285053
Fernando,NNP,I-NP,B-PER,B-PER,0.2328743189573288,B-LOC,0.2328743189573288,B-PER,0.21039921045303345,I-PER,0.12601545453071594
Redondo,NNP,I-NP,I-PER,I-PER,0.25351378321647644,B-PER,0.25351378321647644,B-ORG,0.2008192092180252,O,0.11482541263103485
9-1,NNP,I-NP,O,O,0.9973817467689514,O,0.9973817467689514,I-MISC,0.0011802519438788295,I-ORG,0.0007690108614042401
Giovanni,NNP,I-NP,B-PER,B-PER,0.3481808006763458,B-PER,0.3481808006763458,B-MISC,0.16474922001361847,I-PER,0.14790385961532593
