0,1,2,3,predictions,confidence,pred_1,pred_1_confidence,pred_2,pred_2_confidence,pred_3,pred_3_confidence
Amor,NNP,B-NP,B-PER,I-PER,0.6340632438659668,B-PER,0.6340632438659668,I-PER,0.15321141481399536,B-LOC,0.04779864475131035
16-1,NNP,B-NP,O,O,0.9994732737541199,O,0.9994732737541199,I-MISC,0.00019612451433204114,I-ORG,0.00019083947699982673
Jose,NNP,I-NP,B-PER,B-PER,0.4721715748310089,B-PER,0.4721715748310089,I-PER,0.2048742175102234,B-LOC,0.10744716972112656
Amavisca,NNP,I-NP,I-PER,I-PER,0.46653151512145996,B-PER,0.46653151512145996,I-PER,0.20111072063446045,B-LOC,0.12646858394145966
14-1,NNP,I-NP,O,O,0.998894989490509,O,0.998894989490509,I-MISC,0.0003375389496795833,I-ORG,0.0002958400291390717
Roger,NNP,I-NP,B-PER,B-PER,0.5176995992660522,B-PER,0.5176995992660522,I-PER,0.299967885017395,B-LOC,0.107713982462883
Garcia,NNP,I-NP,I-PER,I-PER,0.40077725052833557,B-LOC,0.40077725052833557,B-PER,0.35297301411628723,I-PER,0.16940604150295258
