0,1,2,3,predictions,confidence,pred_1,pred_1_confidence,pred_2,pred_2_confidence,pred_3,pred_3_confidence
16-1,CD,B-NP,O,O,0.9994263648986816,O,0.9994263648986816,I-ORG,0.0003124260110780597,I-MISC,0.00019218715897295624
Manolo,NNP,I-NP,B-PER,B-PER,0.39632928371429443,B-PER,0.39632928371429443,B-ORG,0.21363194286823273,I-PER,0.14527671039104462
Sanchis,NNP,I-NP,I-PER,I-PER,0.2169199138879776,B-ORG,0.2169199138879776,B-PER,0.21152405440807343,I-ORG,0.13898047804832458
14-1,NNP,I-NP,O,O,0.9989187717437744,O,0.9989187717437744,I-ORG,0.0006149489781819284,I-MISC,0.000371731846826151
Gheorghe,NNP,I-NP,B-PER,B-ORG,0.3349408507347107,B-ORG,0.3349408507347107,B-PER,0.1520962119102478,I-ORG,0.14113889634609222
