0,1,2,3,predictions,confidence,pred_1,pred_1_confidence,pred_2,pred_2_confidence,pred_3,pred_3_confidence
Popescu,NN,B-NP,B-PER,O,0.21863174438476562,O,0.21863174438476562,B-PER,0.21610243618488312,B-ORG,0.14553594589233398
16-1,NNP,B-NP,O,O,0.9994694590568542,O,0.9994694590568542,I-ORG,0.00022544641979038715,I-MISC,0.0002066860324703157
Roberto,NNP,I-NP,B-PER,B-PER,0.42925265431404114,B-PER,0.42925265431404114,I-PER,0.22251252830028534,B-LOC,0.10964429378509521
Carlos,NNP,I-NP,I-PER,I-PER,0.47399434447288513,B-PER,0.47399434447288513,I-PER,0.19507721066474915,B-LOC,0.18506552278995514
16-1,NNP,I-NP,O,O,0.9994532465934753,O,0.9994532465934753,I-ORG,0.00026678352151066065,I-MISC,0.00021152208501007408
