0,1,2,3,predictions,confidence,pred_1,pred_1_confidence,pred_2,pred_2_confidence,pred_3,pred_3_confidence
JosepGuardiola,NN,B-NP,B-PER,I-PER,0.36108192801475525,B-PER,0.36108192801475525,B-ORG,0.1874682456254959,I-PER,0.14305265247821808
20-1,CD,B-NP,O,O,0.9999200105667114,O,0.9999200105667114,I-ORG,3.8905425753910094e-05,I-MISC,3.2455929613206536e-05
Fernando,NNP,I-NP,B-PER,B-PER,0.22349409759044647,B-LOC,0.22349409759044647,B-PER,0.19892200827598572,I-PER,0.17865602672100067
Hierro,NNP,I-NP,I-PER,I-PER,0.42901933193206787,B-PER,0.42901933193206787,I-PER,0.25317510962486267,B-ORG,0.15682342648506165
20-1,NNP,I-NP,O,O,0.9998862743377686,O,0.9998862743377686,I-ORG,5.1136634283466265e-05,I-MISC,3.874933463521302e-05
Ivan,NNP,I-NP,B-PER,B-LOC,0.42012929916381836,B-PER,0.42012929916381836,B-LOC,0.25568264722824097,I-PER,0.2324146032333374
de,NNP,I-NP,I-PER,O,0.8621165752410889,O,0.8621165752410889,I-LOC,0.034300319850444794,I-MISC,0.02916424535214901
