0,1,2,3,predictions,confidence,pred_1,pred_1_confidence,pred_2,pred_2_confidence,pred_3,pred_3_confidence
laPena,SYM,O,B-PER,O,0.9916540384292603,O,0.9916540384292603,I-ORG,0.0041426136158406734,I-MISC,0.002001409651711583
20-1,CD,B-NP,O,O,0.9999234676361084,O,0.9999234676361084,I-ORG,4.25339603680186e-05,I-MISC,3.0282231819001026e-05
Luis,NNP,B-NP,B-PER,B-PER,0.23827145993709564,B-PER,0.23827145993709564,B-ORG,0.1806100755929947,I-ORG,0.13249807059764862
Milla,NNP,I-NP,I-PER,I-PER,0.35131052136421204,B-PER,0.35131052136421204,B-ORG,0.17739570140838623,B-LOC,0.14231112599372864
25-1,NNP,I-NP,O,O,0.9998424053192139,O,0.9998424053192139,I-ORG,8.677937148604542e-05,I-MISC,6.418475095415488e-05
Luis,NNP,I-NP,B-PER,B-PER,0.243479922413826,B-PER,0.243479922413826,B-ORG,0.14362190663814545,I-ORG,0.13181714713573456
