0,1,2,3,predictions,confidence,pred_1,pred_1_confidence,pred_2,pred_2_confidence,pred_3,pred_3_confidence
Enrique,NNP,B-NP,B-PER,B-LOC,0.27971524000167847,B-PER,0.27971524000167847,B-ORG,0.15532782673835754,B-LOC,0.13059616088867188
33-1,NNP,B-NP,O,O,0.9999481439590454,O,0.9999481439590454,I-ORG,2.570055949036032e-05,I-MISC,2.1626174202538095e-05
Fernando,NNP,I-NP,B-PER,B-PER,0.26497551798820496,B-LOC,0.26497551798820496,B-PER,0.14731988310813904,I-PER,0.13296981155872345
Sanz,NNP,I-NP,I-PER,I-PER,0.26904746890068054,B-PER,0.26904746890068054,B-LOC,0.20324665307998657,B-ORG,0.1892264038324356
25-1,NNP,I-NP,O,O,0.9999027252197266,O,0.9999027252197266,I-ORG,5.243921259534545e-05,I-MISC,3.6878602259093896e-05
