0,1,2,3,predictions,confidence,pred_1,pred_1_confidence,pred_2,pred_2_confidence,pred_3,pred_3_confidence
AbelardoFernandez,NNS,B-NP,B-PER,I-PER,0.460788369178772,B-PER,0.460788369178772,B-ORG,0.1315813660621643,I-PER,0.12055501341819763
40-1,JJ,B-NP,O,O,0.9999555349349976,O,0.9999555349349976,I-MISC,2.209647573181428e-05,I-ORG,1.5718092981842346e-05
Carlos,NNP,I-NP,B-PER,B-PER,0.7166227102279663,B-PER,0.7166227102279663,I-PER,0.13986210525035858,B-LOC,0.09090355038642883
Secretario,NNP,I-NP,I-PER,I-PER,0.40709829330444336,B-PER,0.40709829330444336,O,0.19999687373638153,I-PER,0.10260897129774094
28-1,NNP,I-NP,O,O,0.9999607801437378,O,0.9999607801437378,I-MISC,2.2020796677679755e-05,I-ORG,9.888825843518134e-06
Sergi,NNP,I-NP,B-PER,B-PER,0.5894374847412109,B-PER,0.5894374847412109,I-PER,0.15682505071163177,B-LOC,0.14876332879066467
Barjuan,NNP,I-NP,I-PER,I-PER,0.41279521584510803,B-PER,0.41279521584510803,B-LOC,0.2565653324127197,I-PER,0.16903983056545258
