0,1,2,3,predictions,confidence,pred_1,pred_1_confidence,pred_2,pred_2_confidence,pred_3,pred_3_confidence
40-1,JJ,B-NP,O,O,0.9999302625656128,O,0.9999302625656128,I-ORG,3.1508549000136554e-05,I-MISC,2.851877798093483e-05
Rafael,NNP,I-NP,B-PER,B-PER,0.41290006041526794,B-PER,0.41290006041526794,B-LOC,0.20340947806835175,I-PER,0.19805650413036346
Alkorta,NNP,B-NP,I-PER,I-PER,0.28664833307266235,B-PER,0.28664833307266235,B-ORG,0.2770830988883972,B-LOC,0.15866808593273163
33-1,NNP,I-NP,O,O,0.9999345541000366,O,0.9999345541000366,I-ORG,3.692299287649803e-05,I-MISC,2.437374132568948e-05
Albert,NNP,I-NP,B-PER,B-PER,0.388915479183197,B-PER,0.388915479183197,I-PER,0.1797041893005371,B-ORG,0.17420192062854767
