0,1,2,3,predictions,confidence,pred_1,pred_1_confidence,pred_2,pred_2_confidence,pred_3,pred_3_confidence
Ferrer,NNP,B-NP,B-PER,O,0.36104267835617065,O,0.36104267835617065,B-ORG,0.25367242097854614,B-PER,0.13262677192687988
40-1,JJ,B-NP,O,O,0.9999370574951172,O,0.9999370574951172,I-ORG,3.598636612878181e-05,I-MISC,2.4043383746175095e-05
Chendo,NNP,I-NP,B-PER,B-PER,0.2357480227947235,B-ORG,0.2357480227947235,B-PER,0.20075422525405884,I-ORG,0.14453701674938202
Porlan,NNP,I-NP,I-PER,I-PER,0.2426915466785431,B-ORG,0.2426915466785431,B-PER,0.16100817918777466,B-MISC,0.15671797096729279
33-1,NNP,I-NP,O,O,0.9999027252197266,O,0.9999027252197266,I-ORG,5.600259828497656e-05,I-MISC,3.769623799598776e-05
Miguel,NNP,I-NP,B-PER,B-PER,0.24653279781341553,B-PER,0.24653279781341553,B-ORG,0.21498730778694153,I-ORG,0.14266426861286163
Nadal,NNP,I-NP,I-PER,I-PER,0.221247598528862,B-PER,0.221247598528862,B-LOC,0.19596083462238312,B-ORG,0.170456200838089
