0,1,2,3,predictions,confidence,pred_1,pred_1_confidence,pred_2,pred_2_confidence,pred_3,pred_3_confidence
SOCCER,NNP,B-NP,O,O,0.3487044870853424,B-ORG,0.3487044870853424,O,0.24588480591773987,B-LOC,0.13740186393260956
SHOWCASE-FANS,NNP,I-NP,O,B-LOC,0.41623252630233765,B-ORG,0.41623252630233765,B-LOC,0.20864666998386383,I-ORG,0.08675170689821243
FACE,NNP,I-NP,O,O,0.4720352292060852,B-ORG,0.4720352292060852,O,0.15075019001960754,I-MISC,0.09129422903060913
BREATHALYSER,NNP,I-NP,O,B-LOC,0.2260218858718872,B-ORG,0.2260218858718872,B-LOC,0.21970748901367188,O,0.15111543238162994
TESTS,NNS,I-NP,O,O,0.28335726261138916,B-ORG,0.28335726261138916,B-LOC,0.20249541103839874,O,0.1578240692615509
",",",",O,O,O,0.9993709921836853,O,0.9993709921836853,I-MISC,0.00030375306960195303,I-ORG,0.00026439016801305115
PAPER,NN,B-NP,O,B-LOC,0.3355620801448822,B-ORG,0.3355620801448822,O,0.1633560210466385,B-LOC,0.1444905549287796
SAYS,NNS,I-NP,O,O,0.3111732304096222,B-ORG,0.3111732304096222,O,0.2537257671356201,B-LOC,0.10235238820314407
.,.,O,O,O,0.9998389482498169,O,0.9998389482498169,I-MISC,8.040699322009459e-05,I-ORG,6.167570245452225e-05
