0,1,2,3,predictions,confidence,pred_1,pred_1_confidence,pred_2,pred_2_confidence,pred_3,pred_3_confidence
SOCCER,NN,B-NP,O,O,0.6670737266540527,O,0.6670737266540527,I-MISC,0.1045307070016861,B-MISC,0.10107535868883133
-,:,O,O,O,0.9996176958084106,O,0.9996176958084106,I-MISC,0.0002539455017540604,I-ORG,8.262073242804036e-05
SPANISH,NNP,B-NP,B-MISC,B-MISC,0.4522417187690735,B-MISC,0.4522417187690735,I-MISC,0.2009366899728775,O,0.15580633282661438
FIRST,NNP,I-NP,O,O,0.5146684646606445,O,0.5146684646606445,B-MISC,0.2235107123851776,I-MISC,0.17349103093147278
DIVISION,NNP,I-NP,O,O,0.5085504055023193,O,0.5085504055023193,B-MISC,0.35764700174331665,I-MISC,0.098846934735775
STANDINGS,NNP,I-NP,O,O,0.9872602224349976,O,0.9872602224349976,I-MISC,0.005161999259144068,B-MISC,0.004183989949524403
.,.,O,O,O,0.9999879598617554,O,0.9999879598617554,I-MISC,7.661109520995524e-06,I-ORG,2.7505420803208835e-06
