0,1,2,3,predictions,confidence,pred_1,pred_1_confidence,pred_2,pred_2_confidence,pred_3,pred_3_confidence
MADRID,NNP,B-NP,B-LOC,B-LOC,0.7087799906730652,B-LOC,0.7087799906730652,B-PER,0.165000781416893,B-ORG,0.03181888535618782
1996-12-06,CD,I-NP,O,O,0.9998518228530884,O,0.9998518228530884,I-ORG,6.748510350007564e-05,I-MISC,5.007229628972709e-05
Standings,NNS,B-NP,O,O,0.524734377861023,O,0.524734377861023,B-PER,0.12357346713542938,B-ORG,0.08894529193639755
in,IN,B-PP,O,O,0.9988411068916321,O,0.9988411068916321,I-MISC,0.0007228930480778217,I-ORG,0.00033411526237614453
the,DT,B-NP,O,O,0.9992647767066956,O,0.9992647767066956,I-MISC,0.00047582475235685706,I-ORG,0.00023708249500487
Spanish,JJ,I-NP,B-MISC,B-MISC,0.5126768350601196,B-MISC,0.5126768350601196,I-MISC,0.16418947279453278,I-ORG,0.1628401279449463
first,JJ,I-NP,O,O,0.9992015957832336,O,0.9992015957832336,I-ORG,0.000413593283155933,I-MISC,0.00035601219860836864
