0,1,2,3,predictions,confidence,pred_1,pred_1_confidence,pred_2,pred_2_confidence,pred_3,pred_3_confidence
against,IN,B-PP,O,O,0.9998657703399658,O,0.9998657703399658,I-ORG,6.025014954502694e-05,I-MISC,5.838531069457531e-05
",",",",O,O,O,0.9998098015785217,O,0.9998098015785217,I-MISC,0.00011360139615135267,I-ORG,5.0033526349579915e-05
points,VBZ,B-VP,O,O,0.9997788071632385,O,0.9997788071632385,I-MISC,0.00010014305007643998,I-ORG,7.4616058554966e-05
),),O,O,O,0.9999223947525024,O,0.9999223947525024,I-MISC,5.259841418592259e-05,I-ORG,1.162285843747668e-05
:,:,O,O,O,0.9996823072433472,O,0.9996823072433472,I-MISC,0.00019830231030937284,I-ORG,6.888021744089201e-05
