0,1,2,3,predictions,confidence,pred_1,pred_1_confidence,pred_2,pred_2_confidence,pred_3,pred_3_confidence
Real,JJ,B-NP,B-ORG,B-ORG,0.45784905552864075,B-ORG,0.45784905552864075,I-ORG,0.15027546882629395,B-PER,0.14334887266159058
Madrid,NNP,I-NP,I-ORG,I-ORG,0.627023458480835,B-ORG,0.627023458480835,I-ORG,0.16427743434906006,B-PER,0.06460059434175491
15,CD,I-NP,O,O,0.9995648264884949,O,0.9995648264884949,I-ORG,0.00034641666570678353,I-MISC,6.099189704400487e-05
10,CD,I-NP,O,O,0.999561607837677,O,0.999561607837677,I-ORG,0.00035980730899609625,I-MISC,5.246908767730929e-05
5,CD,I-NP,O,O,0.9997913241386414,O,0.9997913241386414,I-ORG,0.0001698609412414953,I-MISC,2.4978504370665178e-05
0,CD,I-NP,O,O,0.9999779462814331,O,0.9999779462814331,I-ORG,1.3159655281924643e-05,I-MISC,7.71584836911643e-06
31,CD,I-NP,O,O,0.999962568283081,O,0.999962568283081,I-MISC,2.770174978650175e-05,I-ORG,8.517961759935133e-06
12,CD,I-NP,O,O,0.9999533891677856,O,0.9999533891677856,I-MISC,2.892918564612046e-05,I-ORG,1.5311954484786838e-05
35,CD,I-NP,O,O,0.9999575614929199,O,0.9999575614929199,I-MISC,2.8563079467858188e-05,I-ORG,9.476344530412462e-06
