0,1,2,3,predictions,confidence,pred_1,pred_1_confidence,pred_2,pred_2_confidence,pred_3,pred_3_confidence
Barcelona,NNP,B-NP,B-ORG,B-ORG,0.8800238966941833,B-ORG,0.8800238966941833,I-ORG,0.07944115996360779,B-PER,0.01024133712053299
15,CD,I-NP,O,O,0.9994101524353027,O,0.9994101524353027,I-ORG,0.0004924439126625657,B-ORG,5.240073369350284e-05
10,CD,I-NP,O,O,0.9994890689849854,O,0.9994890689849854,I-ORG,0.00043644270044751465,B-ORG,3.761253537959419e-05
4,CD,I-NP,O,O,0.9999586343765259,O,0.9999586343765259,I-ORG,3.262382961111143e-05,I-MISC,5.283684004098177e-06
1,CD,I-NP,O,O,0.9999068975448608,O,0.9999068975448608,I-ORG,4.4876800529891625e-05,I-MISC,3.7491430703084916e-05
46,CD,I-NP,O,O,0.9999659061431885,O,0.9999659061431885,I-MISC,2.4635308363940567e-05,I-ORG,8.282938324555289e-06
19,CD,I-NP,O,O,0.9994701743125916,O,0.9994701743125916,I-MISC,0.000284736102912575,I-ORG,0.00018558565352577716
34,CD,I-NP,O,O,0.999945878982544,O,0.999945878982544,I-MISC,3.200261198799126e-05,I-ORG,1.9801031157840043e-05
