0,1,2,3,predictions,confidence,pred_1,pred_1_confidence,pred_2,pred_2_confidence,pred_3,pred_3_confidence
Atletico,NNP,B-NP,B-ORG,B-ORG,0.6991242170333862,B-ORG,0.6991242170333862,I-ORG,0.18513084948062897,O,0.04737044498324394
Madrid,NNP,B-NP,I-ORG,I-ORG,0.8004153966903687,B-ORG,0.8004153966903687,I-ORG,0.15136754512786865,O,0.012799881398677826
15,CD,I-NP,O,O,0.999115526676178,O,0.999115526676178,I-ORG,0.0007552287424914539,B-ORG,7.250338239828125e-05
8,CD,I-NP,O,O,0.9968448877334595,O,0.9968448877334595,I-ORG,0.0025982249062508345,B-ORG,0.0003610159910749644
3,CD,I-NP,O,O,0.9998466968536377,O,0.9998466968536377,I-ORG,0.0001259239506907761,I-MISC,1.5099269148777239e-05
4,CD,I-NP,O,O,0.9999717473983765,O,0.9999717473983765,I-ORG,1.9686984160216525e-05,I-MISC,6.852346814412158e-06
26,CD,B-NP,O,O,0.9999871253967285,O,0.9999871253967285,I-MISC,7.097778961906442e-06,I-ORG,5.618865543510765e-06
17,CD,I-NP,O,O,0.9997567534446716,O,0.9997567534446716,I-ORG,0.00013162071991246194,I-MISC,0.00010344141628593206
27,CD,I-NP,O,O,0.9999885559082031,O,0.9999885559082031,I-ORG,6.20304081166978e-06,I-MISC,5.083297310193302e-06
