0,1,2,3,predictions,confidence,pred_1,pred_1_confidence,pred_2,pred_2_confidence,pred_3,pred_3_confidence
Athletic,NNP,B-NP,B-ORG,B-ORG,0.7380686402320862,B-ORG,0.7380686402320862,I-ORG,0.15830636024475098,B-MISC,0.021773388609290123
Bilbao,NNP,I-NP,I-ORG,I-ORG,0.8371378779411316,B-ORG,0.8371378779411316,I-ORG,0.12261373549699783,B-MISC,0.009466191753745079
15,CD,I-NP,O,O,0.9988903403282166,O,0.9988903403282166,I-ORG,0.00094937055837363,B-ORG,9.37756776693277e-05
7,CD,I-NP,O,O,0.9983915686607361,O,0.9983915686607361,I-ORG,0.001393937855027616,B-ORG,0.0001283947058254853
4,CD,I-NP,O,O,0.9998927116394043,O,0.9998927116394043,I-ORG,8.848374272929505e-05,I-MISC,9.403845069755334e-06
4,CD,I-NP,O,O,0.9999661445617676,O,0.9999661445617676,I-ORG,2.409798435110133e-05,I-MISC,7.631642802152783e-06
28,CD,I-NP,O,O,0.9999583959579468,O,0.9999583959579468,I-ORG,2.1183001081226394e-05,I-MISC,1.9644243366201408e-05
22,CD,I-NP,O,O,0.999996542930603,O,0.999996542930603,I-MISC,1.7806132746045478e-06,I-ORG,1.65118569839251e-06
25,CD,I-NP,O,O,0.999974250793457,O,0.999974250793457,I-MISC,1.5756853827042505e-05,I-ORG,9.126762051892001e-06
