0,1,2,3,predictions,confidence,pred_1,pred_1_confidence,pred_2,pred_2_confidence,pred_3,pred_3_confidence
Tenerife,NNP,B-NP,B-ORG,O,0.5925130844116211,B-ORG,0.5925130844116211,O,0.21514569222927094,I-ORG,0.16906285285949707
15,CD,I-NP,O,O,0.9993646740913391,O,0.9993646740913391,I-ORG,0.0005332753644324839,B-ORG,5.890557440579869e-05
5,CD,I-NP,O,O,0.9996768236160278,O,0.9996768236160278,I-ORG,0.00026815879391506314,B-ORG,3.2402855140389875e-05
4,CD,I-NP,O,O,0.9999566078186035,O,0.9999566078186035,I-ORG,3.392156577319838e-05,I-MISC,5.519295882550068e-06
6,CD,I-NP,O,O,0.9998810291290283,O,0.9998810291290283,I-ORG,8.260073809651658e-05,I-MISC,3.091477992711589e-05
23,CD,I-NP,O,O,0.9999929666519165,O,0.9999929666519165,I-MISC,3.527650051182718e-06,I-ORG,3.3262087981711375e-06
17,CD,I-NP,O,O,0.999107301235199,O,0.999107301235199,I-MISC,0.000469318067189306,I-ORG,0.000384804472560063
19,CD,I-NP,O,O,0.9980944991111755,O,0.9980944991111755,I-MISC,0.0009345042053610086,I-ORG,0.000832588120829314
