0,1,2,3,predictions,confidence,pred_1,pred_1_confidence,pred_2,pred_2_confidence,pred_3,pred_3_confidence
Sporting,NNP,B-NP,B-ORG,B-ORG,0.6345075964927673,B-ORG,0.6345075964927673,O,0.17404472827911377,I-ORG,0.16575391590595245
Gijon,NNP,I-NP,O,I-ORG,0.8672686219215393,B-ORG,0.8672686219215393,I-ORG,0.11254889518022537,I-MISC,0.005362034775316715
15,CD,I-NP,O,O,0.9988586902618408,O,0.9988586902618408,I-ORG,0.000986019498668611,B-ORG,0.00010432378621771932
4,CD,I-NP,O,O,0.9999054670333862,O,0.9999054670333862,I-ORG,7.723781163804233e-05,B-ORG,1.0484680387889966e-05
4,CD,I-NP,O,O,0.9999555349349976,O,0.9999555349349976,I-ORG,3.4404132748022676e-05,I-MISC,5.840293852088507e-06
7,CD,I-NP,O,O,0.9998385906219482,O,0.9998385906219482,I-ORG,0.00011450683086877689,I-MISC,3.871250737574883e-05
15,CD,I-NP,O,O,0.999919056892395,O,0.999919056892395,I-ORG,5.673216946888715e-05,I-MISC,2.0978635802748613e-05
22,CD,I-NP,O,O,0.9999961853027344,O,0.9999961853027344,I-ORG,2.3827865334169473e-06,I-MISC,1.3413098258752143e-06
16,CD,I-NP,O,O,0.9996032118797302,O,0.9996032118797302,I-ORG,0.00019796144624706358,I-MISC,0.0001843337231548503
