0,1,2,3,predictions,confidence,pred_1,pred_1_confidence,pred_2,pred_2_confidence,pred_3,pred_3_confidence
Zaragoza,NNP,B-NP,B-ORG,B-ORG,0.9010047316551208,B-ORG,0.9010047316551208,I-ORG,0.06405118852853775,B-LOC,0.01168532483279705
15,CD,I-NP,O,O,0.9993910789489746,O,0.9993910789489746,I-ORG,0.0005137744010426104,B-ORG,5.772447548224591e-05
2,CD,I-NP,O,O,0.9998970031738281,O,0.9998970031738281,I-ORG,8.199638250516728e-05,B-ORG,1.077167962648673e-05
8,CD,I-NP,O,O,0.9992096424102783,O,0.9992096424102783,I-ORG,0.0005905479192733765,I-MISC,0.00014035373169463128
5,CD,I-NP,O,O,0.9999436140060425,O,0.9999436140060425,I-ORG,3.1821673474041745e-05,I-MISC,2.2133943275548518e-05
18,CD,I-NP,O,O,0.9999260902404785,O,0.9999260902404785,I-MISC,4.4857675675302744e-05,I-ORG,2.6349023755756207e-05
23,CD,I-NP,O,O,0.9999926090240479,O,0.9999926090240479,I-ORG,5.3826452131033875e-06,I-MISC,1.9075318959949072e-06
14,CD,I-NP,O,O,0.9998161196708679,O,0.9998161196708679,I-ORG,0.00010698191181290895,I-MISC,7.18930023140274e-05
