0,1,2,3,predictions,confidence,pred_1,pred_1_confidence,pred_2,pred_2_confidence,pred_3,pred_3_confidence
Sevilla,NNP,B-NP,B-ORG,B-ORG,0.8691717982292175,B-ORG,0.8691717982292175,I-ORG,0.11456675827503204,O,0.005800061393529177
15,CD,I-NP,O,O,0.9990379810333252,O,0.9990379810333252,I-ORG,0.0008182048914022744,B-ORG,0.00010454610310262069
4,CD,I-NP,O,O,0.9999030828475952,O,0.9999030828475952,I-ORG,7.879074837546796e-05,B-ORG,1.2071275705238804e-05
2,CD,I-NP,O,O,0.9998829364776611,O,0.9998829364776611,I-ORG,9.376364323543385e-05,B-ORG,1.2492391761043109e-05
9,CD,I-NP,O,O,0.9960569143295288,O,0.9960569143295288,I-ORG,0.002119300188496709,B-ORG,0.0014140150742605329
13,CD,I-NP,O,O,0.9999213218688965,O,0.9999213218688965,I-ORG,6.179954652907327e-05,I-MISC,1.3357646821532398e-05
20,CD,I-NP,O,O,0.9999748468399048,O,0.9999748468399048,I-ORG,1.837536910898052e-05,I-MISC,6.238212336029392e-06
14,CD,I-NP,O,O,0.9999150037765503,O,0.9999150037765503,I-ORG,4.612665361491963e-05,I-MISC,3.6406701838131994e-05
