0,1,2,3,predictions,confidence,pred_1,pred_1_confidence,pred_2,pred_2_confidence,pred_3,pred_3_confidence
Compostela,RB,B-NP,B-ORG,B-ORG,0.8823924660682678,B-ORG,0.8823924660682678,I-ORG,0.10268276929855347,O,0.0075154961086809635
15,CD,I-NP,O,O,0.9991637468338013,O,0.9991637468338013,I-ORG,0.0007093301392160356,B-ORG,8.682018233230338e-05
3,CD,I-NP,O,O,0.9998536109924316,O,0.9998536109924316,I-ORG,0.00012015509855700657,B-ORG,1.6745199900469743e-05
4,CD,I-NP,O,O,0.9999445676803589,O,0.9999445676803589,I-ORG,4.4319738663034514e-05,I-MISC,5.564480488828849e-06
8,CD,I-NP,O,O,0.9994300007820129,O,0.9994300007820129,I-ORG,0.00043475901475176215,I-MISC,8.694599091541022e-05
13,CD,I-NP,O,O,0.9999587535858154,O,0.9999587535858154,I-ORG,2.7809506718767807e-05,I-MISC,1.2067779607605189e-05
28,CD,I-NP,O,O,0.9999279975891113,O,0.9999279975891113,I-ORG,4.436192466528155e-05,I-MISC,2.6461613742867485e-05
13,CD,I-NP,O,O,0.9999489784240723,O,0.9999489784240723,I-ORG,2.5593672035029158e-05,I-MISC,2.4074210159596987e-05
