0,1,2,3,predictions,confidence,pred_1,pred_1_confidence,pred_2,pred_2_confidence,pred_3,pred_3_confidence
 ,O,O,<UNK>,<UNK>,0.9996968507766724,<UNK>,0.9996968507766724,<PAD>,0.00022643145348411053,B-MISC,2.5676414225017652e-05
I,PRP,B-NP,O,O,0.9978587031364441,O,0.9978587031364441,B-MISC,0.0010194876231253147,I-MISC,0.0007518155034631491
do,VBP,B-VP,O,O,0.9999204874038696,O,0.9999204874038696,I-MISC,5.9374367992859334e-05,I-ORG,1.1526328307809308e-05
n't,RB,I-VP,O,O,0.9999611377716064,O,0.9999611377716064,I-MISC,2.9973807613714598e-05,I-ORG,7.211414413177408e-06
believe,VB,I-VP,O,O,0.9999669790267944,O,0.9999669790267944,I-ORG,2.064079490082804e-05,I-MISC,1.1501247172418516e-05
it,PRP,B-NP,O,O,0.9999525547027588,O,0.9999525547027588,I-MISC,2.316655809408985e-05,I-ORG,2.2888099920237437e-05
...,:,O,O,O,0.9999970197677612,O,0.9999970197677612,I-MISC,2.0320671865192708e-06,I-ORG,9.603979833627818e-07
