0,1,2,3,predictions,confidence,pred_1,pred_1_confidence,pred_2,pred_2_confidence,pred_3,pred_3_confidence
GUNMEN,NNP,B-NP,O,B-LOC,0.2715747356414795,B-ORG,0.2715747356414795,B-LOC,0.26106923818588257,B-MISC,0.14739392697811127
WOUND,NNP,I-NP,O,O,0.23047809302806854,B-ORG,0.23047809302806854,O,0.19747255742549896,B-LOC,0.1602427065372467
TWO,CD,I-NP,O,O,0.21377216279506683,O,0.21377216279506683,B-MISC,0.20210139453411102,B-ORG,0.14229334890842438
MANCHESTER,NNP,I-NP,B-ORG,O,0.25960493087768555,B-LOC,0.25960493087768555,O,0.1829853504896164,B-PER,0.1504378467798233
UNITED,NNP,I-NP,I-ORG,B-LOC,0.5892418026924133,B-LOC,0.5892418026924133,I-MISC,0.09050066769123077,B-PER,0.08589844405651093
FANS,NNP,I-NP,O,O,0.33176857233047485,O,0.33176857233047485,B-MISC,0.22613270580768585,I-MISC,0.19648973643779755
IN,IN,B-PP,O,O,0.9318256974220276,O,0.9318256974220276,B-MISC,0.023919664323329926,I-MISC,0.016269626095891
AUSTRIA,NNP,B-NP,B-LOC,B-LOC,0.7258422374725342,B-LOC,0.7258422374725342,B-PER,0.14128921926021576,B-ORG,0.02633105404675007
.,.,O,O,O,0.9999481439590454,O,0.9999481439590454,I-MISC,2.950168891402427e-05,I-ORG,1.6074031009338796e-05
