0,1,2,3,predictions,confidence,pred_1,pred_1_confidence,pred_2,pred_2_confidence,pred_3,pred_3_confidence
Police,NNS,B-NP,O,O,0.9665289521217346,O,0.9665289521217346,B-ORG,0.014358663000166416,I-ORG,0.008323326706886292
said,VBD,B-VP,O,O,0.9993529915809631,O,0.9993529915809631,I-MISC,0.0003464159381110221,I-ORG,0.0002664575004018843
their,PRP$,B-NP,O,O,0.9998970031738281,O,0.9998970031738281,I-MISC,5.2306051657069474e-05,I-ORG,4.6664114051964134e-05
lives,NNS,I-NP,O,O,0.9996275901794434,O,0.9996275901794434,I-MISC,0.00019543162488844246,I-ORG,0.00015502596215810627
were,VBD,B-VP,O,O,0.9999572038650513,O,0.9999572038650513,I-MISC,2.5644065317464992e-05,I-ORG,1.445156794943614e-05
not,RB,O,O,O,0.9993928670883179,O,0.9993928670883179,I-MISC,0.0003182084474246949,I-ORG,0.00022249558242037892
in,IN,B-PP,O,O,0.9979832172393799,O,0.9979832172393799,I-MISC,0.0011796456528827548,I-ORG,0.0007153063779696822
danger,NN,B-NP,O,O,0.9901526570320129,O,0.9901526570320129,I-ORG,0.004838922992348671,I-MISC,0.0038413514848798513
.,.,O,O,O,0.9994564652442932,O,0.9994564652442932,I-MISC,0.00030290280119515955,I-ORG,0.00021011900389567018
