0,1,2,3,predictions,confidence,pred_1,pred_1_confidence,pred_2,pred_2_confidence,pred_3,pred_3_confidence
Manchester,NNP,B-NP,B-ORG,B-ORG,0.639992356300354,B-ORG,0.639992356300354,I-ORG,0.19132287800312042,O,0.0521002896130085
United,NNP,I-NP,I-ORG,I-ORG,0.25538915395736694,B-ORG,0.25538915395736694,I-ORG,0.1852511763572693,B-LOC,0.1360497623682022
won,VBD,B-VP,O,O,0.9992127418518066,O,0.9992127418518066,I-MISC,0.00039383559487760067,I-ORG,0.00034146857797168195
2-0,CD,B-NP,O,O,0.9997571110725403,O,0.9997571110725403,I-MISC,0.00013230009062681347,I-ORG,9.987410885514691e-05
.,.,O,O,O,0.9996733665466309,O,0.9996733665466309,I-MISC,0.0001764963089954108,I-ORG,0.00012459490972105414
