0,1,2,3,predictions,confidence,pred_1,pred_1_confidence,pred_2,pred_2_confidence,pred_3,pred_3_confidence
SOCCER,NN,B-NP,O,O,0.6076673865318298,O,0.6076673865318298,B-ORG,0.14563216269016266,I-MISC,0.10168931633234024
-,:,O,O,O,0.9995421171188354,O,0.9995421171188354,I-MISC,0.0002652629045769572,I-ORG,0.00014700302563142031
ITALIAN,NNP,B-NP,B-MISC,B-MISC,0.43287158012390137,B-MISC,0.43287158012390137,B-ORG,0.22068116068840027,O,0.12590311467647552
FIRST,NNP,I-NP,O,O,0.7927432656288147,O,0.7927432656288147,B-MISC,0.07068634033203125,I-MISC,0.06167135015130043
DIVISION,NNP,I-NP,O,O,0.6689363718032837,O,0.6689363718032837,B-MISC,0.14872589707374573,I-MISC,0.06311731040477753
MATCHES,NNP,I-NP,O,O,0.6402997374534607,O,0.6402997374534607,B-ORG,0.1268167793750763,B-LOC,0.059415314346551895
THIS,NNP,I-NP,O,O,0.5590364336967468,O,0.5590364336967468,B-ORG,0.19718362390995026,I-MISC,0.07133571803569794
WEEKEND,NNP,I-NP,O,B-LOC,0.23184841871261597,O,0.23184841871261597,B-ORG,0.2066752016544342,B-LOC,0.18984144926071167
.,.,O,O,O,0.9999189376831055,O,0.9999189376831055,I-MISC,4.787223588209599e-05,I-ORG,2.5321287466795184e-05
