0,1,2,3,predictions,confidence,pred_1,pred_1_confidence,pred_2,pred_2_confidence,pred_3,pred_3_confidence
Can,MD,O,O,B-ORG,0.7254605889320374,B-ORG,0.7254605889320374,I-ORG,0.1670619249343872,O,0.03585352748632431
Milan,NNP,B-NP,B-ORG,I-ORG,0.7349750995635986,B-ORG,0.7349750995635986,I-ORG,0.19289815425872803,B-MISC,0.03574473410844803
sink,NN,I-NP,O,O,0.9995597004890442,O,0.9995597004890442,I-ORG,0.00028547478723339736,I-MISC,0.00013430279796011746
any,RB,B-ADVP,O,O,0.9999521970748901,O,0.9999521970748901,I-MISC,2.642916479089763e-05,I-ORG,2.0233374016243033e-05
further,RB,I-ADVP,O,O,0.9999632835388184,O,0.9999632835388184,I-MISC,1.8417209503240883e-05,I-ORG,1.4134127013676334e-05
?,.,O,O,O,0.9991029500961304,O,0.9991029500961304,I-MISC,0.00043063241173513234,I-ORG,0.00032203702721744776
